state,st_abbr,countyname,pollutant,revoked_naaqs,area_name,split,yr1992,yr1993,yr1994,yr1995,yr1996,yr1997,yr1998,yr1999,yr2000,yr2001,yr2002,yr2003,yr2004,yr2005,yr2006,yr2007,yr2008,yr2009,yr2010,yr2011,yr2012,yr2013,yr2014,yr2015,yr2016,yr2017,yr2018,yr2019,yr2020,yr2021,yr2022,yr2023,yr2024,yr2025,yr2026,effec_rede,nonattain,class,part,population,fips_state,fips_cnty,pollorder,composid,exportdt
ALABAMA,AL,Colbert County,Sulfur Dioxide (1971),,"Colbert County (part); TVA Colbert Plant, AL",FALSE,92,,,,,,,,,,,,,,,,,,,,,,,,,,,,,,,,,,,3/15/1993,,Secondary,P,54429,01,033,C,SO2.1978.Colbert_Co,2/28/2026
ALABAMA,AL,Jackson County,PM-2.5 (1997),,"Chattanooga, TN-GA-AL",FALSE,,,,,,,,,,,,,,05,06,07,08,09,10,11,12,13,,,,,,,,,,,,,,12/22/2014,,Moderate,P,1760,01,071,e,PM-2.5.1997.Chattanooga,2/28/2026
ALABAMA,AL,Jefferson County,1-Hour Ozone (1979),Revoked,"Birmingham, AL",FALSE,92,93,94,95,96,97,98,99,00,01,02,03,,,,,,,,,,,,,,,,,,,,,,,,4/12/2004,,Marginal,W,658466,01,073,G,Ozone_1-hr.1990.Birmingham,2/28/2026
ALABAMA,AL,Jefferson County,8-Hour Ozone (1997),Revoked,"Birmingham, AL",FALSE,,,,,,,,,,,,,04,05,,,,,,,,,,,,,,,,,,,,,,6/12/2006,,Former Subpart 1,W,658466,01,073,g,Ozone_8-hr.1997.Birmingham,2/28/2026
ALABAMA,AL,Jefferson County,Lead (1978),,"Jefferson County, AL",FALSE,92,93,94,,,,,,,,,,,,,,,,,,,,,,,,,,,,,,,,,3/7/1995,,,P,658472,01,073,A,Lead.1992.Birmingham,2/28/2026
ALABAMA,AL,Jefferson County,PM-2.5 (1997),,"Birmingham, AL",FALSE,,,,,,,,,,,,,,05,06,07,08,09,10,11,12,,,,,,,,,,,,,,,2/21/2013,,Former Subpart 1,W,658466,01,073,g,PM-2.5.1997.Birmingham,2/28/2026
ALABAMA,AL,Jefferson County,PM-2.5 (2006),,"Birmingham, AL",FALSE,,,,,,,,,,,,,,,,,,09,10,11,12,,,,,,,,,,,,,,,2/25/2013,,Former Subpart 1,W,658466,01,073,g,PM-2.5.2006.Birmingham,2/28/2026
ALABAMA,AL,Lauderdale County,Sulfur Dioxide (1971),,"Lauderdale County (part); TVA Colbert Plant, AL",FALSE,92,,,,,,,,,,,,,,,,,,,,,,,,,,,,,,,,,,,3/15/1993,,Secondary,P,92707,01,077,C,SO2.1978.Lauderdale_Co,2/28/2026
ALABAMA,AL,Pike County,Lead (2008),,"Troy, AL",FALSE,,,,,,,,,,,,,,,,,,,10,11,12,13,14,15,16,17,,,,,,,,,,7/20/2018,,,P,2275,01,109,A,Lead.2008.Troy,2/28/2026
ALABAMA,AL,Shelby County,1-Hour Ozone (1979),Revoked,"Birmingham, AL",FALSE,92,93,94,95,96,97,98,99,00,01,02,03,,,,,,,,,,,,,,,,,,,,,,,,4/12/2004,,Marginal,W,195085,01,117,G,Ozone_1-hr.1990.Birmingham,2/28/2026
ALABAMA,AL,Shelby County,8-Hour Ozone (1997),Revoked,"Birmingham, AL",FALSE,,,,,,,,,,,,,04,05,,,,,,,,,,,,,,,,,,,,,,6/12/2006,,Former Subpart 1,W,195085,01,117,g,Ozone_8-hr.1997.Birmingham,2/28/2026
ALABAMA,AL,Shelby County,PM-2.5 (1997),,"Birmingham, AL",FALSE,,,,,,,,,,,,,,05,06,07,08,09,10,11,12,,,,,,,,,,,,,,,2/21/2013,,Former Subpart 1,W,195085,01,117,g,PM-2.5.1997.Birmingham,2/28/2026
ALABAMA,AL,Shelby County,PM-2.5 (2006),,"Birmingham, AL",FALSE,,,,,,,,,,,,,,,,,,09,10,11,12,,,,,,,,,,,,,,,2/25/2013,,Former Subpart 1,W,195085,01,117,g,PM-2.5.2006.Birmingham,2/28/2026
ALABAMA,AL,Walker County,PM-2.5 (1997),,"Birmingham, AL",FALSE,,,,,,,,,,,,,,05,06,07,08,09,10,11,12,,,,,,,,,,,,,,,2/21/2013,,Former Subpart 1,P,4129,01,127,g,PM-2.5.1997.Birmingham,2/28/2026
ALABAMA,AL,Walker County,PM-2.5 (2006),,"Birmingham, AL",FALSE,,,,,,,,,,,,,,,,,,09,10,11,12,,,,,,,,,,,,,,,2/25/2013,,Former Subpart 1,P,4129,01,127,g,PM-2.5.2006.Birmingham,2/28/2026
ALASKA,AK,Anchorage Municipality,Carbon Monoxide (1971),,"Anchorage, AK",FALSE,92,93,94,95,96,97,98,99,00,01,02,03,,,,,,,,,,,,,,,,,,,,,,,,7/23/2004,,Serious,P,286227,02,020,A,CO.1990.Anchorage,2/28/2026
ALASKA,AK,Anchorage Municipality,PM-10 (1987),,"Anchorage; Eagle River, AK",FALSE,92,93,94,95,96,97,98,99,00,01,02,03,04,05,06,07,08,09,10,11,12,,,,,,,,,,,,,,,3/8/2013,,Moderate,P,219193,02,020,B,PM-10.1990.Anchorage,2/28/2026
ALASKA,AK,Fairbanks North Star Borough,Carbon Monoxide (1971),,"Fairbanks, AK",FALSE,92,93,94,95,96,97,98,99,00,01,02,03,,,,,,,,,,,,,,,,,,,,,,,,9/27/2004,,Serious,P,46211,02,090,A,CO.1990.Fairbanks,2/28/2026
ALASKA,AK,Fairbanks North Star Borough,PM-2.5 (2006),,"Fairbanks, AK",FALSE,,,,,,,,,,,,,,,,,,09,10,11,12,13,14,15,16,17,18,19,20,21,22,23,24,25,26,  -   -,Yes,Serious,P,87456,02,090,d,PM-2.5.2006.Fairbanks,2/28/2026
ALASKA,AK,Juneau City and Borough,PM-10 (1987),,"Juneau; Mendenhall Valley area, AK",FALSE,92,93,94,95,96,97,98,99,00,01,02,03,04,05,06,07,08,09,10,11,12,,,,,,,,,,,,,,,7/8/2013,,Moderate,P,14030,02,110,B,PM-10.1990.Juneau,2/28/2026
ARIZONA,AZ,Cochise County,PM-10 (1987),,"Cochise County; Paul Spur/Douglas planning area, AZ",FALSE,92,93,94,95,96,97,98,99,00,01,02,03,04,05,06,07,08,09,10,11,12,13,14,15,16,17,18,19,20,21,22,23,24,25,26,  -   -,Yes,Moderate,P,17495,04,003,B,PM-10.1990.Douglas,2/28/2026
ARIZONA,AZ,Cochise County,Sulfur Dioxide (1971),,"Douglas (Cochise County), AZ",FALSE,92,93,94,95,96,97,98,99,00,01,02,03,04,05,,,,,,,,,,,,,,,,,,,,,,5/1/2006,,Primary,P,17495,04,003,A,SO2.1978.Douglas,2/28/2026
ARIZONA,AZ,Gila County,8-Hour Ozone (2015),,"Phoenix-Mesa, AZ",FALSE,,,,,,,,,,,,,,,,,,,,,,,,,,,18,19,20,21,22,23,24,25,26,  -   -,Yes,Moderate,P,56,04,007,e,Ozone_8-hr.2015.Phoenix,2/28/2026
ARIZONA,AZ,Gila County,Lead (2008),,"Hayden, AZ",FALSE,,,,,,,,,,,,,,,,,,,,,,,14,15,16,17,18,19,20,21,22,23,24,25,26,  -   -,Yes,,P,1284,04,007,A,Lead.2008.Hayden,2/28/2026
ARIZONA,AZ,Gila County,PM-10 (1987),,"Gila County (part): Payson, AZ",FALSE,,,94,95,96,97,98,99,00,01,,,,,,,,,,,,,,,,,,,,,,,,,,8/26/2002,,Moderate,P,5333,04,007,B,PM-10.1990.Payson,2/28/2026
ARIZONA,AZ,Gila County,PM-10 (1987),,"Hayden, AZ",FALSE,92,93,94,95,96,97,98,99,00,01,02,03,04,05,06,07,08,09,10,11,12,13,14,15,16,17,18,19,20,21,22,23,24,25,26,  -   -,Yes,Moderate,P,1587,04,007,B,PM-10.1990.Hayden,2/28/2026
ARIZONA,AZ,Gila County,PM-10 (1987),,"Miami, AZ",FALSE,92,93,94,95,96,97,98,99,00,01,02,03,04,05,06,07,08,09,10,11,12,13,14,15,16,17,18,19,20,21,22,23,24,25,26,  -   -,Yes,Moderate,P,15218,04,007,B,PM-10.1990.Miami,2/28/2026
ARIZONA,AZ,Gila County,Sulfur Dioxide (1971),,"Miami (Gila County), AZ",FALSE,92,93,94,95,96,97,98,99,00,01,02,03,04,05,06,,,,,,,,,,,,,,,,,,,,,3/26/2007,,Primary,P,1514,04,007,A,SO2.1978.Miami,2/28/2026
ARIZONA,AZ,Gila County,Sulfur Dioxide (2010),,"Hayden, AZ",FALSE,,,,,,,,,,,,,,,,,,,,,,13,14,15,16,17,18,19,20,21,22,23,24,25,26,  -   -,Yes,,P,1284,04,007,A,SO2.2010.Hayden,2/28/2026
ARIZONA,AZ,Gila County,Sulfur Dioxide (2010),,"Miami, AZ",FALSE,,,,,,,,,,,,,,,,,,,,,,13,14,15,16,17,18,19,20,21,22,23,24,25,26,  -   -,Yes,,P,14995,04,007,A,SO2.2010.Miami,2/28/2026
ARIZONA,AZ,Greenlee County,Sulfur Dioxide (1971),,"Morenci (Greenlee County), AZ",FALSE,92,93,94,95,96,97,98,99,00,01,02,03,,,,,,,,,,,,,,,,,,,,,,,,6/25/2004,,Primary,P,8437,04,011,A,SO2.1978.Morenci,2/28/2026
ARIZONA,AZ,Maricopa County,1-Hour Ozone (1979),Revoked,"Phoenix, AZ",FALSE,92,93,94,95,96,97,98,99,00,01,02,03,04,,,,,,,,,,,,,,,,,,,,,,,6/14/2005,,Serious,P,3763324,04,013,D,Ozone_1-hr.1990.Phoenix,2/28/2026
ARIZONA,AZ,Maricopa County,8-Hour Ozone (1997),Revoked,"Phoenix-Mesa, AZ",FALSE,,,,,,,,,,,,,04,05,06,07,08,09,10,11,12,13,,,,,,,,,,,,,,10/17/2014,,Marginal,P,3801700,04,013,f,Ozone_8-hr.1997.Phoenix,2/28/2026
ARIZONA,AZ,Maricopa County,8-Hour Ozone (2008),,"Phoenix-Mesa, AZ",FALSE,,,,,,,,,,,,,,,,,,,,,12,13,14,15,16,17,18,19,20,21,22,23,24,25,26,  -   -,Yes,Moderate,P,3802415,04,013,e,Ozone_8-hr.2008.Phoenix,2/28/2026
ARIZONA,AZ,Maricopa County,8-Hour Ozone (2015),,"Phoenix-Mesa, AZ",FALSE,,,,,,,,,,,,,,,,,,,,,,,,,,,18,19,20,21,22,23,24,25,26,  -   -,Yes,Moderate,P,3802075,04,013,e,Ozone_8-hr.2015.Phoenix,2/28/2026
ARIZONA,AZ,Maricopa County,Carbon Monoxide (1971),,"Phoenix, AZ",FALSE,92,93,94,95,96,97,98,99,00,01,02,03,04,,,,,,,,,,,,,,,,,,,,,,,4/8/2005,,Serious,P,3763324,04,013,A,CO.1990.Phoenix,2/28/2026
ARIZONA,AZ,Maricopa County,PM-10 (1987),,"Maricopa and Pinal Counties; Phoenix planning area, AZ",FALSE,92,93,94,95,96,97,98,99,00,01,02,03,04,05,06,07,08,09,10,11,12,13,14,15,16,17,18,19,20,21,22,23,24,25,26,  -   -,Yes,Serious,P,3817145,04,013,A,PM-10.1990.Phoenix,2/28/2026
ARIZONA,AZ,Mohave County,PM-10 (1987),,"Mohave County (part); Bullhead City, AZ",FALSE,,,94,95,96,97,98,99,00,01,,,,,,,,,,,,,,,,,,,,,,,,,,8/26/2002,,Moderate,P,10710,04,015,B,PM-10.1990.Bullhead_City,2/28/2026
ARIZONA,AZ,Pima County,Carbon Monoxide (1971),,"Tucson, AZ",FALSE,92,93,94,95,96,97,98,99,,,,,,,,,,,,,,,,,,,,,,,,,,,,7/10/2000,,Not Classified,P,595314,04,019,D,CO.1990.Tucson,2/28/2026
ARIZONA,AZ,Pima County,PM-10 (1987),,"Pima County; Ajo planning area, AZ",FALSE,92,93,94,95,96,97,98,99,00,01,02,03,04,05,06,07,08,09,10,11,12,13,14,15,16,17,18,19,,,,,,,,9/3/2020,,Moderate,P,8823,04,019,B,PM-10.1990.Ajo,2/28/2026
ARIZONA,AZ,Pima County,PM-10 (1987),,"Pima County; Rillito planning area, AZ",FALSE,92,93,94,95,96,97,98,99,00,01,02,03,04,05,06,07,08,09,10,11,12,13,14,15,16,17,18,19,20,21,22,23,24,25,26,  -   -,Yes,Moderate,P,588,04,019,B,PM-10.1990.Rillito,2/28/2026
ARIZONA,AZ,Pima County,Sulfur Dioxide (1971),,"Ajo (Pima County), AZ",FALSE,92,93,94,95,96,97,98,99,00,01,02,03,,,,,,,,,,,,,,,,,,,,,,,,1/2/2004,,Primary,P,8823,04,019,A,SO2.1978.Ajo,2/28/2026
ARIZONA,AZ,Pinal County,8-Hour Ozone (1997),Revoked,"Phoenix-Mesa, AZ",FALSE,,,,,,,,,,,,,04,05,06,07,08,09,10,11,12,13,,,,,,,,,,,,,,10/17/2014,,Marginal,P,46927,04,021,f,Ozone_8-hr.1997.Phoenix,2/28/2026
ARIZONA,AZ,Pinal County,8-Hour Ozone (2008),,"Phoenix-Mesa, AZ",FALSE,,,,,,,,,,,,,,,,,,,,,12,13,14,15,16,17,18,19,20,21,22,23,24,25,26,  -   -,Yes,Moderate,P,47212,04,021,e,Ozone_8-hr.2008.Phoenix,2/28/2026
ARIZONA,AZ,Pinal County,8-Hour Ozone (2015),,"Phoenix-Mesa, AZ",FALSE,,,,,,,,,,,,,,,,,,,,,,,,,,,18,19,20,21,22,23,24,25,26,  -   -,Yes,Moderate,P,143009,04,021,e,Ozone_8-hr.2015.Phoenix,2/28/2026
ARIZONA,AZ,Pinal County,Lead (2008),,"Hayden, AZ",FALSE,,,,,,,,,,,,,,,,,,,,,,,14,15,16,17,18,19,20,21,22,23,24,25,26,  -   -,Yes,,P,3346,04,021,A,Lead.2008.Hayden,2/28/2026
ARIZONA,AZ,Pinal County,PM-10 (1987),,"Hayden, AZ",FALSE,92,93,94,95,96,97,98,99,00,01,02,03,04,05,06,07,08,09,10,11,12,13,14,15,16,17,18,19,20,21,22,23,24,25,26,  -   -,Yes,Moderate,P,9461,04,021,B,PM-10.1990.Hayden,2/28/2026
ARIZONA,AZ,Pinal County,PM-10 (1987),,"Maricopa and Pinal Counties; Phoenix planning area, AZ",FALSE,92,93,94,95,96,97,98,99,00,01,02,03,04,05,06,07,08,09,10,11,12,13,14,15,16,17,18,19,20,21,22,23,24,25,26,  -   -,Yes,Serious,P,35840,04,021,A,PM-10.1990.Phoenix,2/28/2026
ARIZONA,AZ,Pinal County,PM-10 (1987),,"Miami, AZ",FALSE,92,93,94,95,96,97,98,99,00,01,02,03,04,05,06,07,08,09,10,11,12,13,14,15,16,17,18,19,20,21,22,23,24,25,26,  -   -,Yes,Moderate,P,0,04,021,B,PM-10.1990.Miami,2/28/2026
ARIZONA,AZ,Pinal County,PM-10 (1987),,"Pinal County (part); West Pinal, AZ",FALSE,,,,,,,,,,,,,,,,,,,,,12,13,14,15,16,17,18,19,20,21,22,23,24,25,26,  -   -,Yes,Serious,P,283032,04,021,A,PM-10.1990.Pinal_Co,2/28/2026
ARIZONA,AZ,Pinal County,PM-2.5 (2006),,"West Central Pinal, AZ",FALSE,,,,,,,,,,,,,,,,,,,,11,12,13,14,15,16,17,18,19,20,21,22,23,24,25,26,  -   -,Yes,Moderate,P,52314,04,021,e,PM-2.5.2006.Pinal_Co,2/28/2026
ARIZONA,AZ,Pinal County,Sulfur Dioxide (1971),,"Hayden (Pinal County), AZ",FALSE,92,93,94,95,96,97,98,99,00,01,02,03,04,05,06,07,08,09,10,11,12,13,14,15,16,17,18,19,20,21,22,23,24,25,26,  -   -,Yes,Primary,P,4844,04,021,A,SO2.1978.Hayden,2/28/2026
ARIZONA,AZ,Pinal County,Sulfur Dioxide (1971),,"San Manual (Pinal County), AZ",FALSE,92,93,94,95,96,97,98,99,00,01,02,03,04,05,06,07,,,,,,,,,,,,,,,,,,,,3/18/2008,,Primary,P,16158,04,021,A,SO2.1978.San_Manuel,2/28/2026
ARIZONA,AZ,Pinal County,Sulfur Dioxide (2010),,"Hayden, AZ",FALSE,,,,,,,,,,,,,,,,,,,,,,13,14,15,16,17,18,19,20,21,22,23,24,25,26,  -   -,Yes,,P,3346,04,021,A,SO2.2010.Hayden,2/28/2026
ARIZONA,AZ,Santa Cruz County,PM-10 (1987),,"Santa Cruz County; Nogales planning area, AZ",FALSE,92,93,94,95,96,97,98,99,00,01,02,03,04,05,06,07,08,09,10,11,12,13,14,15,16,17,18,19,20,21,22,23,24,25,26,  -   -,Yes,Moderate,P,30359,04,023,B,PM-10.1990.Nogales,2/28/2026
ARIZONA,AZ,Santa Cruz County,PM-2.5 (2006),,"Nogales, AZ",FALSE,,,,,,,,,,,,,,,,,,09,10,11,12,13,14,15,16,17,18,19,20,21,,,,,,9/14/2022,,Moderate,P,30622,04,023,e,PM-2.5.2006.Nogales,2/28/2026
ARIZONA,AZ,Yuma County,8-Hour Ozone (2015),,"Yuma, AZ",FALSE,,,,,,,,,,,,,,,,,,,,,,,,,,,18,19,20,21,22,23,24,,,12/18/2025,,Marginal,P,87254,04,027,f,Ozone_8-hr.2015.Yuma,2/28/2026
ARIZONA,AZ,Yuma County,PM-10 (1987),,"Yuma, AZ",FALSE,92,93,94,95,96,97,98,99,00,01,02,03,04,05,06,07,08,09,10,11,12,13,14,15,16,17,18,19,20,21,22,23,24,25,26,  -   -,Yes,Moderate,P,100710,04,027,B,PM-10.1990.Yuma,2/28/2026
ARKANSAS,AR,Crittenden County,8-Hour Ozone (1997),Revoked,"Memphis, TN-AR",FALSE,,,,,,,,,,,,,04,05,06,07,08,09,,,,,,,,,,,,,,,,,,4/23/2010,,Moderate,W,50902,05,035,e,Ozone_8-hr.1997.Memphis,2/28/2026
ARKANSAS,AR,Crittenden County,8-Hour Ozone (2008),,"Memphis, TN-MS-AR",FALSE,,,,,,,,,,,,,,,,,,,,,12,13,14,15,,,,,,,,,,,,5/25/2016,,Marginal,W,50902,05,035,f,Ozone_8-hr.2008.Memphis,2/28/2026
CALIFORNIA,CA,Alameda County,1-Hour Ozone (1979),Revoked,"San Francisco-Bay Area, CA",FALSE,,,,,,,98,99,00,01,02,03,04,,,,,,,,,,,,,,,,,,,,,,,  -   -,Yes,Other,W,1510271,06,001,I,Ozone_1-hr.1990.San_Francisco,2/28/2026
CALIFORNIA,CA,Alameda County,8-Hour Ozone (1997),Revoked,"San Francisco Bay Area, CA",FALSE,,,,,,,,,,,,,04,05,06,07,08,09,10,11,12,13,14,,,,,,,,,,,,,  -   -,Yes,Marginal,W,1510271,06,001,f,Ozone_8-hr.1997.San_Francisco,2/28/2026
CALIFORNIA,CA,Alameda County,8-Hour Ozone (2008),,"San Francisco Bay Area, CA",FALSE,,,,,,,,,,,,,,,,,,,,,12,13,14,15,16,17,18,19,20,21,22,23,24,25,26,  -   -,Yes,Marginal,W,1510271,06,001,f,Ozone_8-hr.2008.San_Francisco,2/28/2026
CALIFORNIA,CA,Alameda County,8-Hour Ozone (2015),,"San Francisco Bay Area, CA",FALSE,,,,,,,,,,,,,,,,,,,,,,,,,,,18,19,20,21,22,23,24,25,26,  -   -,Yes,Marginal,W,1510271,06,001,f,Ozone_8-hr.2015.San_Francisco,2/28/2026
CALIFORNIA,CA,Alameda County,Carbon Monoxide (1971),,"San Francisco-Oakland-San Jose, CA",FALSE,92,93,94,95,96,97,,,,,,,,,,,,,,,,,,,,,,,,,,,,,,6/1/1998,,Moderate <= 12.7ppm,P,715578,06,001,C,CO.1990.San_Francisco,2/28/2026
CALIFORNIA,CA,Alameda County,PM-2.5 (2006),,"San Francisco Bay Area, CA",FALSE,,,,,,,,,,,,,,,,,,09,10,11,12,13,14,15,16,17,18,19,20,21,22,23,24,25,26,  -   -,Yes,Moderate,W,1510271,06,001,e,PM-2.5.2006.San_Francisco,2/28/2026
CALIFORNIA,CA,Amador County,8-Hour Ozone (1997),Revoked,"Amador and Calaveras Cos. (Central Mountain Cos.), CA",FALSE,,,,,,,,,,,,,04,05,06,07,08,09,10,11,12,13,14,,,,,,,,,,,,,  -   -,Yes,Moderate,W,38091,06,005,e,Ozone_8-hr.1997.Amador_and_Calaveras_Cos,2/28/2026
CALIFORNIA,CA,Amador County,8-Hour Ozone (2015),,"Amador County, CA",FALSE,,,,,,,,,,,,,,,,,,,,,,,,,,,18,19,20,21,22,23,24,25,26,  -   -,Yes,Marginal,W,38091,06,005,f,Ozone_8-hr.2015.Amador_Co,2/28/2026
CALIFORNIA,CA,Butte County,1-Hour Ozone (1979),Revoked,"Chico, CA",FALSE,92,93,94,95,96,97,98,99,00,01,02,03,04,,,,,,,,,,,,,,,,,,,,,,,  -   -,Yes,Section 185A,W,220000,06,007,J,Ozone_1-hr.1990.Chico,2/28/2026
CALIFORNIA,CA,Butte County,8-Hour Ozone (1997),Revoked,"Chico, CA",FALSE,,,,,,,,,,,,,04,05,06,07,08,09,10,11,12,13,14,,,,,,,,,,,,,  -   -,Yes,Marginal,W,220000,06,007,f,Ozone_8-hr.1997.Chico,2/28/2026
CALIFORNIA,CA,Butte County,8-Hour Ozone (2008),,"Chico (Butte County), CA",FALSE,,,,,,,,,,,,,,,,,,,,,12,13,14,15,16,17,18,19,20,21,22,23,24,25,26,  -   -,Yes,Marginal,W,220000,06,007,f,Ozone_8-hr.2008.Chico,2/28/2026
CALIFORNIA,CA,Butte County,8-Hour Ozone (2015),,"Butte County, CA",FALSE,,,,,,,,,,,,,,,,,,,,,,,,,,,18,19,20,21,22,23,24,25,26,  -   -,Yes,Marginal,W,220000,06,007,f,Ozone_8-hr.2015.Chico,2/28/2026
CALIFORNIA,CA,Butte County,Carbon Monoxide (1971),,"Chico, CA",FALSE,92,93,94,95,96,97,,,,,,,,,,,,,,,,,,,,,,,,,,,,,,6/1/1998,,Moderate <= 12.7ppm,P,86963,06,007,C,CO.1990.Chico,2/28/2026
CALIFORNIA,CA,Butte County,PM-2.5 (2006),,"Chico, CA",FALSE,,,,,,,,,,,,,,,,,,09,10,11,12,13,14,15,16,17,,,,,,,,,,8/10/2018,,Moderate,P,217626,06,007,e,PM-2.5.2006.Chico,2/28/2026
CALIFORNIA,CA,Calaveras County,8-Hour Ozone (1997),Revoked,"Amador and Calaveras Cos. (Central Mountain Cos.), CA",FALSE,,,,,,,,,,,,,04,05,06,07,08,09,10,11,12,13,14,,,,,,,,,,,,,  -   -,Yes,Moderate,W,45578,06,009,e,Ozone_8-hr.1997.Amador_and_Calaveras_Cos,2/28/2026
CALIFORNIA,CA,Calaveras County,8-Hour Ozone (2008),,"Calaveras County, CA",FALSE,,,,,,,,,,,,,,,,,,,,,12,13,14,15,16,17,18,19,20,21,22,23,24,25,26,  -   -,Yes,Marginal,W,45578,06,009,f,Ozone_8-hr.2008.Calaveras_Co,2/28/2026
CALIFORNIA,CA,Calaveras County,8-Hour Ozone (2015),,"Calaveras County, CA",FALSE,,,,,,,,,,,,,,,,,,,,,,,,,,,18,19,20,21,22,23,24,25,26,  -   -,Yes,Marginal,W,45578,06,009,f,Ozone_8-hr.2015.Calaveras_Co,2/28/2026
CALIFORNIA,CA,Contra Costa County,1-Hour Ozone (1979),Revoked,"San Francisco-Bay Area, CA",FALSE,,,,,,,98,99,00,01,02,03,04,,,,,,,,,,,,,,,,,,,,,,,  -   -,Yes,Other,W,1049025,06,013,I,Ozone_1-hr.1990.San_Francisco,2/28/2026
CALIFORNIA,CA,Contra Costa County,8-Hour Ozone (1997),Revoked,"San Francisco Bay Area, CA",FALSE,,,,,,,,,,,,,04,05,06,07,08,09,10,11,12,13,14,,,,,,,,,,,,,  -   -,Yes,Marginal,W,1049025,06,013,f,Ozone_8-hr.1997.San_Francisco,2/28/2026
CALIFORNIA,CA,Contra Costa County,8-Hour Ozone (2008),,"San Francisco Bay Area, CA",FALSE,,,,,,,,,,,,,,,,,,,,,12,13,14,15,16,17,18,19,20,21,22,23,24,25,26,  -   -,Yes,Marginal,W,1049025,06,013,f,Ozone_8-hr.2008.San_Francisco,2/28/2026
CALIFORNIA,CA,Contra Costa County,8-Hour Ozone (2015),,"San Francisco Bay Area, CA",FALSE,,,,,,,,,,,,,,,,,,,,,,,,,,,18,19,20,21,22,23,24,25,26,  -   -,Yes,Marginal,W,1049025,06,013,f,Ozone_8-hr.2015.San_Francisco,2/28/2026
CALIFORNIA,CA,Contra Costa County,Carbon Monoxide (1971),,"San Francisco-Oakland-San Jose, CA",FALSE,92,93,94,95,96,97,,,,,,,,,,,,,,,,,,,,,,,,,,,,,,6/1/1998,,Moderate <= 12.7ppm,P,848335,06,013,C,CO.1990.San_Francisco,2/28/2026
CALIFORNIA,CA,Contra Costa County,PM-2.5 (2006),,"San Francisco Bay Area, CA",FALSE,,,,,,,,,,,,,,,,,,09,10,11,12,13,14,15,16,17,18,19,20,21,22,23,24,25,26,  -   -,Yes,Moderate,W,1049025,06,013,e,PM-2.5.2006.San_Francisco,2/28/2026
CALIFORNIA,CA,El Dorado County,1-Hour Ozone (1979),Revoked,"Sacramento Metro, CA",FALSE,92,93,94,95,96,97,98,99,00,01,02,03,04,,,,,,,,,,,,,,,,,,,,,,,  -   -,Yes,Severe-15,P,143832,06,017,C,Ozone_1-hr.1990.Sacramento,2/28/2026
CALIFORNIA,CA,El Dorado County,8-Hour Ozone (1997),Revoked,"Sacramento Metro, CA",FALSE,,,,,,,,,,,,,04,05,06,07,08,09,10,11,12,13,14,,,,,,,,,,,,,  -   -,Yes,Severe 15,P,151823,06,017,c,Ozone_8-hr.1997.Sacramento,2/28/2026
CALIFORNIA,CA,El Dorado County,8-Hour Ozone (2008),,"Sacramento Metro, CA",FALSE,,,,,,,,,,,,,,,,,,,,,12,13,14,15,16,17,18,19,20,21,22,23,24,25,26,  -   -,Yes,Severe 15,P,150517,06,017,c,Ozone_8-hr.2008.Sacramento,2/28/2026
CALIFORNIA,CA,El Dorado County,8-Hour Ozone (2015),,"Sacramento Metro, CA",FALSE,,,,,,,,,,,,,,,,,,,,,,,,,,,18,19,20,21,22,23,24,25,26,  -   -,Yes,Serious,P,150297,06,017,d,Ozone_8-hr.2015.Sacramento,2/28/2026
CALIFORNIA,CA,El Dorado County,Carbon Monoxide (1971),,"Lake Tahoe South Shore, CA",FALSE,92,93,94,95,96,97,,,,,,,,,,,,,,,,,,,,,,,,,,,,,,6/1/1998,,Moderate <= 12.7ppm,P,43110,06,017,C,CO.1990.Lake_Tahoe_South,2/28/2026
CALIFORNIA,CA,El Dorado County,PM-2.5 (2006),,"Sacramento, CA",FALSE,,,,,,,,,,,,,,,,,,09,10,11,12,13,14,15,16,17,18,19,20,21,22,23,24,25,26,  -   -,Yes,Moderate,P,144214,06,017,e,PM-2.5.2006.Sacramento,2/28/2026
CALIFORNIA,CA,Fresno County,1-Hour Ozone (1979),Revoked,"San Joaquin Valley, CA",FALSE,92,93,94,95,96,97,98,99,00,01,02,03,04,,,,,,,,,,,,,,,,,,,,,,,  -   -,Yes,Extreme,W,930450,06,019,A,Ozone_1-hr.1990.San_Joaquin_Valley,2/28/2026
CALIFORNIA,CA,Fresno County,8-Hour Ozone (1997),Revoked,"San Joaquin Valley, CA",FALSE,,,,,,,,,,,,,04,05,06,07,08,09,10,11,12,13,14,,,,,,,,,,,,,  -   -,Yes,Extreme,W,930450,06,019,a,Ozone_8-hr.1997.San_Joaquin_Valley,2/28/2026
CALIFORNIA,CA,Fresno County,8-Hour Ozone (2008),,"San Joaquin Valley, CA",FALSE,,,,,,,,,,,,,,,,,,,,,12,13,14,15,16,17,18,19,20,21,22,23,24,25,26,  -   -,Yes,Extreme,W,930450,06,019,a,Ozone_8-hr.2008.San_Joaquin_Valley,2/28/2026
CALIFORNIA,CA,Fresno County,8-Hour Ozone (2015),,"San Joaquin Valley, CA",FALSE,,,,,,,,,,,,,,,,,,,,,,,,,,,18,19,20,21,22,23,24,25,26,  -   -,Yes,Extreme,W,930450,06,019,a,Ozone_8-hr.2015.San_Joaquin_Valley,2/28/2026
CALIFORNIA,CA,Fresno County,Carbon Monoxide (1971),,"Fresno, CA",FALSE,92,93,94,95,96,97,,,,,,,,,,,,,,,,,,,,,,,,,,,,,,6/1/1998,,Moderate > 12.7ppm,P,631483,06,019,B,CO.1990.Fresno,2/28/2026
CALIFORNIA,CA,Fresno County,PM-10 (1987),,"San Joaquin Valley Air Basin, CA",FALSE,92,93,94,95,96,97,98,99,00,01,02,03,04,05,06,07,,,,,,,,,,,,,,,,,,,,12/12/2008,,Serious,W,930450,06,019,A,PM-10.1990.San_Joaquin_Valley,2/28/2026
CALIFORNIA,CA,Fresno County,PM-2.5 (1997),,"San Joaquin Valley, CA",FALSE,,,,,,,,,,,,,,05,06,07,08,09,10,11,12,13,14,15,16,17,18,19,20,21,22,23,24,25,26,  -   -,Yes,Serious,W,930450,06,019,d,PM-2.5.1997.San_Joaquin_Valley,2/28/2026
CALIFORNIA,CA,Fresno County,PM-2.5 (2006),,"San Joaquin Valley, CA",FALSE,,,,,,,,,,,,,,,,,,09,10,11,12,13,14,15,16,17,18,19,20,21,22,23,24,25,26,  -   -,Yes,Serious,W,930450,06,019,d,PM-2.5.2006.San_Joaquin_Valley,2/28/2026
CALIFORNIA,CA,Fresno County,PM-2.5 (2012),,"San Joaquin Valley, CA",FALSE,,,,,,,,,,,,,,,,,,,,,,,,15,16,17,18,19,20,21,22,23,24,25,26,  -   -,Yes,Serious,W,930450,06,019,A,PM-2.5.2012.San_Joaquin_Valley,2/28/2026
CALIFORNIA,CA,Imperial County,1-Hour Ozone (1979),Revoked,"Imperial County, CA",FALSE,92,93,94,95,96,97,98,99,00,01,02,03,04,,,,,,,,,,,,,,,,,,,,,,,  -   -,Yes,Section 185A,W,174528,06,025,J,Ozone_1-hr.1990.Imperial_Co,2/28/2026
CALIFORNIA,CA,Imperial County,8-Hour Ozone (1997),Revoked,"Imperial County, CA",FALSE,,,,,,,,,,,,,04,05,06,07,08,09,10,11,12,13,14,,,,,,,,,,,,,  -   -,Yes,Moderate,W,174528,06,025,e,Ozone_8-hr.1997.Imperial_Co,2/28/2026
CALIFORNIA,CA,Imperial County,8-Hour Ozone (2008),,"Imperial County, CA",FALSE,,,,,,,,,,,,,,,,,,,,,12,13,14,15,16,17,18,19,20,21,22,23,24,25,26,  -   -,Yes,Moderate,W,174528,06,025,e,Ozone_8-hr.2008.Imperial_Co,2/28/2026
CALIFORNIA,CA,Imperial County,8-Hour Ozone (2015),,"Imperial County, CA",FALSE,,,,,,,,,,,,,,,,,,,,,,,,,,,18,19,20,21,22,23,24,25,26,  -   -,Yes,Marginal,W,174528,06,025,f,Ozone_8-hr.2015.Imperial_Co,2/28/2026
CALIFORNIA,CA,Imperial County,PM-10 (1987),,"Imperial Valley, CA",FALSE,92,93,94,95,96,97,98,99,00,01,02,03,04,05,06,07,08,09,10,11,12,13,14,15,16,17,18,19,,,,,,,,10/19/2020,,Serious,P,146905,06,025,A,PM-10.1990.Imperial_Co,2/28/2026
CALIFORNIA,CA,Imperial County,PM-2.5 (2006),,"Imperial County, CA",FALSE,,,,,,,,,,,,,,,,,,09,10,11,12,13,14,15,16,17,18,19,20,21,22,23,24,25,26,  -   -,Yes,Moderate,P,154061,06,025,e,PM-2.5.2006.Imperial_Co,2/28/2026
CALIFORNIA,CA,Imperial County,PM-2.5 (2012),,"Imperial County, CA",FALSE,,,,,,,,,,,,,,,,,,,,,,,,15,16,17,18,19,20,21,22,23,24,25,26,  -   -,Yes,Moderate,P,154061,06,025,B,PM-2.5.2012.Imperial_Co,2/28/2026
CALIFORNIA,CA,Inyo County,PM-10 (1987),,"Coso Junction, CA",FALSE,92,93,94,95,96,97,98,99,00,01,02,03,04,05,06,07,08,09,,,,,,,,,,,,,,,,,,10/4/2010,,Moderate,P,7333,06,027,B,PM-10.1990.Coso_Junction,2/28/2026
CALIFORNIA,CA,Inyo County,PM-10 (1987),,"Inyo County; Owens Valley planning area, CA",FALSE,92,93,94,95,96,97,98,99,00,01,02,03,04,05,06,07,08,09,10,11,12,13,14,15,16,17,18,19,20,21,22,23,24,25,26,  -   -,Yes,Serious,P,7333,06,027,A,PM-10.1990.Owens_Valley,2/28/2026
CALIFORNIA,CA,Kern County,1-Hour Ozone (1979),Revoked,"East Kern County, CA",FALSE,,,,,,,,,,01,02,03,,,,,,,,,,,,,,,,,,,,,,,,6/21/2004,,Serious,P,141398,06,029,D,Ozone_1-hr.1990.East_Kern,2/28/2026
CALIFORNIA,CA,Kern County,1-Hour Ozone (1979),Revoked,"San Joaquin Valley, CA",FALSE,92,93,94,95,96,97,98,99,00,01,02,03,04,,,,,,,,,,,,,,,,,,,,,,,  -   -,Yes,Extreme,P,698229,06,029,A,Ozone_1-hr.1990.San_Joaquin_Valley,2/28/2026
CALIFORNIA,CA,Kern County,8-Hour Ozone (1997),Revoked,"Kern County (Eastern Kern), CA",FALSE,,,,,,,,,,,,,04,05,06,07,08,09,10,11,12,13,14,,,,,,,,,,,,,  -   -,Yes,Moderate,P,95314,06,029,e,Ozone_8-hr.1997.East_Kern,2/28/2026
CALIFORNIA,CA,Kern County,8-Hour Ozone (1997),Revoked,"San Joaquin Valley, CA",FALSE,,,,,,,,,,,,,04,05,06,07,08,09,10,11,12,13,14,,,,,,,,,,,,,  -   -,Yes,Extreme,P,710558,06,029,a,Ozone_8-hr.1997.San_Joaquin_Valley,2/28/2026
CALIFORNIA,CA,Kern County,8-Hour Ozone (2008),,"Kern County (Eastern Kern), CA",FALSE,,,,,,,,,,,,,,,,,,,,,12,13,14,15,16,17,18,19,20,21,22,23,24,25,26,  -   -,Yes,Severe 15,P,95176,06,029,c,Ozone_8-hr.2008.East_Kern,2/28/2026
CALIFORNIA,CA,Kern County,8-Hour Ozone (2008),,"San Joaquin Valley, CA",FALSE,,,,,,,,,,,,,,,,,,,,,12,13,14,15,16,17,18,19,20,21,22,23,24,25,26,  -   -,Yes,Extreme,P,710337,06,029,a,Ozone_8-hr.2008.San_Joaquin_Valley,2/28/2026
CALIFORNIA,CA,Kern County,8-Hour Ozone (2015),,"Kern County (Eastern Kern), CA",FALSE,,,,,,,,,,,,,,,,,,,,,,,,,,,18,19,20,21,22,23,24,25,26,  -   -,Yes,Serious,P,95066,06,029,d,Ozone_8-hr.2015.East_Kern,2/28/2026
CALIFORNIA,CA,Kern County,8-Hour Ozone (2015),,"San Joaquin Valley, CA",FALSE,,,,,,,,,,,,,,,,,,,,,,,,,,,18,19,20,21,22,23,24,25,26,  -   -,Yes,Extreme,P,709869,06,029,a,Ozone_8-hr.2015.San_Joaquin_Valley,2/28/2026
CALIFORNIA,CA,Kern County,Carbon Monoxide (1971),,"Bakersfield, CA",FALSE,92,93,94,95,96,97,,,,,,,,,,,,,,,,,,,,,,,,,,,,,,6/1/1998,,Not Classified,P,468092,06,029,D,CO.1990.Bakersfield,2/28/2026
CALIFORNIA,CA,Kern County,PM-10 (1987),,"East Kern County, CA",FALSE,92,93,94,95,96,97,98,99,00,01,02,03,04,05,06,07,08,09,10,11,12,13,14,15,16,17,18,19,20,21,22,23,24,25,26,  -   -,Yes,Serious,P,125950,06,029,A,PM-10.1990.East_Kern,2/28/2026
CALIFORNIA,CA,Kern County,PM-10 (1987),,"Indian Wells, CA",FALSE,92,93,94,95,96,97,98,99,00,01,02,,,,,,,,,,,,,,,,,,,,,,,,,6/6/2003,,Moderate,P,15449,06,029,B,PM-10.1990.Indian_Wells,2/28/2026
CALIFORNIA,CA,Kern County,PM-10 (1987),,"San Joaquin Valley Air Basin, CA",FALSE,92,93,94,95,96,97,98,99,00,01,02,03,04,05,06,07,,,,,,,,,,,,,,,,,,,,12/12/2008,,Serious,P,698229,06,029,A,PM-10.1990.San_Joaquin_Valley,2/28/2026
CALIFORNIA,CA,Kern County,PM-2.5 (1997),,"San Joaquin Valley, CA",FALSE,,,,,,,,,,,,,,05,06,07,08,09,10,11,12,13,14,15,16,17,18,19,20,21,22,23,24,25,26,  -   -,Yes,Serious,P,710137,06,029,d,PM-2.5.1997.San_Joaquin_Valley,2/28/2026
CALIFORNIA,CA,Kern County,PM-2.5 (2006),,"San Joaquin Valley, CA",FALSE,,,,,,,,,,,,,,,,,,09,10,11,12,13,14,15,16,17,18,19,20,21,22,23,24,25,26,  -   -,Yes,Serious,P,710137,06,029,d,PM-2.5.2006.San_Joaquin_Valley,2/28/2026
CALIFORNIA,CA,Kern County,PM-2.5 (2012),,"San Joaquin Valley, CA",FALSE,,,,,,,,,,,,,,,,,,,,,,,,15,16,17,18,19,20,21,22,23,24,25,26,  -   -,Yes,Serious,P,710137,06,029,A,PM-2.5.2012.San_Joaquin_Valley,2/28/2026
CALIFORNIA,CA,Kings County,1-Hour Ozone (1979),Revoked,"San Joaquin Valley, CA",FALSE,92,93,94,95,96,97,98,99,00,01,02,03,04,,,,,,,,,,,,,,,,,,,,,,,  -   -,Yes,Extreme,W,152982,06,031,A,Ozone_1-hr.1990.San_Joaquin_Valley,2/28/2026
CALIFORNIA,CA,Kings County,8-Hour Ozone (1997),Revoked,"San Joaquin Valley, CA",FALSE,,,,,,,,,,,,,04,05,06,07,08,09,10,11,12,13,14,,,,,,,,,,,,,  -   -,Yes,Extreme,W,152982,06,031,a,Ozone_8-hr.1997.San_Joaquin_Valley,2/28/2026
CALIFORNIA,CA,Kings County,8-Hour Ozone (2008),,"San Joaquin Valley, CA",FALSE,,,,,,,,,,,,,,,,,,,,,12,13,14,15,16,17,18,19,20,21,22,23,24,25,26,  -   -,Yes,Extreme,W,152982,06,031,a,Ozone_8-hr.2008.San_Joaquin_Valley,2/28/2026
CALIFORNIA,CA,Kings County,8-Hour Ozone (2015),,"San Joaquin Valley, CA",FALSE,,,,,,,,,,,,,,,,,,,,,,,,,,,18,19,20,21,22,23,24,25,26,  -   -,Yes,Extreme,W,152982,06,031,a,Ozone_8-hr.2015.San_Joaquin_Valley,2/28/2026
CALIFORNIA,CA,Kings County,PM-10 (1987),,"San Joaquin Valley Air Basin, CA",FALSE,92,93,94,95,96,97,98,99,00,01,02,03,04,05,06,07,,,,,,,,,,,,,,,,,,,,12/12/2008,,Serious,W,152982,06,031,A,PM-10.1990.San_Joaquin_Valley,2/28/2026
CALIFORNIA,CA,Kings County,PM-2.5 (1997),,"San Joaquin Valley, CA",FALSE,,,,,,,,,,,,,,05,06,07,08,09,10,11,12,13,14,15,16,17,18,19,20,21,22,23,24,25,26,  -   -,Yes,Serious,W,152982,06,031,d,PM-2.5.1997.San_Joaquin_Valley,2/28/2026
CALIFORNIA,CA,Kings County,PM-2.5 (2006),,"San Joaquin Valley, CA",FALSE,,,,,,,,,,,,,,,,,,09,10,11,12,13,14,15,16,17,18,19,20,21,22,23,24,25,26,  -   -,Yes,Serious,W,152982,06,031,d,PM-2.5.2006.San_Joaquin_Valley,2/28/2026
CALIFORNIA,CA,Kings County,PM-2.5 (2012),,"San Joaquin Valley, CA",FALSE,,,,,,,,,,,,,,,,,,,,,,,,15,16,17,18,19,20,21,22,23,24,25,26,  -   -,Yes,Serious,W,152982,06,031,A,PM-2.5.2012.San_Joaquin_Valley,2/28/2026
CALIFORNIA,CA,Los Angeles County,1-Hour Ozone (1979),Revoked,"Los Angeles-South Coast Air Basin, CA",FALSE,92,93,94,95,96,97,98,99,00,01,02,03,04,,,,,,,,,,,,,,,,,,,,,,,  -   -,Yes,Extreme,P,9512219,06,037,A,Ozone_1-hr.1990.LA-South_Coast,2/28/2026
CALIFORNIA,CA,Los Angeles County,1-Hour Ozone (1979),Revoked,"Southeast Desert Modified AQMA, CA",FALSE,92,93,94,95,96,97,98,99,00,01,02,03,04,,,,,,,,,,,,,,,,,,,,,,,  -   -,Yes,Severe-17,P,306386,06,037,B,Ozone_1-hr.1990.LA-Desert,2/28/2026
CALIFORNIA,CA,Los Angeles County,8-Hour Ozone (1997),Revoked,"Los Angeles and San Bernardino Counties (Western Mojave Desert), CA",FALSE,,,,,,,,,,,,,04,05,06,07,08,09,10,11,12,13,14,,,,,,,,,,,,,  -   -,Yes,Severe 15,P,378570,06,037,c,Ozone_8-hr.1997.LA-Desert,2/28/2026
CALIFORNIA,CA,Los Angeles County,8-Hour Ozone (1997),Revoked,"Los Angeles-South Coast Air Basin, CA",FALSE,,,,,,,,,,,,,04,05,06,07,08,09,10,11,12,13,14,,,,,,,,,,,,,  -   -,Yes,Extreme,P,9441036,06,037,a,Ozone_8-hr.1997.LA-South_Coast,2/28/2026
CALIFORNIA,CA,Los Angeles County,8-Hour Ozone (2008),,"Los Angeles-San Bernardino Counties (West Mojave Desert), CA",FALSE,,,,,,,,,,,,,,,,,,,,,12,13,14,15,16,17,18,19,20,21,22,23,24,25,26,  -   -,Yes,Severe 15,P,378742,06,037,c,Ozone_8-hr.2008.LA-Desert,2/28/2026
CALIFORNIA,CA,Los Angeles County,8-Hour Ozone (2008),,"Los Angeles-South Coast Air Basin, CA",FALSE,,,,,,,,,,,,,,,,,,,,,12,13,14,15,16,17,18,19,20,21,22,23,24,25,26,  -   -,Yes,Extreme,P,9442967,06,037,a,Ozone_8-hr.2008.LA-South_Coast,2/28/2026
CALIFORNIA,CA,Los Angeles County,8-Hour Ozone (2015),,"Los Angeles-San Bernardino Counties (West Mojave Desert), CA",FALSE,,,,,,,,,,,,,,,,,,,,,,,,,,,18,19,20,21,22,23,24,25,26,  -   -,Yes,Severe 15,P,377429,06,037,c,Ozone_8-hr.2015.LA-Desert,2/28/2026
CALIFORNIA,CA,Los Angeles County,8-Hour Ozone (2015),,"Los Angeles-South Coast Air Basin, CA",FALSE,,,,,,,,,,,,,,,,,,,,,,,,,,,18,19,20,21,22,23,24,25,26,  -   -,Yes,Extreme,P,9428411,06,037,a,Ozone_8-hr.2015.LA-South_Coast,2/28/2026
CALIFORNIA,CA,Los Angeles County,Carbon Monoxide (1971),,"Los Angeles-South Coast Air Basin, CA",FALSE,92,93,94,95,96,97,98,99,00,01,02,03,04,05,06,,,,,,,,,,,,,,,,,,,,,6/11/2007,,Serious,P,9512219,06,037,A,CO.1990.LA-South_Coast,2/28/2026
CALIFORNIA,CA,Los Angeles County,Lead (2008),,"Los Angeles County-South Coast Air Basin, CA",FALSE,,,,,,,,,,,,,,,,,,,10,11,12,13,14,15,16,17,18,19,20,21,22,23,24,25,26,  -   -,Yes,,P,9436927,06,037,A,Lead.2008.LA-South_Coast,2/28/2026
CALIFORNIA,CA,Los Angeles County,Nitrogen Dioxide (1971),,"Los Angeles-South Coast Air Basin, CA",FALSE,92,93,94,95,96,97,,,,,,,,,,,,,,,,,,,,,,,,,,,,,,9/22/1998,,Primary,P,9512219,06,037,A,NO2.1990.LA-South_Coast,2/28/2026
CALIFORNIA,CA,Los Angeles County,PM-10 (1987),,"Riverside, Los Angeles, Orange, & San Bernardino Counties; South Coast Air Basin, CA",FALSE,92,93,94,95,96,97,98,99,00,01,02,03,04,05,06,07,08,09,10,11,12,,,,,,,,,,,,,,,7/26/2013,,Serious,P,9512219,06,037,A,PM-10.1990.LA-South_Coast,2/28/2026
CALIFORNIA,CA,Los Angeles County,PM-2.5 (1997),,"Los Angeles-South Coast Air Basin, CA",FALSE,,,,,,,,,,,,,,05,06,07,08,09,10,11,12,13,14,15,16,17,18,19,20,21,22,23,24,25,26,  -   -,Yes,Moderate,P,9438565,06,037,e,PM-2.5.1997.LA-South_Coast,2/28/2026
CALIFORNIA,CA,Los Angeles County,PM-2.5 (2006),,"Los Angeles-South Coast Air Basin, CA",FALSE,,,,,,,,,,,,,,,,,,09,10,11,12,13,14,15,16,17,18,19,20,21,22,23,24,25,26,  -   -,Yes,Serious,P,9438565,06,037,d,PM-2.5.2006.LA-South_Coast,2/28/2026
CALIFORNIA,CA,Los Angeles County,PM-2.5 (2012),,"Los Angeles-South Coast Air Basin, CA",FALSE,,,,,,,,,,,,,,,,,,,,,,,,15,16,17,18,19,20,21,22,23,24,25,26,  -   -,Yes,Serious,P,9438565,06,037,A,PM-2.5.2012.LA-South_Coast,2/28/2026
CALIFORNIA,CA,Madera County,1-Hour Ozone (1979),Revoked,"San Joaquin Valley, CA",FALSE,92,93,94,95,96,97,98,99,00,01,02,03,04,,,,,,,,,,,,,,,,,,,,,,,  -   -,Yes,Extreme,W,150865,06,039,A,Ozone_1-hr.1990.San_Joaquin_Valley,2/28/2026
CALIFORNIA,CA,Madera County,8-Hour Ozone (1997),Revoked,"San Joaquin Valley, CA",FALSE,,,,,,,,,,,,,04,05,06,07,08,09,10,11,12,13,14,,,,,,,,,,,,,  -   -,Yes,Extreme,W,150865,06,039,a,Ozone_8-hr.1997.San_Joaquin_Valley,2/28/2026
CALIFORNIA,CA,Madera County,8-Hour Ozone (2008),,"San Joaquin Valley, CA",FALSE,,,,,,,,,,,,,,,,,,,,,12,13,14,15,16,17,18,19,20,21,22,23,24,25,26,  -   -,Yes,Extreme,W,150865,06,039,a,Ozone_8-hr.2008.San_Joaquin_Valley,2/28/2026
CALIFORNIA,CA,Madera County,8-Hour Ozone (2015),,"San Joaquin Valley, CA",FALSE,,,,,,,,,,,,,,,,,,,,,,,,,,,18,19,20,21,22,23,24,25,26,  -   -,Yes,Extreme,W,150865,06,039,a,Ozone_8-hr.2015.San_Joaquin_Valley,2/28/2026
CALIFORNIA,CA,Madera County,PM-10 (1987),,"San Joaquin Valley Air Basin, CA",FALSE,92,93,94,95,96,97,98,99,00,01,02,03,04,05,06,07,,,,,,,,,,,,,,,,,,,,12/12/2008,,Serious,W,150865,06,039,A,PM-10.1990.San_Joaquin_Valley,2/28/2026
CALIFORNIA,CA,Madera County,PM-2.5 (1997),,"San Joaquin Valley, CA",FALSE,,,,,,,,,,,,,,05,06,07,08,09,10,11,12,13,14,15,16,17,18,19,20,21,22,23,24,25,26,  -   -,Yes,Serious,W,150865,06,039,d,PM-2.5.1997.San_Joaquin_Valley,2/28/2026
CALIFORNIA,CA,Madera County,PM-2.5 (2006),,"San Joaquin Valley, CA",FALSE,,,,,,,,,,,,,,,,,,09,10,11,12,13,14,15,16,17,18,19,20,21,22,23,24,25,26,  -   -,Yes,Serious,W,150865,06,039,d,PM-2.5.2006.San_Joaquin_Valley,2/28/2026
CALIFORNIA,CA,Madera County,PM-2.5 (2012),,"San Joaquin Valley, CA",FALSE,,,,,,,,,,,,,,,,,,,,,,,,15,16,17,18,19,20,21,22,23,24,25,26,  -   -,Yes,Serious,W,150865,06,039,A,PM-2.5.2012.San_Joaquin_Valley,2/28/2026
CALIFORNIA,CA,Marin County,1-Hour Ozone (1979),Revoked,"San Francisco-Bay Area, CA",FALSE,,,,,,,98,99,00,01,02,03,04,,,,,,,,,,,,,,,,,,,,,,,  -   -,Yes,Other,W,252409,06,041,I,Ozone_1-hr.1990.San_Francisco,2/28/2026
CALIFORNIA,CA,Marin County,8-Hour Ozone (1997),Revoked,"San Francisco Bay Area, CA",FALSE,,,,,,,,,,,,,04,05,06,07,08,09,10,11,12,13,14,,,,,,,,,,,,,  -   -,Yes,Marginal,W,252409,06,041,f,Ozone_8-hr.1997.San_Francisco,2/28/2026
CALIFORNIA,CA,Marin County,8-Hour Ozone (2008),,"San Francisco Bay Area, CA",FALSE,,,,,,,,,,,,,,,,,,,,,12,13,14,15,16,17,18,19,20,21,22,23,24,25,26,  -   -,Yes,Marginal,W,252409,06,041,f,Ozone_8-hr.2008.San_Francisco,2/28/2026
CALIFORNIA,CA,Marin County,8-Hour Ozone (2015),,"San Francisco Bay Area, CA",FALSE,,,,,,,,,,,,,,,,,,,,,,,,,,,18,19,20,21,22,23,24,25,26,  -   -,Yes,Marginal,W,252409,06,041,f,Ozone_8-hr.2015.San_Francisco,2/28/2026
CALIFORNIA,CA,Marin County,Carbon Monoxide (1971),,"San Francisco-Oakland-San Jose, CA",FALSE,92,93,94,95,96,97,,,,,,,,,,,,,,,,,,,,,,,,,,,,,,6/1/1998,,Moderate <= 12.7ppm,P,219393,06,041,C,CO.1990.San_Francisco,2/28/2026
CALIFORNIA,CA,Marin County,PM-2.5 (2006),,"San Francisco Bay Area, CA",FALSE,,,,,,,,,,,,,,,,,,09,10,11,12,13,14,15,16,17,18,19,20,21,22,23,24,25,26,  -   -,Yes,Moderate,W,252409,06,041,e,PM-2.5.2006.San_Francisco,2/28/2026
CALIFORNIA,CA,Mariposa County,8-Hour Ozone (1997),Revoked,"Mariposa and Tuolumne Cos. (Southern Mountain Counties), CA",FALSE,,,,,,,,,,,,,04,05,06,07,08,09,10,11,12,13,14,,,,,,,,,,,,,  -   -,Yes,Moderate,W,18251,06,043,e,Ozone_8-hr.1997.Mariposa_and_Tuolumne_Cos,2/28/2026
CALIFORNIA,CA,Mariposa County,8-Hour Ozone (2008),,"Mariposa County, CA",FALSE,,,,,,,,,,,,,,,,,,,,,12,13,14,15,16,17,18,19,20,21,22,23,24,25,26,  -   -,Yes,Moderate,W,18251,06,043,e,Ozone_8-hr.2008.Mariposa_Co,2/28/2026
CALIFORNIA,CA,Mariposa County,8-Hour Ozone (2015),,"Mariposa County, CA",FALSE,,,,,,,,,,,,,,,,,,,,,,,,,,,18,19,20,21,22,23,24,25,26,  -   -,Yes,Moderate,W,18251,06,043,e,Ozone_8-hr.2015.Mariposa_Co,2/28/2026
CALIFORNIA,CA,Merced County,1-Hour Ozone (1979),Revoked,"San Joaquin Valley, CA",FALSE,92,93,94,95,96,97,98,99,00,01,02,03,04,,,,,,,,,,,,,,,,,,,,,,,  -   -,Yes,Extreme,W,255793,06,047,A,Ozone_1-hr.1990.San_Joaquin_Valley,2/28/2026
CALIFORNIA,CA,Merced County,8-Hour Ozone (1997),Revoked,"San Joaquin Valley, CA",FALSE,,,,,,,,,,,,,04,05,06,07,08,09,10,11,12,13,14,,,,,,,,,,,,,  -   -,Yes,Extreme,W,255793,06,047,a,Ozone_8-hr.1997.San_Joaquin_Valley,2/28/2026
CALIFORNIA,CA,Merced County,8-Hour Ozone (2008),,"San Joaquin Valley, CA",FALSE,,,,,,,,,,,,,,,,,,,,,12,13,14,15,16,17,18,19,20,21,22,23,24,25,26,  -   -,Yes,Extreme,W,255793,06,047,a,Ozone_8-hr.2008.San_Joaquin_Valley,2/28/2026
CALIFORNIA,CA,Merced County,8-Hour Ozone (2015),,"San Joaquin Valley, CA",FALSE,,,,,,,,,,,,,,,,,,,,,,,,,,,18,19,20,21,22,23,24,25,26,  -   -,Yes,Extreme,W,255793,06,047,a,Ozone_8-hr.2015.San_Joaquin_Valley,2/28/2026
CALIFORNIA,CA,Merced County,PM-10 (1987),,"San Joaquin Valley Air Basin, CA",FALSE,92,93,94,95,96,97,98,99,00,01,02,03,04,05,06,07,,,,,,,,,,,,,,,,,,,,12/12/2008,,Serious,W,255793,06,047,A,PM-10.1990.San_Joaquin_Valley,2/28/2026
CALIFORNIA,CA,Merced County,PM-2.5 (1997),,"San Joaquin Valley, CA",FALSE,,,,,,,,,,,,,,05,06,07,08,09,10,11,12,13,14,15,16,17,18,19,20,21,22,23,24,25,26,  -   -,Yes,Serious,W,255793,06,047,d,PM-2.5.1997.San_Joaquin_Valley,2/28/2026
CALIFORNIA,CA,Merced County,PM-2.5 (2006),,"San Joaquin Valley, CA",FALSE,,,,,,,,,,,,,,,,,,09,10,11,12,13,14,15,16,17,18,19,20,21,22,23,24,25,26,  -   -,Yes,Serious,W,255793,06,047,d,PM-2.5.2006.San_Joaquin_Valley,2/28/2026
CALIFORNIA,CA,Merced County,PM-2.5 (2012),,"San Joaquin Valley, CA",FALSE,,,,,,,,,,,,,,,,,,,,,,,,15,16,17,18,19,20,21,22,23,24,25,26,  -   -,Yes,Serious,W,255793,06,047,A,PM-2.5.2012.San_Joaquin_Valley,2/28/2026
CALIFORNIA,CA,Mono County,PM-10 (1987),,"Mono Basin, CA",FALSE,,93,94,95,96,97,98,99,00,01,02,03,04,05,06,07,08,09,10,11,12,13,14,15,16,17,18,19,20,21,22,23,24,25,26,  -   -,Yes,Moderate,P,285,06,051,B,PM-10.1990.Mono_Basin,2/28/2026
CALIFORNIA,CA,Mono County,PM-10 (1987),,"Mono County; Mammoth Lake planning area, CA",FALSE,92,93,94,95,96,97,98,99,00,01,02,03,04,05,06,07,08,09,10,11,12,13,14,,,,,,,,,,,,,11/4/2015,,Moderate,P,7133,06,051,B,PM-10.1990.Mammoth_Lake,2/28/2026
CALIFORNIA,CA,Monterey County,1-Hour Ozone (1979),Revoked,"Monterey Bay, CA",FALSE,92,93,94,95,96,,,,,,,,,,,,,,,,,,,,,,,,,,,,,,,3/18/1997,,Moderate,W,415057,06,053,E,Ozone_1-hr.1990.Monterey,2/28/2026
CALIFORNIA,CA,Napa County,1-Hour Ozone (1979),Revoked,"San Francisco-Bay Area, CA",FALSE,,,,,,,98,99,00,01,02,03,04,,,,,,,,,,,,,,,,,,,,,,,  -   -,Yes,Other,W,136484,06,055,I,Ozone_1-hr.1990.San_Francisco,2/28/2026
CALIFORNIA,CA,Napa County,8-Hour Ozone (1997),Revoked,"San Francisco Bay Area, CA",FALSE,,,,,,,,,,,,,04,05,06,07,08,09,10,11,12,13,14,,,,,,,,,,,,,  -   -,Yes,Marginal,W,136484,06,055,f,Ozone_8-hr.1997.San_Francisco,2/28/2026
CALIFORNIA,CA,Napa County,8-Hour Ozone (2008),,"San Francisco Bay Area, CA",FALSE,,,,,,,,,,,,,,,,,,,,,12,13,14,15,16,17,18,19,20,21,22,23,24,25,26,  -   -,Yes,Marginal,W,136484,06,055,f,Ozone_8-hr.2008.San_Francisco,2/28/2026
CALIFORNIA,CA,Napa County,8-Hour Ozone (2015),,"San Francisco Bay Area, CA",FALSE,,,,,,,,,,,,,,,,,,,,,,,,,,,18,19,20,21,22,23,24,25,26,  -   -,Yes,Marginal,W,136484,06,055,f,Ozone_8-hr.2015.San_Francisco,2/28/2026
CALIFORNIA,CA,Napa County,Carbon Monoxide (1971),,"San Francisco-Oakland-San Jose, CA",FALSE,92,93,94,95,96,97,,,,,,,,,,,,,,,,,,,,,,,,,,,,,,6/1/1998,,Moderate <= 12.7ppm,P,123217,06,055,C,CO.1990.San_Francisco,2/28/2026
CALIFORNIA,CA,Napa County,PM-2.5 (2006),,"San Francisco Bay Area, CA",FALSE,,,,,,,,,,,,,,,,,,09,10,11,12,13,14,15,16,17,18,19,20,21,22,23,24,25,26,  -   -,Yes,Moderate,W,136484,06,055,e,PM-2.5.2006.San_Francisco,2/28/2026
CALIFORNIA,CA,Nevada County,8-Hour Ozone (1997),Revoked,"Nevada County (Western part), CA",FALSE,,,,,,,,,,,,,04,05,06,07,08,09,10,11,12,13,14,,,,,,,,,,,,,  -   -,Yes,Moderate,P,82393,06,057,e,Ozone_8-hr.1997.Nevada_Co,2/28/2026
CALIFORNIA,CA,Nevada County,8-Hour Ozone (2008),,"Nevada County (Western part), CA",FALSE,,,,,,,,,,,,,,,,,,,,,12,13,14,15,16,17,18,19,20,21,22,23,24,25,26,  -   -,Yes,Serious,P,82107,06,057,d,Ozone_8-hr.2008.Nevada_Co,2/28/2026
CALIFORNIA,CA,Nevada County,8-Hour Ozone (2015),,"Nevada County (Western part), CA",FALSE,,,,,,,,,,,,,,,,,,,,,,,,,,,18,19,20,21,22,23,24,25,26,  -   -,Yes,Serious,P,82042,06,057,d,Ozone_8-hr.2015.Nevada_Co,2/28/2026
CALIFORNIA,CA,Orange County,1-Hour Ozone (1979),Revoked,"Los Angeles-South Coast Air Basin, CA",FALSE,92,93,94,95,96,97,98,99,00,01,02,03,04,,,,,,,,,,,,,,,,,,,,,,,  -   -,Yes,Extreme,W,3010232,06,059,A,Ozone_1-hr.1990.LA-South_Coast,2/28/2026
CALIFORNIA,CA,Orange County,8-Hour Ozone (1997),Revoked,"Los Angeles-South Coast Air Basin, CA",FALSE,,,,,,,,,,,,,04,05,06,07,08,09,10,11,12,13,14,,,,,,,,,,,,,  -   -,Yes,Extreme,W,3010232,06,059,a,Ozone_8-hr.1997.LA-South_Coast,2/28/2026
CALIFORNIA,CA,Orange County,8-Hour Ozone (2008),,"Los Angeles-South Coast Air Basin, CA",FALSE,,,,,,,,,,,,,,,,,,,,,12,13,14,15,16,17,18,19,20,21,22,23,24,25,26,  -   -,Yes,Extreme,W,3010232,06,059,a,Ozone_8-hr.2008.LA-South_Coast,2/28/2026
CALIFORNIA,CA,Orange County,8-Hour Ozone (2015),,"Los Angeles-South Coast Air Basin, CA",FALSE,,,,,,,,,,,,,,,,,,,,,,,,,,,18,19,20,21,22,23,24,25,26,  -   -,Yes,Extreme,W,3010232,06,059,a,Ozone_8-hr.2015.LA-South_Coast,2/28/2026
CALIFORNIA,CA,Orange County,Carbon Monoxide (1971),,"Los Angeles-South Coast Air Basin, CA",FALSE,92,93,94,95,96,97,98,99,00,01,02,03,04,05,06,,,,,,,,,,,,,,,,,,,,,6/11/2007,,Serious,W,3010232,06,059,A,CO.1990.LA-South_Coast,2/28/2026
CALIFORNIA,CA,Orange County,Nitrogen Dioxide (1971),,"Los Angeles-South Coast Air Basin, CA",FALSE,92,93,94,95,96,97,,,,,,,,,,,,,,,,,,,,,,,,,,,,,,9/22/1998,,Primary,W,3010232,06,059,A,NO2.1990.LA-South_Coast,2/28/2026
CALIFORNIA,CA,Orange County,PM-10 (1987),,"Riverside, Los Angeles, Orange, & San Bernardino Counties; South Coast Air Basin, CA",FALSE,92,93,94,95,96,97,98,99,00,01,02,03,04,05,06,07,08,09,10,11,12,,,,,,,,,,,,,,,7/26/2013,,Serious,W,3010232,06,059,A,PM-10.1990.LA-South_Coast,2/28/2026
CALIFORNIA,CA,Orange County,PM-2.5 (1997),,"Los Angeles-South Coast Air Basin, CA",FALSE,,,,,,,,,,,,,,05,06,07,08,09,10,11,12,13,14,15,16,17,18,19,20,21,22,23,24,25,26,  -   -,Yes,Moderate,W,3010232,06,059,e,PM-2.5.1997.LA-South_Coast,2/28/2026
CALIFORNIA,CA,Orange County,PM-2.5 (2006),,"Los Angeles-South Coast Air Basin, CA",FALSE,,,,,,,,,,,,,,,,,,09,10,11,12,13,14,15,16,17,18,19,20,21,22,23,24,25,26,  -   -,Yes,Serious,W,3010232,06,059,d,PM-2.5.2006.LA-South_Coast,2/28/2026
CALIFORNIA,CA,Orange County,PM-2.5 (2012),,"Los Angeles-South Coast Air Basin, CA",FALSE,,,,,,,,,,,,,,,,,,,,,,,,15,16,17,18,19,20,21,22,23,24,25,26,  -   -,Yes,Serious,W,3010232,06,059,A,PM-2.5.2012.LA-South_Coast,2/28/2026
CALIFORNIA,CA,Placer County,1-Hour Ozone (1979),Revoked,"Sacramento Metro, CA",FALSE,92,93,94,95,96,97,98,99,00,01,02,03,04,,,,,,,,,,,,,,,,,,,,,,,  -   -,Yes,Severe-15,P,336617,06,061,C,Ozone_1-hr.1990.Sacramento,2/28/2026
CALIFORNIA,CA,Placer County,8-Hour Ozone (1997),Revoked,"Sacramento Metro, CA",FALSE,,,,,,,,,,,,,04,05,06,07,08,09,10,11,12,13,14,,,,,,,,,,,,,  -   -,Yes,Severe 15,P,339500,06,061,c,Ozone_8-hr.1997.Sacramento,2/28/2026
CALIFORNIA,CA,Placer County,8-Hour Ozone (2008),,"Sacramento Metro, CA",FALSE,,,,,,,,,,,,,,,,,,,,,12,13,14,15,16,17,18,19,20,21,22,23,24,25,26,  -   -,Yes,Severe 15,P,338093,06,061,c,Ozone_8-hr.2008.Sacramento,2/28/2026
CALIFORNIA,CA,Placer County,8-Hour Ozone (2015),,"Sacramento Metro, CA",FALSE,,,,,,,,,,,,,,,,,,,,,,,,,,,18,19,20,21,22,23,24,25,26,  -   -,Yes,Serious,P,337840,06,061,d,Ozone_8-hr.2015.Sacramento,2/28/2026
CALIFORNIA,CA,Placer County,Carbon Monoxide (1971),,"Lake Tahoe North Shore, CA",FALSE,92,93,94,95,96,97,,,,,,,,,,,,,,,,,,,,,,,,,,,,,,6/1/1998,,Not Classified,P,16132,06,061,D,CO.1990.Lake_Tahoe_North,2/28/2026
CALIFORNIA,CA,Placer County,Carbon Monoxide (1971),,"Sacramento, CA",FALSE,92,93,94,95,96,97,,,,,,,,,,,,,,,,,,,,,,,,,,,,,,6/1/1998,,Moderate <= 12.7ppm,P,102822,06,061,C,CO.1990.Sacramento,2/28/2026
CALIFORNIA,CA,Placer County,PM-2.5 (2006),,"Sacramento, CA",FALSE,,,,,,,,,,,,,,,,,,09,10,11,12,13,14,15,16,17,18,19,20,21,22,23,24,25,26,  -   -,Yes,Moderate,P,314319,06,061,e,PM-2.5.2006.Sacramento,2/28/2026
CALIFORNIA,CA,Plumas County,PM-2.5 (2012),,"Plumas County, CA",FALSE,,,,,,,,,,,,,,,,,,,,,,,,15,16,17,18,19,20,21,22,23,24,25,26,  -   -,Yes,Serious,P,5843,06,063,A,PM-2.5.2012.Plumas_Co,2/28/2026
CALIFORNIA,CA,Riverside County,1-Hour Ozone (1979),Revoked,"Los Angeles-South Coast Air Basin, CA",FALSE,92,93,94,95,96,97,98,99,00,01,02,03,04,,,,,,,,,,,,,,,,,,,,,,,  -   -,Yes,Extreme,P,1692083,06,065,A,Ozone_1-hr.1990.LA-South_Coast,2/28/2026
CALIFORNIA,CA,Riverside County,1-Hour Ozone (1979),Revoked,"Morongo Band of Mission Indians, CA",FALSE,92,93,94,95,96,97,98,99,00,01,02,03,04,,,,,,,,,,,,,,,,,,,,,,,  -   -,Yes,Severe-17,P,913,06,065,B,Ozone_1-hr.1990.Morongo,2/28/2026
CALIFORNIA,CA,Riverside County,1-Hour Ozone (1979),Revoked,"Southeast Desert Modified AQMA, CA",FALSE,92,93,94,95,96,97,98,99,00,01,02,03,04,,,,,,,,,,,,,,,,,,,,,,,  -   -,Yes,Severe-17,P,460138,06,065,B,Ozone_1-hr.1990.LA-Desert,2/28/2026
CALIFORNIA,CA,Riverside County,8-Hour Ozone (1997),Revoked,"Los Angeles-South Coast Air Basin, CA",FALSE,,,,,,,,,,,,,04,05,06,07,08,09,10,11,12,13,14,,,,,,,,,,,,,  -   -,Yes,Extreme,P,1737296,06,065,a,Ozone_8-hr.1997.LA-South_Coast,2/28/2026
CALIFORNIA,CA,Riverside County,8-Hour Ozone (1997),Revoked,"Morongo Band of Mission Indians, CA",FALSE,,,,,,,,,,,,,04,05,06,07,08,09,10,11,12,13,14,,,,,,,,,,,,,  -   -,Yes,Severe 17,P,913,06,065,b,Ozone_8-hr.1997.Morongo,2/28/2026
CALIFORNIA,CA,Riverside County,8-Hour Ozone (1997),Revoked,"Pechanga Band of Luiseno Mission Indians of the Pechanga Reservation, CA",FALSE,,,,,,,,,,,,,04,05,06,07,08,09,10,11,12,13,14,,,,,,,,,,,,,4/3/2015,,Severe 17,P,2730,06,065,b,Ozone_8-hr.1997.Pechanga,2/28/2026
CALIFORNIA,CA,Riverside County,8-Hour Ozone (1997),Revoked,"Riverside County (Coachella Valley), CA",FALSE,,,,,,,,,,,,,04,05,06,07,08,09,10,11,12,13,14,,,,,,,,,,,,,  -   -,Yes,Extreme,P,425425,06,065,a,Ozone_8-hr.1997.Coachella_Valley,2/28/2026
CALIFORNIA,CA,Riverside County,8-Hour Ozone (2008),,"Los Angeles-South Coast Air Basin, CA",FALSE,,,,,,,,,,,,,,,,,,,,,12,13,14,15,16,17,18,19,20,21,22,23,24,25,26,  -   -,Yes,Extreme,P,1739657,06,065,a,Ozone_8-hr.2008.LA-South_Coast,2/28/2026
CALIFORNIA,CA,Riverside County,8-Hour Ozone (2008),,"Morongo Band of Mission Indians, CA",FALSE,,,,,,,,,,,,,,,,,,,,,12,13,14,15,16,17,18,19,20,21,22,23,24,25,26,  -   -,Yes,Severe 15,P,913,06,065,c,Ozone_8-hr.2008.Morongo,2/28/2026
CALIFORNIA,CA,Riverside County,8-Hour Ozone (2008),,"Pechanga Band of Luiseno Mission Indians of the Pechanga Reservation, CA",FALSE,,,,,,,,,,,,,,,,,,,,,12,13,14,15,16,17,18,19,20,21,22,23,24,25,26,  -   -,Yes,Moderate,P,2730,06,065,e,Ozone_8-hr.2008.Pechanga,2/28/2026
CALIFORNIA,CA,Riverside County,8-Hour Ozone (2008),,"Riverside County (Coachella Valley), CA",FALSE,,,,,,,,,,,,,,,,,,,,,12,13,14,15,16,17,18,19,20,21,22,23,24,25,26,  -   -,Yes,Extreme,P,425806,06,065,a,Ozone_8-hr.2008.Coachella_Valley,2/28/2026
CALIFORNIA,CA,Riverside County,8-Hour Ozone (2015),,"Los Angeles-South Coast Air Basin, CA",FALSE,,,,,,,,,,,,,,,,,,,,,,,,,,,18,19,20,21,22,23,24,25,26,  -   -,Yes,Extreme,P,1737528,06,065,a,Ozone_8-hr.2015.LA-South_Coast,2/28/2026
CALIFORNIA,CA,Riverside County,8-Hour Ozone (2015),,"Morongo Band of Mission Indians, CA",FALSE,,,,,,,,,,,,,,,,,,,,,,,,,,,18,19,20,21,22,23,24,25,26,  -   -,Yes,Serious,P,932,06,065,d,Ozone_8-hr.2015.Morongo,2/28/2026
CALIFORNIA,CA,Riverside County,8-Hour Ozone (2015),,"Pechanga Band of Luiseno Mission Indians of the Pechanga Reservation, CA",FALSE,,,,,,,,,,,,,,,,,,,,,,,,,,,18,19,20,21,22,23,24,25,26,  -   -,Yes,Moderate,P,639,06,065,e,Ozone_8-hr.2015.Pechanga,2/28/2026
CALIFORNIA,CA,Riverside County,8-Hour Ozone (2015),,"Riverside County (Coachella Valley), CA",FALSE,,,,,,,,,,,,,,,,,,,,,,,,,,,18,19,20,21,22,23,24,25,26,  -   -,Yes,Severe 15,P,425029,06,065,c,Ozone_8-hr.2015.Coachella_Valley,2/28/2026
CALIFORNIA,CA,Riverside County,Carbon Monoxide (1971),,"Los Angeles-South Coast Air Basin, CA",FALSE,92,93,94,95,96,97,98,99,00,01,02,03,04,05,06,,,,,,,,,,,,,,,,,,,,,6/11/2007,,Serious,P,1692996,06,065,A,CO.1990.LA-South_Coast,2/28/2026
CALIFORNIA,CA,Riverside County,Nitrogen Dioxide (1971),,"Los Angeles-South Coast Air Basin, CA",FALSE,92,93,94,95,96,97,,,,,,,,,,,,,,,,,,,,,,,,,,,,,,9/22/1998,,Primary,P,1692996,06,065,A,NO2.1990.LA-South_Coast,2/28/2026
CALIFORNIA,CA,Riverside County,PM-10 (1987),,"Riverside County; Coachella Valley planning area, CA",FALSE,92,93,94,95,96,97,98,99,00,01,02,03,04,05,06,07,08,09,10,11,12,13,14,15,16,17,18,19,20,21,22,23,24,25,26,  -   -,Yes,Serious,P,257794,06,065,A,PM-10.1990.Coachella_Valley,2/28/2026
CALIFORNIA,CA,Riverside County,PM-10 (1987),,"Riverside, Los Angeles, Orange, & San Bernardino Counties; South Coast Air Basin, CA",FALSE,92,93,94,95,96,97,98,99,00,01,02,03,04,05,06,07,08,09,10,11,12,,,,,,,,,,,,,,,7/26/2013,,Serious,P,1692996,06,065,A,PM-10.1990.LA-South_Coast,2/28/2026
CALIFORNIA,CA,Riverside County,PM-2.5 (1997),,"Los Angeles-South Coast Air Basin, CA",FALSE,,,,,,,,,,,,,,05,06,07,08,09,10,11,12,13,14,15,16,17,18,19,20,21,22,23,24,25,26,  -   -,Yes,Moderate,P,1740912,06,065,e,PM-2.5.1997.LA-South_Coast,2/28/2026
CALIFORNIA,CA,Riverside County,PM-2.5 (2006),,"Los Angeles-South Coast Air Basin, CA",FALSE,,,,,,,,,,,,,,,,,,09,10,11,12,13,14,15,16,17,18,19,20,21,22,23,24,25,26,  -   -,Yes,Serious,P,1740819,06,065,d,PM-2.5.2006.LA-South_Coast,2/28/2026
CALIFORNIA,CA,Riverside County,PM-2.5 (2012),,"Los Angeles-South Coast Air Basin, CA",FALSE,,,,,,,,,,,,,,,,,,,,,,,,15,16,17,18,19,20,21,22,23,24,25,26,  -   -,Yes,Serious,P,1740819,06,065,A,PM-2.5.2012.LA-South_Coast,2/28/2026
CALIFORNIA,CA,Sacramento County,1-Hour Ozone (1979),Revoked,"Sacramento Metro, CA",FALSE,92,93,94,95,96,97,98,99,00,01,02,03,04,,,,,,,,,,,,,,,,,,,,,,,  -   -,Yes,Severe-15,W,1418788,06,067,C,Ozone_1-hr.1990.Sacramento,2/28/2026
CALIFORNIA,CA,Sacramento County,8-Hour Ozone (1997),Revoked,"Sacramento Metro, CA",FALSE,,,,,,,,,,,,,04,05,06,07,08,09,10,11,12,13,14,,,,,,,,,,,,,  -   -,Yes,Severe 15,W,1418788,06,067,c,Ozone_8-hr.1997.Sacramento,2/28/2026
CALIFORNIA,CA,Sacramento County,8-Hour Ozone (2008),,"Sacramento Metro, CA",FALSE,,,,,,,,,,,,,,,,,,,,,12,13,14,15,16,17,18,19,20,21,22,23,24,25,26,  -   -,Yes,Severe 15,W,1418788,06,067,c,Ozone_8-hr.2008.Sacramento,2/28/2026
CALIFORNIA,CA,Sacramento County,8-Hour Ozone (2015),,"Sacramento Metro, CA",FALSE,,,,,,,,,,,,,,,,,,,,,,,,,,,18,19,20,21,22,23,24,25,26,  -   -,Yes,Serious,W,1418788,06,067,d,Ozone_8-hr.2015.Sacramento,2/28/2026
CALIFORNIA,CA,Sacramento County,Carbon Monoxide (1971),,"Sacramento, CA",FALSE,92,93,94,95,96,97,,,,,,,,,,,,,,,,,,,,,,,,,,,,,,6/1/1998,,Moderate <= 12.7ppm,P,1381740,06,067,C,CO.1990.Sacramento,2/28/2026
CALIFORNIA,CA,Sacramento County,PM-10 (1987),,"Sacramento County, CA",FALSE,,,94,95,96,97,98,99,00,01,02,03,04,05,06,07,08,09,10,11,12,,,,,,,,,,,,,,,10/28/2013,,Moderate,W,1418788,06,067,B,PM-10.1990.Sacramento,2/28/2026
CALIFORNIA,CA,Sacramento County,PM-2.5 (2006),,"Sacramento, CA",FALSE,,,,,,,,,,,,,,,,,,09,10,11,12,13,14,15,16,17,18,19,20,21,22,23,24,25,26,  -   -,Yes,Moderate,W,1418788,06,067,e,PM-2.5.2006.Sacramento,2/28/2026
CALIFORNIA,CA,San Benito County,1-Hour Ozone (1979),Revoked,"Monterey Bay, CA",FALSE,92,93,94,95,96,,,,,,,,,,,,,,,,,,,,,,,,,,,,,,,3/18/1997,,Moderate,W,55269,06,069,E,Ozone_1-hr.1990.Monterey,2/28/2026
CALIFORNIA,CA,San Bernardino County,1-Hour Ozone (1979),Revoked,"Los Angeles-South Coast Air Basin, CA",FALSE,92,93,94,95,96,97,98,99,00,01,02,03,04,,,,,,,,,,,,,,,,,,,,,,,  -   -,Yes,Extreme,P,1583657,06,071,A,Ozone_1-hr.1990.LA-South_Coast,2/28/2026
CALIFORNIA,CA,San Bernardino County,1-Hour Ozone (1979),Revoked,"Southeast Desert Modified AQMA, CA",FALSE,92,93,94,95,96,97,98,99,00,01,02,03,04,,,,,,,,,,,,,,,,,,,,,,,  -   -,Yes,Severe-17,P,427842,06,071,B,Ozone_1-hr.1990.LA-Desert,2/28/2026
CALIFORNIA,CA,San Bernardino County,8-Hour Ozone (1997),Revoked,"Los Angeles and San Bernardino Counties (Western Mojave Desert), CA",FALSE,,,,,,,,,,,,,04,05,06,07,08,09,10,11,12,13,14,,,,,,,,,,,,,  -   -,Yes,Severe 15,P,489780,06,071,c,Ozone_8-hr.1997.LA-Desert,2/28/2026
CALIFORNIA,CA,San Bernardino County,8-Hour Ozone (1997),Revoked,"Los Angeles-South Coast Air Basin, CA",FALSE,,,,,,,,,,,,,04,05,06,07,08,09,10,11,12,13,14,,,,,,,,,,,,,  -   -,Yes,Extreme,P,1526620,06,071,a,Ozone_8-hr.1997.LA-South_Coast,2/28/2026
CALIFORNIA,CA,San Bernardino County,8-Hour Ozone (2008),,"Los Angeles-San Bernardino Counties (West Mojave Desert), CA",FALSE,,,,,,,,,,,,,,,,,,,,,12,13,14,15,16,17,18,19,20,21,22,23,24,25,26,  -   -,Yes,Severe 15,P,489638,06,071,c,Ozone_8-hr.2008.LA-Desert,2/28/2026
CALIFORNIA,CA,San Bernardino County,8-Hour Ozone (2008),,"Los Angeles-South Coast Air Basin, CA",FALSE,,,,,,,,,,,,,,,,,,,,,12,13,14,15,16,17,18,19,20,21,22,23,24,25,26,  -   -,Yes,Extreme,P,1526629,06,071,a,Ozone_8-hr.2008.LA-South_Coast,2/28/2026
CALIFORNIA,CA,San Bernardino County,8-Hour Ozone (2015),,"Los Angeles-San Bernardino Counties (West Mojave Desert), CA",FALSE,,,,,,,,,,,,,,,,,,,,,,,,,,,18,19,20,21,22,23,24,25,26,  -   -,Yes,Severe 15,P,489531,06,071,c,Ozone_8-hr.2015.LA-Desert,2/28/2026
CALIFORNIA,CA,San Bernardino County,8-Hour Ozone (2015),,"Los Angeles-South Coast Air Basin, CA",FALSE,,,,,,,,,,,,,,,,,,,,,,,,,,,18,19,20,21,22,23,24,25,26,  -   -,Yes,Extreme,P,1526600,06,071,a,Ozone_8-hr.2015.LA-South_Coast,2/28/2026
CALIFORNIA,CA,San Bernardino County,Carbon Monoxide (1971),,"Los Angeles-South Coast Air Basin, CA",FALSE,92,93,94,95,96,97,98,99,00,01,02,03,04,05,06,,,,,,,,,,,,,,,,,,,,,6/11/2007,,Serious,P,1583687,06,071,A,CO.1990.LA-South_Coast,2/28/2026
CALIFORNIA,CA,San Bernardino County,Nitrogen Dioxide (1971),,"Los Angeles-South Coast Air Basin, CA",FALSE,92,93,94,95,96,97,,,,,,,,,,,,,,,,,,,,,,,,,,,,,,9/22/1998,,Primary,P,1583687,06,071,A,NO2.1990.LA-South_Coast,2/28/2026
CALIFORNIA,CA,San Bernardino County,PM-10 (1987),,"Riverside, Los Angeles, Orange, & San Bernardino Counties; South Coast Air Basin, CA",FALSE,92,93,94,95,96,97,98,99,00,01,02,03,04,05,06,07,08,09,10,11,12,,,,,,,,,,,,,,,7/26/2013,,Serious,P,1583687,06,071,A,PM-10.1990.LA-South_Coast,2/28/2026
CALIFORNIA,CA,San Bernardino County,PM-10 (1987),,"San Bernardino County, CA",FALSE,,,94,95,96,97,98,99,00,01,02,03,04,05,06,07,08,09,10,11,12,13,14,15,16,17,18,19,20,21,22,23,24,25,26,  -   -,Yes,Moderate,P,237418,06,071,B,PM-10.1990.San_Bernardino_Co,2/28/2026
CALIFORNIA,CA,San Bernardino County,PM-10 (1987),,"Trona, CA",FALSE,92,93,94,95,96,97,98,99,00,01,02,03,04,05,06,07,08,09,10,11,12,13,14,15,16,17,18,19,20,21,22,23,24,25,26,  -   -,Yes,Moderate,P,4167,06,071,B,PM-10.1990.Trona,2/28/2026
CALIFORNIA,CA,San Bernardino County,PM-2.5 (1997),,"Los Angeles-South Coast Air Basin, CA",FALSE,,,,,,,,,,,,,,05,06,07,08,09,10,11,12,13,14,15,16,17,18,19,20,21,22,23,24,25,26,  -   -,Yes,Moderate,P,1526626,06,071,e,PM-2.5.1997.LA-South_Coast,2/28/2026
CALIFORNIA,CA,San Bernardino County,PM-2.5 (2006),,"Los Angeles-South Coast Air Basin, CA",FALSE,,,,,,,,,,,,,,,,,,09,10,11,12,13,14,15,16,17,18,19,20,21,22,23,24,25,26,  -   -,Yes,Serious,P,1526626,06,071,d,PM-2.5.2006.LA-South_Coast,2/28/2026
CALIFORNIA,CA,San Bernardino County,PM-2.5 (2012),,"Los Angeles-South Coast Air Basin, CA",FALSE,,,,,,,,,,,,,,,,,,,,,,,,15,16,17,18,19,20,21,22,23,24,25,26,  -   -,Yes,Serious,P,1526626,06,071,A,PM-2.5.2012.LA-South_Coast,2/28/2026
CALIFORNIA,CA,San Diego County,1-Hour Ozone (1979),Revoked,"San Diego, CA",FALSE,92,93,94,95,96,97,98,99,00,01,02,,,,,,,,,,,,,,,,,,,,,,,,,7/28/2003,,Serious,W,3095313,06,073,D,Ozone_1-hr.1990.San_Diego,2/28/2026
CALIFORNIA,CA,San Diego County,8-Hour Ozone (1997),Revoked,"Pechanga Band of Luiseno Mission Indians of the Pechanga Reservation, CA",FALSE,,,,,,,,,,,,,04,05,06,07,08,09,10,11,12,13,14,,,,,,,,,,,,,4/3/2015,,Severe 17,P,114,06,073,b,Ozone_8-hr.1997.Pechanga,2/28/2026
CALIFORNIA,CA,San Diego County,8-Hour Ozone (1997),Revoked,"San Diego, CA",FALSE,,,,,,,,,,,,,04,05,06,07,08,09,10,11,12,,,,,,,,,,,,,,,7/5/2013,,Moderate,P,3093345,06,073,e,Ozone_8-hr.1997.San_Diego,2/28/2026
CALIFORNIA,CA,San Diego County,8-Hour Ozone (2008),,"Pechanga Band of Luiseno Mission Indians of the Pechanga Reservation, CA",FALSE,,,,,,,,,,,,,,,,,,,,,12,13,14,15,16,17,18,19,20,21,22,23,24,25,26,  -   -,Yes,Moderate,P,114,06,073,e,Ozone_8-hr.2008.Pechanga,2/28/2026
CALIFORNIA,CA,San Diego County,8-Hour Ozone (2008),,"San Diego County, CA",FALSE,,,,,,,,,,,,,,,,,,,,,12,13,14,15,16,17,18,19,20,21,22,23,24,25,26,  -   -,Yes,Severe 15,P,3095199,06,073,c,Ozone_8-hr.2008.San_Diego,2/28/2026
CALIFORNIA,CA,San Diego County,8-Hour Ozone (2015),,"Pechanga Band of Luiseno Mission Indians of the Pechanga Reservation, CA",FALSE,,,,,,,,,,,,,,,,,,,,,,,,,,,18,19,20,21,22,23,24,25,26,  -   -,Yes,Moderate,P,13,06,073,e,Ozone_8-hr.2015.Pechanga,2/28/2026
CALIFORNIA,CA,San Diego County,8-Hour Ozone (2015),,"San Diego County, CA",FALSE,,,,,,,,,,,,,,,,,,,,,,,,,,,18,19,20,21,22,23,24,25,26,  -   -,Yes,Severe 15,P,3077287,06,073,c,Ozone_8-hr.2015.San_Diego,2/28/2026
CALIFORNIA,CA,San Diego County,Carbon Monoxide (1971),,"San Diego, CA",FALSE,92,93,94,95,96,97,,,,,,,,,,,,,,,,,,,,,,,,,,,,,,6/1/1998,,Moderate <= 12.7ppm,P,2909194,06,073,C,CO.1990.San_Diego,2/28/2026
CALIFORNIA,CA,San Francisco County,1-Hour Ozone (1979),Revoked,"San Francisco-Bay Area, CA",FALSE,,,,,,,98,99,00,01,02,03,04,,,,,,,,,,,,,,,,,,,,,,,  -   -,Yes,Other,W,805235,06,075,I,Ozone_1-hr.1990.San_Francisco,2/28/2026
CALIFORNIA,CA,San Francisco County,8-Hour Ozone (1997),Revoked,"San Francisco Bay Area, CA",FALSE,,,,,,,,,,,,,04,05,06,07,08,09,10,11,12,13,14,,,,,,,,,,,,,  -   -,Yes,Marginal,W,805235,06,075,f,Ozone_8-hr.1997.San_Francisco,2/28/2026
CALIFORNIA,CA,San Francisco County,8-Hour Ozone (2008),,"San Francisco Bay Area, CA",FALSE,,,,,,,,,,,,,,,,,,,,,12,13,14,15,16,17,18,19,20,21,22,23,24,25,26,  -   -,Yes,Marginal,W,805235,06,075,f,Ozone_8-hr.2008.San_Francisco,2/28/2026
CALIFORNIA,CA,San Francisco County,8-Hour Ozone (2015),,"San Francisco Bay Area, CA",FALSE,,,,,,,,,,,,,,,,,,,,,,,,,,,18,19,20,21,22,23,24,25,26,  -   -,Yes,Marginal,W,805235,06,075,f,Ozone_8-hr.2015.San_Francisco,2/28/2026
CALIFORNIA,CA,San Francisco County,Carbon Monoxide (1971),,"San Francisco-Oakland-San Jose, CA",FALSE,92,93,94,95,96,97,,,,,,,,,,,,,,,,,,,,,,,,,,,,,,6/1/1998,,Moderate <= 12.7ppm,W,805235,06,075,C,CO.1990.San_Francisco,2/28/2026
CALIFORNIA,CA,San Francisco County,PM-2.5 (2006),,"San Francisco Bay Area, CA",FALSE,,,,,,,,,,,,,,,,,,09,10,11,12,13,14,15,16,17,18,19,20,21,22,23,24,25,26,  -   -,Yes,Moderate,W,805235,06,075,e,PM-2.5.2006.San_Francisco,2/28/2026
CALIFORNIA,CA,San Joaquin County,1-Hour Ozone (1979),Revoked,"San Joaquin Valley, CA",FALSE,92,93,94,95,96,97,98,99,00,01,02,03,04,,,,,,,,,,,,,,,,,,,,,,,  -   -,Yes,Extreme,W,685306,06,077,A,Ozone_1-hr.1990.San_Joaquin_Valley,2/28/2026
CALIFORNIA,CA,San Joaquin County,8-Hour Ozone (1997),Revoked,"San Joaquin Valley, CA",FALSE,,,,,,,,,,,,,04,05,06,07,08,09,10,11,12,13,14,,,,,,,,,,,,,  -   -,Yes,Extreme,W,685306,06,077,a,Ozone_8-hr.1997.San_Joaquin_Valley,2/28/2026
CALIFORNIA,CA,San Joaquin County,8-Hour Ozone (2008),,"San Joaquin Valley, CA",FALSE,,,,,,,,,,,,,,,,,,,,,12,13,14,15,16,17,18,19,20,21,22,23,24,25,26,  -   -,Yes,Extreme,W,685306,06,077,a,Ozone_8-hr.2008.San_Joaquin_Valley,2/28/2026
CALIFORNIA,CA,San Joaquin County,8-Hour Ozone (2015),,"San Joaquin Valley, CA",FALSE,,,,,,,,,,,,,,,,,,,,,,,,,,,18,19,20,21,22,23,24,25,26,  -   -,Yes,Extreme,W,685306,06,077,a,Ozone_8-hr.2015.San_Joaquin_Valley,2/28/2026
CALIFORNIA,CA,San Joaquin County,Carbon Monoxide (1971),,"Stockton, CA",FALSE,92,93,94,95,96,97,,,,,,,,,,,,,,,,,,,,,,,,,,,,,,6/1/1998,,Moderate <= 12.7ppm,P,373545,06,077,C,CO.1990.Stockton,2/28/2026
CALIFORNIA,CA,San Joaquin County,PM-10 (1987),,"San Joaquin Valley Air Basin, CA",FALSE,92,93,94,95,96,97,98,99,00,01,02,03,04,05,06,07,,,,,,,,,,,,,,,,,,,,12/12/2008,,Serious,W,685306,06,077,A,PM-10.1990.San_Joaquin_Valley,2/28/2026
CALIFORNIA,CA,San Joaquin County,PM-2.5 (1997),,"San Joaquin Valley, CA",FALSE,,,,,,,,,,,,,,05,06,07,08,09,10,11,12,13,14,15,16,17,18,19,20,21,22,23,24,25,26,  -   -,Yes,Serious,W,685306,06,077,d,PM-2.5.1997.San_Joaquin_Valley,2/28/2026
CALIFORNIA,CA,San Joaquin County,PM-2.5 (2006),,"San Joaquin Valley, CA",FALSE,,,,,,,,,,,,,,,,,,09,10,11,12,13,14,15,16,17,18,19,20,21,22,23,24,25,26,  -   -,Yes,Serious,W,685306,06,077,d,PM-2.5.2006.San_Joaquin_Valley,2/28/2026
CALIFORNIA,CA,San Joaquin County,PM-2.5 (2012),,"San Joaquin Valley, CA",FALSE,,,,,,,,,,,,,,,,,,,,,,,,15,16,17,18,19,20,21,22,23,24,25,26,  -   -,Yes,Serious,W,685306,06,077,A,PM-2.5.2012.San_Joaquin_Valley,2/28/2026
CALIFORNIA,CA,San Luis Obispo County,8-Hour Ozone (2008),,"San Luis Obispo (Eastern San Luis Obispo), CA",FALSE,,,,,,,,,,,,,,,,,,,,,12,13,14,15,16,17,18,19,20,21,22,23,24,25,26,  -   -,Yes,Marginal,P,1649,06,079,f,Ozone_8-hr.2008.San_Luis_Obispo,2/28/2026
CALIFORNIA,CA,San Luis Obispo County,8-Hour Ozone (2015),,"San Luis Obispo (Eastern part), CA",FALSE,,,,,,,,,,,,,,,,,,,,,,,,,,,18,19,20,21,22,23,24,25,26,  -   -,Yes,Marginal,P,1290,06,079,f,Ozone_8-hr.2015.San_Luis_Obispo,2/28/2026
CALIFORNIA,CA,San Mateo County,1-Hour Ozone (1979),Revoked,"San Francisco-Bay Area, CA",FALSE,,,,,,,98,99,00,01,02,03,04,,,,,,,,,,,,,,,,,,,,,,,  -   -,Yes,Other,W,718451,06,081,I,Ozone_1-hr.1990.San_Francisco,2/28/2026
CALIFORNIA,CA,San Mateo County,8-Hour Ozone (1997),Revoked,"San Francisco Bay Area, CA",FALSE,,,,,,,,,,,,,04,05,06,07,08,09,10,11,12,13,14,,,,,,,,,,,,,  -   -,Yes,Marginal,W,718451,06,081,f,Ozone_8-hr.1997.San_Francisco,2/28/2026
CALIFORNIA,CA,San Mateo County,8-Hour Ozone (2008),,"San Francisco Bay Area, CA",FALSE,,,,,,,,,,,,,,,,,,,,,12,13,14,15,16,17,18,19,20,21,22,23,24,25,26,  -   -,Yes,Marginal,W,718451,06,081,f,Ozone_8-hr.2008.San_Francisco,2/28/2026
CALIFORNIA,CA,San Mateo County,8-Hour Ozone (2015),,"San Francisco Bay Area, CA",FALSE,,,,,,,,,,,,,,,,,,,,,,,,,,,18,19,20,21,22,23,24,25,26,  -   -,Yes,Marginal,W,718451,06,081,f,Ozone_8-hr.2015.San_Francisco,2/28/2026
CALIFORNIA,CA,San Mateo County,Carbon Monoxide (1971),,"San Francisco-Oakland-San Jose, CA",FALSE,92,93,94,95,96,97,,,,,,,,,,,,,,,,,,,,,,,,,,,,,,6/1/1998,,Moderate <= 12.7ppm,P,497688,06,081,C,CO.1990.San_Francisco,2/28/2026
CALIFORNIA,CA,San Mateo County,PM-2.5 (2006),,"San Francisco Bay Area, CA",FALSE,,,,,,,,,,,,,,,,,,09,10,11,12,13,14,15,16,17,18,19,20,21,22,23,24,25,26,  -   -,Yes,Moderate,W,718451,06,081,e,PM-2.5.2006.San_Francisco,2/28/2026
CALIFORNIA,CA,Santa Barbara County,1-Hour Ozone (1979),Revoked,"Santa Barbara-Santa Maria-Lompoc, CA",FALSE,92,93,94,95,96,97,98,99,00,01,02,,,,,,,,,,,,,,,,,,,,,,,,,8/8/2003,,Serious,W,423895,06,083,D,Ozone_1-hr.1990.Santa_Barbara,2/28/2026
CALIFORNIA,CA,Santa Clara County,1-Hour Ozone (1979),Revoked,"San Francisco-Bay Area, CA",FALSE,,,,,,,98,99,00,01,02,03,04,,,,,,,,,,,,,,,,,,,,,,,  -   -,Yes,Other,W,1781642,06,085,I,Ozone_1-hr.1990.San_Francisco,2/28/2026
CALIFORNIA,CA,Santa Clara County,8-Hour Ozone (1997),Revoked,"San Francisco Bay Area, CA",FALSE,,,,,,,,,,,,,04,05,06,07,08,09,10,11,12,13,14,,,,,,,,,,,,,  -   -,Yes,Marginal,W,1781642,06,085,f,Ozone_8-hr.1997.San_Francisco,2/28/2026
CALIFORNIA,CA,Santa Clara County,8-Hour Ozone (2008),,"San Francisco Bay Area, CA",FALSE,,,,,,,,,,,,,,,,,,,,,12,13,14,15,16,17,18,19,20,21,22,23,24,25,26,  -   -,Yes,Marginal,W,1781642,06,085,f,Ozone_8-hr.2008.San_Francisco,2/28/2026
CALIFORNIA,CA,Santa Clara County,8-Hour Ozone (2015),,"San Francisco Bay Area, CA",FALSE,,,,,,,,,,,,,,,,,,,,,,,,,,,18,19,20,21,22,23,24,25,26,  -   -,Yes,Marginal,W,1781642,06,085,f,Ozone_8-hr.2015.San_Francisco,2/28/2026
CALIFORNIA,CA,Santa Clara County,Carbon Monoxide (1971),,"San Francisco-Oakland-San Jose, CA",FALSE,92,93,94,95,96,97,,,,,,,,,,,,,,,,,,,,,,,,,,,,,,6/1/1998,,Moderate <= 12.7ppm,P,594906,06,085,C,CO.1990.San_Francisco,2/28/2026
CALIFORNIA,CA,Santa Clara County,PM-2.5 (2006),,"San Francisco Bay Area, CA",FALSE,,,,,,,,,,,,,,,,,,09,10,11,12,13,14,15,16,17,18,19,20,21,22,23,24,25,26,  -   -,Yes,Moderate,W,1781642,06,085,e,PM-2.5.2006.San_Francisco,2/28/2026
CALIFORNIA,CA,Santa Cruz County,1-Hour Ozone (1979),Revoked,"Monterey Bay, CA",FALSE,92,93,94,95,96,,,,,,,,,,,,,,,,,,,,,,,,,,,,,,,3/18/1997,,Moderate,W,262382,06,087,E,Ozone_1-hr.1990.Monterey,2/28/2026
CALIFORNIA,CA,Solano County,1-Hour Ozone (1979),Revoked,"Sacramento Metro, CA",FALSE,92,93,94,95,96,97,98,99,00,01,02,03,04,,,,,,,,,,,,,,,,,,,,,,,  -   -,Yes,Severe-15,P,206433,06,095,C,Ozone_1-hr.1990.Sacramento,2/28/2026
CALIFORNIA,CA,Solano County,1-Hour Ozone (1979),Revoked,"San Francisco-Bay Area, CA",FALSE,,,,,,,98,99,00,01,02,03,04,,,,,,,,,,,,,,,,,,,,,,,  -   -,Yes,Other,P,206929,06,095,I,Ozone_1-hr.1990.San_Francisco,2/28/2026
CALIFORNIA,CA,Solano County,8-Hour Ozone (1997),Revoked,"Sacramento Metro, CA",FALSE,,,,,,,,,,,,,04,05,06,07,08,09,10,11,12,13,14,,,,,,,,,,,,,  -   -,Yes,Severe 15,P,129518,06,095,c,Ozone_8-hr.1997.Sacramento,2/28/2026
CALIFORNIA,CA,Solano County,8-Hour Ozone (1997),Revoked,"San Francisco Bay Area, CA",FALSE,,,,,,,,,,,,,04,05,06,07,08,09,10,11,12,13,14,,,,,,,,,,,,,  -   -,Yes,Marginal,P,284218,06,095,f,Ozone_8-hr.1997.San_Francisco,2/28/2026
CALIFORNIA,CA,Solano County,8-Hour Ozone (2008),,"Sacramento Metro, CA",FALSE,,,,,,,,,,,,,,,,,,,,,12,13,14,15,16,17,18,19,20,21,22,23,24,25,26,  -   -,Yes,Severe 15,P,129377,06,095,c,Ozone_8-hr.2008.Sacramento,2/28/2026
CALIFORNIA,CA,Solano County,8-Hour Ozone (2008),,"San Francisco Bay Area, CA",FALSE,,,,,,,,,,,,,,,,,,,,,12,13,14,15,16,17,18,19,20,21,22,23,24,25,26,  -   -,Yes,Marginal,P,285082,06,095,f,Ozone_8-hr.2008.San_Francisco,2/28/2026
CALIFORNIA,CA,Solano County,8-Hour Ozone (2015),,"Sacramento Metro, CA",FALSE,,,,,,,,,,,,,,,,,,,,,,,,,,,18,19,20,21,22,23,24,25,26,  -   -,Yes,Serious,P,129291,06,095,d,Ozone_8-hr.2015.Sacramento,2/28/2026
CALIFORNIA,CA,Solano County,8-Hour Ozone (2015),,"San Francisco Bay Area, CA",FALSE,,,,,,,,,,,,,,,,,,,,,,,,,,,18,19,20,21,22,23,24,25,26,  -   -,Yes,Marginal,P,284053,06,095,f,Ozone_8-hr.2015.San_Francisco,2/28/2026
CALIFORNIA,CA,Solano County,Carbon Monoxide (1971),,"San Francisco-Oakland-San Jose, CA",FALSE,92,93,94,95,96,97,,,,,,,,,,,,,,,,,,,,,,,,,,,,,,6/1/1998,,Moderate <= 12.7ppm,P,242850,06,095,C,CO.1990.San_Francisco,2/28/2026
CALIFORNIA,CA,Solano County,PM-2.5 (2006),,"Sacramento, CA",FALSE,,,,,,,,,,,,,,,,,,09,10,11,12,13,14,15,16,17,18,19,20,21,22,23,24,25,26,  -   -,Yes,Moderate,P,129588,06,095,e,PM-2.5.2006.Sacramento,2/28/2026
CALIFORNIA,CA,Solano County,PM-2.5 (2006),,"San Francisco Bay Area, CA",FALSE,,,,,,,,,,,,,,,,,,09,10,11,12,13,14,15,16,17,18,19,20,21,22,23,24,25,26,  -   -,Yes,Moderate,P,284288,06,095,e,PM-2.5.2006.San_Francisco,2/28/2026
CALIFORNIA,CA,Sonoma County,1-Hour Ozone (1979),Revoked,"San Francisco-Bay Area, CA",FALSE,,,,,,,98,99,00,01,02,03,04,,,,,,,,,,,,,,,,,,,,,,,  -   -,Yes,Other,P,436512,06,097,I,Ozone_1-hr.1990.San_Francisco,2/28/2026
CALIFORNIA,CA,Sonoma County,8-Hour Ozone (1997),Revoked,"San Francisco Bay Area, CA",FALSE,,,,,,,,,,,,,04,05,06,07,08,09,10,11,12,13,14,,,,,,,,,,,,,  -   -,Yes,Marginal,P,433262,06,097,f,Ozone_8-hr.1997.San_Francisco,2/28/2026
CALIFORNIA,CA,Sonoma County,8-Hour Ozone (2008),,"San Francisco Bay Area, CA",FALSE,,,,,,,,,,,,,,,,,,,,,12,13,14,15,16,17,18,19,20,21,22,23,24,25,26,  -   -,Yes,Marginal,P,434421,06,097,f,Ozone_8-hr.2008.San_Francisco,2/28/2026
CALIFORNIA,CA,Sonoma County,8-Hour Ozone (2015),,"San Francisco Bay Area, CA",FALSE,,,,,,,,,,,,,,,,,,,,,,,,,,,18,19,20,21,22,23,24,25,26,  -   -,Yes,Marginal,P,431795,06,097,f,Ozone_8-hr.2015.San_Francisco,2/28/2026
CALIFORNIA,CA,Sonoma County,Carbon Monoxide (1971),,"San Francisco-Oakland-San Jose, CA",FALSE,92,93,94,95,96,97,,,,,,,,,,,,,,,,,,,,,,,,,,,,,,6/1/1998,,Moderate <= 12.7ppm,P,249297,06,097,C,CO.1990.San_Francisco,2/28/2026
CALIFORNIA,CA,Sonoma County,PM-2.5 (2006),,"San Francisco Bay Area, CA",FALSE,,,,,,,,,,,,,,,,,,09,10,11,12,13,14,15,16,17,18,19,20,21,22,23,24,25,26,  -   -,Yes,Moderate,P,433262,06,097,e,PM-2.5.2006.San_Francisco,2/28/2026
CALIFORNIA,CA,Stanislaus County,1-Hour Ozone (1979),Revoked,"San Joaquin Valley, CA",FALSE,92,93,94,95,96,97,98,99,00,01,02,03,04,,,,,,,,,,,,,,,,,,,,,,,  -   -,Yes,Extreme,W,514453,06,099,A,Ozone_1-hr.1990.San_Joaquin_Valley,2/28/2026
CALIFORNIA,CA,Stanislaus County,8-Hour Ozone (1997),Revoked,"San Joaquin Valley, CA",FALSE,,,,,,,,,,,,,04,05,06,07,08,09,10,11,12,13,14,,,,,,,,,,,,,  -   -,Yes,Extreme,W,514453,06,099,a,Ozone_8-hr.1997.San_Joaquin_Valley,2/28/2026
CALIFORNIA,CA,Stanislaus County,8-Hour Ozone (2008),,"San Joaquin Valley, CA",FALSE,,,,,,,,,,,,,,,,,,,,,12,13,14,15,16,17,18,19,20,21,22,23,24,25,26,  -   -,Yes,Extreme,W,514453,06,099,a,Ozone_8-hr.2008.San_Joaquin_Valley,2/28/2026
CALIFORNIA,CA,Stanislaus County,8-Hour Ozone (2015),,"San Joaquin Valley, CA",FALSE,,,,,,,,,,,,,,,,,,,,,,,,,,,18,19,20,21,22,23,24,25,26,  -   -,Yes,Extreme,W,514453,06,099,a,Ozone_8-hr.2015.San_Joaquin_Valley,2/28/2026
CALIFORNIA,CA,Stanislaus County,Carbon Monoxide (1971),,"Modesto, CA",FALSE,92,93,94,95,96,97,,,,,,,,,,,,,,,,,,,,,,,,,,,,,,6/1/1998,,Moderate <= 12.7ppm,P,320707,06,099,C,CO.1990.Modesto,2/28/2026
CALIFORNIA,CA,Stanislaus County,PM-10 (1987),,"San Joaquin Valley Air Basin, CA",FALSE,92,93,94,95,96,97,98,99,00,01,02,03,04,05,06,07,,,,,,,,,,,,,,,,,,,,12/12/2008,,Serious,W,514453,06,099,A,PM-10.1990.San_Joaquin_Valley,2/28/2026
CALIFORNIA,CA,Stanislaus County,PM-2.5 (1997),,"San Joaquin Valley, CA",FALSE,,,,,,,,,,,,,,05,06,07,08,09,10,11,12,13,14,15,16,17,18,19,20,21,22,23,24,25,26,  -   -,Yes,Serious,W,514453,06,099,d,PM-2.5.1997.San_Joaquin_Valley,2/28/2026
CALIFORNIA,CA,Stanislaus County,PM-2.5 (2006),,"San Joaquin Valley, CA",FALSE,,,,,,,,,,,,,,,,,,09,10,11,12,13,14,15,16,17,18,19,20,21,22,23,24,25,26,  -   -,Yes,Serious,W,514453,06,099,d,PM-2.5.2006.San_Joaquin_Valley,2/28/2026
CALIFORNIA,CA,Stanislaus County,PM-2.5 (2012),,"San Joaquin Valley, CA",FALSE,,,,,,,,,,,,,,,,,,,,,,,,15,16,17,18,19,20,21,22,23,24,25,26,  -   -,Yes,Serious,W,514453,06,099,A,PM-2.5.2012.San_Joaquin_Valley,2/28/2026
CALIFORNIA,CA,Sutter County,1-Hour Ozone (1979),Revoked,"Sacramento Metro, CA",FALSE,92,93,94,95,96,97,98,99,00,01,02,03,04,,,,,,,,,,,,,,,,,,,,,,,  -   -,Yes,Severe-15,P,30023,06,101,C,Ozone_1-hr.1990.Sacramento,2/28/2026
CALIFORNIA,CA,Sutter County,1-Hour Ozone (1979),Revoked,"Yuba City, CA",FALSE,92,93,94,95,96,97,98,99,00,01,02,03,04,,,,,,,,,,,,,,,,,,,,,,,  -   -,Yes,Section 185A,P,64717,06,101,J,Ozone_1-hr.1990.Yuba_City,2/28/2026
CALIFORNIA,CA,Sutter County,8-Hour Ozone (1997),Revoked,"Sacramento Metro, CA",FALSE,,,,,,,,,,,,,04,05,06,07,08,09,10,11,12,13,14,,,,,,,,,,,,,  -   -,Yes,Severe 15,P,3433,06,101,c,Ozone_8-hr.1997.Sacramento,2/28/2026
CALIFORNIA,CA,Sutter County,8-Hour Ozone (1997),Revoked,"Sutter County (part) (Sutter Buttes), CA",FALSE,,,,,,,,,,,,,04,05,06,07,08,09,10,11,12,13,14,,,,,,,,,,,,,  -   -,Yes,Marginal,P,33,06,101,f,Ozone_8-hr.1997.Sutter_Buttes,2/28/2026
CALIFORNIA,CA,Sutter County,8-Hour Ozone (2008),,"Sacramento Metro, CA",FALSE,,,,,,,,,,,,,,,,,,,,,12,13,14,15,16,17,18,19,20,21,22,23,24,25,26,  -   -,Yes,Severe 15,P,3433,06,101,c,Ozone_8-hr.2008.Sacramento,2/28/2026
CALIFORNIA,CA,Sutter County,8-Hour Ozone (2015),,"Sacramento Metro, CA",FALSE,,,,,,,,,,,,,,,,,,,,,,,,,,,18,19,20,21,22,23,24,25,26,  -   -,Yes,Serious,P,3383,06,101,d,Ozone_8-hr.2015.Sacramento,2/28/2026
CALIFORNIA,CA,Sutter County,8-Hour Ozone (2015),,"Sutter Buttes, CA",FALSE,,,,,,,,,,,,,,,,,,,,,,,,,,,18,19,20,21,22,23,24,25,26,  -   -,Yes,Marginal,P,3,06,101,f,Ozone_8-hr.2015.Sutter_Buttes,2/28/2026
CALIFORNIA,CA,Sutter County,PM-2.5 (2006),,"Yuba City-Marysville, CA",FALSE,,,,,,,,,,,,,,,,,,09,10,11,12,13,14,,,,,,,,,,,,,1/8/2015,,Moderate,W,94737,06,101,e,PM-2.5.2006.Yuba_City,2/28/2026
CALIFORNIA,CA,Tehama County,8-Hour Ozone (2008),,"Tuscan Buttes, CA",FALSE,,,,,,,,,,,,,,,,,,,,,12,13,14,15,16,17,18,19,20,21,22,23,24,25,26,  -   -,Yes,Marginal,P,0,06,103,f,Ozone_8-hr.2008.Tuscan_Buttes,2/28/2026
CALIFORNIA,CA,Tehama County,8-Hour Ozone (2015),,"Tuscan Buttes, CA",FALSE,,,,,,,,,,,,,,,,,,,,,,,,,,,18,19,20,21,22,23,24,25,26,  -   -,Yes,Marginal (Rural Transport),P,0,06,103,g,Ozone_8-hr.2015.Tuscan_Buttes,2/28/2026
CALIFORNIA,CA,Tulare County,1-Hour Ozone (1979),Revoked,"San Joaquin Valley, CA",FALSE,92,93,94,95,96,97,98,99,00,01,02,03,04,,,,,,,,,,,,,,,,,,,,,,,  -   -,Yes,Extreme,W,442179,06,107,A,Ozone_1-hr.1990.San_Joaquin_Valley,2/28/2026
CALIFORNIA,CA,Tulare County,8-Hour Ozone (1997),Revoked,"San Joaquin Valley, CA",FALSE,,,,,,,,,,,,,04,05,06,07,08,09,10,11,12,13,14,,,,,,,,,,,,,  -   -,Yes,Extreme,W,442179,06,107,a,Ozone_8-hr.1997.San_Joaquin_Valley,2/28/2026
CALIFORNIA,CA,Tulare County,8-Hour Ozone (2008),,"San Joaquin Valley, CA",FALSE,,,,,,,,,,,,,,,,,,,,,12,13,14,15,16,17,18,19,20,21,22,23,24,25,26,  -   -,Yes,Extreme,W,442179,06,107,a,Ozone_8-hr.2008.San_Joaquin_Valley,2/28/2026
CALIFORNIA,CA,Tulare County,8-Hour Ozone (2015),,"San Joaquin Valley, CA",FALSE,,,,,,,,,,,,,,,,,,,,,,,,,,,18,19,20,21,22,23,24,25,26,  -   -,Yes,Extreme,W,442179,06,107,a,Ozone_8-hr.2015.San_Joaquin_Valley,2/28/2026
CALIFORNIA,CA,Tulare County,PM-10 (1987),,"San Joaquin Valley Air Basin, CA",FALSE,92,93,94,95,96,97,98,99,00,01,02,03,04,05,06,07,,,,,,,,,,,,,,,,,,,,12/12/2008,,Serious,W,442179,06,107,A,PM-10.1990.San_Joaquin_Valley,2/28/2026
CALIFORNIA,CA,Tulare County,PM-2.5 (1997),,"San Joaquin Valley, CA",FALSE,,,,,,,,,,,,,,05,06,07,08,09,10,11,12,13,14,15,16,17,18,19,20,21,22,23,24,25,26,  -   -,Yes,Serious,W,442179,06,107,d,PM-2.5.1997.San_Joaquin_Valley,2/28/2026
CALIFORNIA,CA,Tulare County,PM-2.5 (2006),,"San Joaquin Valley, CA",FALSE,,,,,,,,,,,,,,,,,,09,10,11,12,13,14,15,16,17,18,19,20,21,22,23,24,25,26,  -   -,Yes,Serious,W,442179,06,107,d,PM-2.5.2006.San_Joaquin_Valley,2/28/2026
CALIFORNIA,CA,Tulare County,PM-2.5 (2012),,"San Joaquin Valley, CA",FALSE,,,,,,,,,,,,,,,,,,,,,,,,15,16,17,18,19,20,21,22,23,24,25,26,  -   -,Yes,Serious,W,442179,06,107,A,PM-2.5.2012.San_Joaquin_Valley,2/28/2026
CALIFORNIA,CA,Tuolumne County,8-Hour Ozone (1997),Revoked,"Mariposa and Tuolumne Cos. (Southern Mountain Counties), CA",FALSE,,,,,,,,,,,,,04,05,06,07,08,09,10,11,12,13,14,,,,,,,,,,,,,  -   -,Yes,Moderate,W,55365,06,109,e,Ozone_8-hr.1997.Mariposa_and_Tuolumne_Cos,2/28/2026
CALIFORNIA,CA,Tuolumne County,8-Hour Ozone (2015),,"Tuolumne County, CA",FALSE,,,,,,,,,,,,,,,,,,,,,,,,,,,18,19,20,21,22,23,24,25,26,  -   -,Yes,Marginal,W,55365,06,109,f,Ozone_8-hr.2015.Tuolumne_Co,2/28/2026
CALIFORNIA,CA,Ventura County,1-Hour Ozone (1979),Revoked,"Ventura County, CA",FALSE,92,93,94,95,96,97,98,99,00,01,02,03,04,,,,,,,,,,,,,,,,,,,,,,,  -   -,Yes,Severe-15,W,823318,06,111,C,Ozone_1-hr.1990.Ventura_Co,2/28/2026
CALIFORNIA,CA,Ventura County,8-Hour Ozone (1997),Revoked,"Ventura County (part), CA",FALSE,,,,,,,,,,,,,04,05,06,07,08,09,10,11,12,13,14,,,,,,,,,,,,,  -   -,Yes,Serious,P,823360,06,111,d,Ozone_8-hr.1997.Ventura_Co,2/28/2026
CALIFORNIA,CA,Ventura County,8-Hour Ozone (2008),,"Ventura County, CA",FALSE,,,,,,,,,,,,,,,,,,,,,12,13,14,15,16,17,18,19,20,21,22,23,24,25,26,  -   -,Yes,Serious,P,823262,06,111,d,Ozone_8-hr.2008.Ventura_Co,2/28/2026
CALIFORNIA,CA,Ventura County,8-Hour Ozone (2015),,"Ventura County, CA",FALSE,,,,,,,,,,,,,,,,,,,,,,,,,,,18,19,20,21,22,23,24,25,26,  -   -,Yes,Serious,P,820808,06,111,d,Ozone_8-hr.2015.Ventura_Co,2/28/2026
CALIFORNIA,CA,Yolo County,1-Hour Ozone (1979),Revoked,"Sacramento Metro, CA",FALSE,92,93,94,95,96,97,98,99,00,01,02,03,04,,,,,,,,,,,,,,,,,,,,,,,  -   -,Yes,Severe-15,W,200849,06,113,C,Ozone_1-hr.1990.Sacramento,2/28/2026
CALIFORNIA,CA,Yolo County,8-Hour Ozone (1997),Revoked,"Sacramento Metro, CA",FALSE,,,,,,,,,,,,,04,05,06,07,08,09,10,11,12,13,14,,,,,,,,,,,,,  -   -,Yes,Severe 15,W,200849,06,113,c,Ozone_8-hr.1997.Sacramento,2/28/2026
CALIFORNIA,CA,Yolo County,8-Hour Ozone (2008),,"Sacramento Metro, CA",FALSE,,,,,,,,,,,,,,,,,,,,,12,13,14,15,16,17,18,19,20,21,22,23,24,25,26,  -   -,Yes,Severe 15,W,200849,06,113,c,Ozone_8-hr.2008.Sacramento,2/28/2026
CALIFORNIA,CA,Yolo County,8-Hour Ozone (2015),,"Sacramento Metro, CA",FALSE,,,,,,,,,,,,,,,,,,,,,,,,,,,18,19,20,21,22,23,24,25,26,  -   -,Yes,Serious,W,200849,06,113,d,Ozone_8-hr.2015.Sacramento,2/28/2026
CALIFORNIA,CA,Yolo County,Carbon Monoxide (1971),,"Sacramento, CA",FALSE,92,93,94,95,96,97,,,,,,,,,,,,,,,,,,,,,,,,,,,,,,6/1/1998,,Moderate <= 12.7ppm,P,45554,06,113,C,CO.1990.Sacramento,2/28/2026
CALIFORNIA,CA,Yolo County,PM-2.5 (2006),,"Sacramento, CA",FALSE,,,,,,,,,,,,,,,,,,09,10,11,12,13,14,15,16,17,18,19,20,21,22,23,24,25,26,  -   -,Yes,Moderate,P,199151,06,113,e,PM-2.5.2006.Sacramento,2/28/2026
CALIFORNIA,CA,Yuba County,1-Hour Ozone (1979),Revoked,"Yuba City, CA",FALSE,92,93,94,95,96,97,98,99,00,01,02,03,04,,,,,,,,,,,,,,,,,,,,,,,  -   -,Yes,Section 185A,W,72155,06,115,J,Ozone_1-hr.1990.Yuba_City,2/28/2026
CALIFORNIA,CA,Yuba County,PM-2.5 (2006),,"Yuba City-Marysville, CA",FALSE,,,,,,,,,,,,,,,,,,09,10,11,12,13,14,,,,,,,,,,,,,1/8/2015,,Moderate,P,70218,06,115,e,PM-2.5.2006.Yuba_City,2/28/2026
COLORADO,CO,Adams County,1-Hour Ozone (1979),Revoked,"Denver-Boulder, CO",FALSE,92,93,94,95,96,97,98,99,00,,,,,,,,,,,,,,,,,,,,,,,,,,,10/11/2001,,Section 185A,P,432838,08,001,J,Ozone_1-hr.1990.Denver,2/28/2026
COLORADO,CO,Adams County,8-Hour Ozone (1997),Revoked,"Denver-Boulder-Greeley-Ft. Collins-Loveland, CO",FALSE,,,,,,,,,,,,,,,,07,08,09,10,11,12,13,14,,,,,,,,,,,,,  -   -,Yes,Marginal,W,441603,08,001,f,Ozone_8-hr.1997.Denver,2/28/2026
COLORADO,CO,Adams County,8-Hour Ozone (2008),,"Denver-Boulder-Greeley-Ft. Collins-Loveland, CO",FALSE,,,,,,,,,,,,,,,,,,,,,12,13,14,15,16,17,18,19,20,21,22,23,24,25,26,  -   -,Yes,Severe 15,W,441603,08,001,c,Ozone_8-hr.2008.Denver,2/28/2026
COLORADO,CO,Adams County,8-Hour Ozone (2015),,"Denver Metro/North Front Range, CO",FALSE,,,,,,,,,,,,,,,,,,,,,,,,,,,18,19,20,21,22,23,24,25,26,  -   -,Yes,Serious,W,441603,08,001,d,Ozone_8-hr.2015.Denver,2/28/2026
COLORADO,CO,Adams County,Carbon Monoxide (1971),,"Denver-Boulder, CO",FALSE,92,93,94,95,96,97,98,99,00,01,,,,,,,,,,,,,,,,,,,,,,,,,,1/14/2002,,Serious,P,432838,08,001,A,CO.1990.Denver,2/28/2026
COLORADO,CO,Adams County,PM-10 (1987),,"Adams, Denver, and Boulder Counties; Denver Metropolitan area, CO",FALSE,92,93,94,95,96,97,98,99,00,01,,,,,,,,,,,,,,,,,,,,,,,,,,10/16/2002,,Moderate,P,432838,08,001,B,PM-10.1990.Denver,2/28/2026
COLORADO,CO,Arapahoe County,1-Hour Ozone (1979),Revoked,"Denver-Boulder, CO",FALSE,92,93,94,95,96,97,98,99,00,,,,,,,,,,,,,,,,,,,,,,,,,,,10/11/2001,,Section 185A,P,567075,08,005,J,Ozone_1-hr.1990.Denver,2/28/2026
COLORADO,CO,Arapahoe County,8-Hour Ozone (1997),Revoked,"Denver-Boulder-Greeley-Ft. Collins-Loveland, CO",FALSE,,,,,,,,,,,,,,,,07,08,09,10,11,12,13,14,,,,,,,,,,,,,  -   -,Yes,Marginal,W,572003,08,005,f,Ozone_8-hr.1997.Denver,2/28/2026
COLORADO,CO,Arapahoe County,8-Hour Ozone (2008),,"Denver-Boulder-Greeley-Ft. Collins-Loveland, CO",FALSE,,,,,,,,,,,,,,,,,,,,,12,13,14,15,16,17,18,19,20,21,22,23,24,25,26,  -   -,Yes,Severe 15,W,572003,08,005,c,Ozone_8-hr.2008.Denver,2/28/2026
COLORADO,CO,Arapahoe County,8-Hour Ozone (2015),,"Denver Metro/North Front Range, CO",FALSE,,,,,,,,,,,,,,,,,,,,,,,,,,,18,19,20,21,22,23,24,25,26,  -   -,Yes,Serious,W,572003,08,005,d,Ozone_8-hr.2015.Denver,2/28/2026
COLORADO,CO,Arapahoe County,Carbon Monoxide (1971),,"Denver-Boulder, CO",FALSE,92,93,94,95,96,97,98,99,00,01,,,,,,,,,,,,,,,,,,,,,,,,,,1/14/2002,,Serious,P,567075,08,005,A,CO.1990.Denver,2/28/2026
COLORADO,CO,Arapahoe County,PM-10 (1987),,"Adams, Denver, and Boulder Counties; Denver Metropolitan area, CO",FALSE,92,93,94,95,96,97,98,99,00,01,,,,,,,,,,,,,,,,,,,,,,,,,,10/16/2002,,Moderate,P,567075,08,005,B,PM-10.1990.Denver,2/28/2026
COLORADO,CO,Archuleta County,PM-10 (1987),,"Archuleta County; Pagosa Springs, CO",FALSE,92,93,94,95,96,97,98,99,00,,,,,,,,,,,,,,,,,,,,,,,,,,,8/14/2001,,Moderate,P,2261,08,007,B,PM-10.1990.Pagosa_Springs,2/28/2026
COLORADO,CO,Boulder County,1-Hour Ozone (1979),Revoked,"Denver-Boulder, CO",FALSE,92,93,94,95,96,97,98,99,00,,,,,,,,,,,,,,,,,,,,,,,,,,,10/11/2001,,Section 185A,P,294556,08,013,J,Ozone_1-hr.1990.Denver,2/28/2026
COLORADO,CO,Boulder County,8-Hour Ozone (1997),Revoked,"Denver-Boulder-Greeley-Ft. Collins-Loveland, CO",FALSE,,,,,,,,,,,,,,,,07,08,09,10,11,12,13,14,,,,,,,,,,,,,  -   -,Yes,Marginal,W,294567,08,013,f,Ozone_8-hr.1997.Denver,2/28/2026
COLORADO,CO,Boulder County,8-Hour Ozone (2008),,"Denver-Boulder-Greeley-Ft. Collins-Loveland, CO",FALSE,,,,,,,,,,,,,,,,,,,,,12,13,14,15,16,17,18,19,20,21,22,23,24,25,26,  -   -,Yes,Severe 15,W,294567,08,013,c,Ozone_8-hr.2008.Denver,2/28/2026
COLORADO,CO,Boulder County,8-Hour Ozone (2015),,"Denver Metro/North Front Range, CO",FALSE,,,,,,,,,,,,,,,,,,,,,,,,,,,18,19,20,21,22,23,24,25,26,  -   -,Yes,Serious,W,294567,08,013,d,Ozone_8-hr.2015.Denver,2/28/2026
COLORADO,CO,Boulder County,Carbon Monoxide (1971),,"Denver-Boulder, CO",FALSE,92,93,94,95,96,97,98,99,00,01,,,,,,,,,,,,,,,,,,,,,,,,,,1/14/2002,,Serious,P,203419,08,013,A,CO.1990.Denver,2/28/2026
COLORADO,CO,Boulder County,Carbon Monoxide (1971),,"Longmont, CO",FALSE,92,93,94,95,96,97,98,,,,,,,,,,,,,,,,,,,,,,,,,,,,,11/23/1999,,Moderate <= 12.7ppm,P,36697,08,013,C,CO.1990.Longmont,2/28/2026
COLORADO,CO,Boulder County,PM-10 (1987),,"Adams, Denver, and Boulder Counties; Denver Metropolitan area, CO",FALSE,92,93,94,95,96,97,98,99,00,01,,,,,,,,,,,,,,,,,,,,,,,,,,10/16/2002,,Moderate,P,294556,08,013,B,PM-10.1990.Denver,2/28/2026
COLORADO,CO,Broomfield County,1-Hour Ozone (1979),Revoked,"Denver-Boulder, CO",FALSE,92,93,94,95,96,97,98,99,00,,,,,,,,,,,,,,,,,,,,,,,,,,,10/11/2001,,Section 185A,W,55889,08,014,J,Ozone_1-hr.1990.Denver,2/28/2026
COLORADO,CO,Broomfield County,8-Hour Ozone (1997),Revoked,"Denver-Boulder-Greeley-Ft. Collins-Loveland, CO",FALSE,,,,,,,,,,,,,,,,07,08,09,10,11,12,13,14,,,,,,,,,,,,,  -   -,Yes,Marginal,W,55889,08,014,f,Ozone_8-hr.1997.Denver,2/28/2026
COLORADO,CO,Broomfield County,8-Hour Ozone (2008),,"Denver-Boulder-Greeley-Ft. Collins-Loveland, CO",FALSE,,,,,,,,,,,,,,,,,,,,,12,13,14,15,16,17,18,19,20,21,22,23,24,25,26,  -   -,Yes,Severe 15,W,55889,08,014,c,Ozone_8-hr.2008.Denver,2/28/2026
COLORADO,CO,Broomfield County,8-Hour Ozone (2015),,"Denver Metro/North Front Range, CO",FALSE,,,,,,,,,,,,,,,,,,,,,,,,,,,18,19,20,21,22,23,24,25,26,  -   -,Yes,Serious,W,55889,08,014,d,Ozone_8-hr.2015.Denver,2/28/2026
COLORADO,CO,Broomfield County,Carbon Monoxide (1971),,"Denver-Boulder, CO",FALSE,92,93,94,95,96,97,98,99,00,01,,,,,,,,,,,,,,,,,,,,,,,,,,1/14/2002,,Serious,W,55889,08,014,A,CO.1990.Denver,2/28/2026
COLORADO,CO,Broomfield County,PM-10 (1987),,"Adams, Denver, and Boulder Counties; Denver Metropolitan area, CO",FALSE,92,93,94,95,96,97,98,99,00,01,,,,,,,,,,,,,,,,,,,,,,,,,,10/16/2002,,Moderate,W,55889,08,014,B,PM-10.1990.Denver,2/28/2026
COLORADO,CO,Denver County,1-Hour Ozone (1979),Revoked,"Denver-Boulder, CO",FALSE,92,93,94,95,96,97,98,99,00,,,,,,,,,,,,,,,,,,,,,,,,,,,10/11/2001,,Section 185A,W,600158,08,031,J,Ozone_1-hr.1990.Denver,2/28/2026
COLORADO,CO,Denver County,8-Hour Ozone (1997),Revoked,"Denver-Boulder-Greeley-Ft. Collins-Loveland, CO",FALSE,,,,,,,,,,,,,,,,07,08,09,10,11,12,13,14,,,,,,,,,,,,,  -   -,Yes,Marginal,W,600158,08,031,f,Ozone_8-hr.1997.Denver,2/28/2026
COLORADO,CO,Denver County,8-Hour Ozone (2008),,"Denver-Boulder-Greeley-Ft. Collins-Loveland, CO",FALSE,,,,,,,,,,,,,,,,,,,,,12,13,14,15,16,17,18,19,20,21,22,23,24,25,26,  -   -,Yes,Severe 15,W,600158,08,031,c,Ozone_8-hr.2008.Denver,2/28/2026
COLORADO,CO,Denver County,8-Hour Ozone (2015),,"Denver Metro/North Front Range, CO",FALSE,,,,,,,,,,,,,,,,,,,,,,,,,,,18,19,20,21,22,23,24,25,26,  -   -,Yes,Serious,W,600158,08,031,d,Ozone_8-hr.2015.Denver,2/28/2026
COLORADO,CO,Denver County,Carbon Monoxide (1971),,"Denver-Boulder, CO",FALSE,92,93,94,95,96,97,98,99,00,01,,,,,,,,,,,,,,,,,,,,,,,,,,1/14/2002,,Serious,W,600158,08,031,A,CO.1990.Denver,2/28/2026
COLORADO,CO,Denver County,PM-10 (1987),,"Adams, Denver, and Boulder Counties; Denver Metropolitan area, CO",FALSE,92,93,94,95,96,97,98,99,00,01,,,,,,,,,,,,,,,,,,,,,,,,,,10/16/2002,,Moderate,W,600158,08,031,B,PM-10.1990.Denver,2/28/2026
COLORADO,CO,Douglas County,1-Hour Ozone (1979),Revoked,"Denver-Boulder, CO",FALSE,92,93,94,95,96,97,98,99,00,,,,,,,,,,,,,,,,,,,,,,,,,,,10/11/2001,,Section 185A,W,285465,08,035,J,Ozone_1-hr.1990.Denver,2/28/2026
COLORADO,CO,Douglas County,8-Hour Ozone (1997),Revoked,"Denver-Boulder-Greeley-Ft. Collins-Loveland, CO",FALSE,,,,,,,,,,,,,,,,07,08,09,10,11,12,13,14,,,,,,,,,,,,,  -   -,Yes,Marginal,W,285465,08,035,f,Ozone_8-hr.1997.Denver,2/28/2026
COLORADO,CO,Douglas County,8-Hour Ozone (2008),,"Denver-Boulder-Greeley-Ft. Collins-Loveland, CO",FALSE,,,,,,,,,,,,,,,,,,,,,12,13,14,15,16,17,18,19,20,21,22,23,24,25,26,  -   -,Yes,Severe 15,W,285465,08,035,c,Ozone_8-hr.2008.Denver,2/28/2026
COLORADO,CO,Douglas County,8-Hour Ozone (2015),,"Denver Metro/North Front Range, CO",FALSE,,,,,,,,,,,,,,,,,,,,,,,,,,,18,19,20,21,22,23,24,25,26,  -   -,Yes,Serious,W,285465,08,035,d,Ozone_8-hr.2015.Denver,2/28/2026
COLORADO,CO,Douglas County,Carbon Monoxide (1971),,"Denver-Boulder, CO",FALSE,92,93,94,95,96,97,98,99,00,01,,,,,,,,,,,,,,,,,,,,,,,,,,1/14/2002,,Serious,P,236334,08,035,A,CO.1990.Denver,2/28/2026
COLORADO,CO,Douglas County,PM-10 (1987),,"Adams, Denver, and Boulder Counties; Denver Metropolitan area, CO",FALSE,92,93,94,95,96,97,98,99,00,01,,,,,,,,,,,,,,,,,,,,,,,,,,10/16/2002,,Moderate,W,285465,08,035,B,PM-10.1990.Denver,2/28/2026
COLORADO,CO,El Paso County,Carbon Monoxide (1971),,"Colorado Springs, CO",FALSE,92,93,94,95,96,97,98,,,,,,,,,,,,,,,,,,,,,,,,,,,,,10/25/1999,,Moderate <= 12.7ppm,P,540760,08,041,C,CO.1990.Colorado_Springs,2/28/2026
COLORADO,CO,Fremont County,PM-10 (1987),,"Fremont County; Canon City Area, CO",FALSE,92,93,94,95,96,97,98,99,,,,,,,,,,,,,,,,,,,,,,,,,,,,7/31/2000,,Moderate,P,18860,08,043,B,PM-10.1990.Canon_City,2/28/2026
COLORADO,CO,Jefferson County,1-Hour Ozone (1979),Revoked,"Denver-Boulder, CO",FALSE,92,93,94,95,96,97,98,99,00,,,,,,,,,,,,,,,,,,,,,,,,,,,10/11/2001,,Section 185A,W,534543,08,059,J,Ozone_1-hr.1990.Denver,2/28/2026
COLORADO,CO,Jefferson County,8-Hour Ozone (1997),Revoked,"Denver-Boulder-Greeley-Ft. Collins-Loveland, CO",FALSE,,,,,,,,,,,,,,,,07,08,09,10,11,12,13,14,,,,,,,,,,,,,  -   -,Yes,Marginal,W,534543,08,059,f,Ozone_8-hr.1997.Denver,2/28/2026
COLORADO,CO,Jefferson County,8-Hour Ozone (2008),,"Denver-Boulder-Greeley-Ft. Collins-Loveland, CO",FALSE,,,,,,,,,,,,,,,,,,,,,12,13,14,15,16,17,18,19,20,21,22,23,24,25,26,  -   -,Yes,Severe 15,W,534543,08,059,c,Ozone_8-hr.2008.Denver,2/28/2026
COLORADO,CO,Jefferson County,8-Hour Ozone (2015),,"Denver Metro/North Front Range, CO",FALSE,,,,,,,,,,,,,,,,,,,,,,,,,,,18,19,20,21,22,23,24,25,26,  -   -,Yes,Serious,W,534543,08,059,d,Ozone_8-hr.2015.Denver,2/28/2026
COLORADO,CO,Jefferson County,Carbon Monoxide (1971),,"Denver-Boulder, CO",FALSE,92,93,94,95,96,97,98,99,00,01,,,,,,,,,,,,,,,,,,,,,,,,,,1/14/2002,,Serious,P,514924,08,059,A,CO.1990.Denver,2/28/2026
COLORADO,CO,Jefferson County,PM-10 (1987),,"Adams, Denver, and Boulder Counties; Denver Metropolitan area, CO",FALSE,92,93,94,95,96,97,98,99,00,01,,,,,,,,,,,,,,,,,,,,,,,,,,10/16/2002,,Moderate,W,534543,08,059,B,PM-10.1990.Denver,2/28/2026
COLORADO,CO,Larimer County,8-Hour Ozone (1997),Revoked,"Denver-Boulder-Greeley-Ft. Collins-Loveland, CO",FALSE,,,,,,,,,,,,,,,,07,08,09,10,11,12,13,14,,,,,,,,,,,,,  -   -,Yes,Marginal,P,294389,08,069,f,Ozone_8-hr.1997.Denver,2/28/2026
COLORADO,CO,Larimer County,8-Hour Ozone (2008),,"Denver-Boulder-Greeley-Ft. Collins-Loveland, CO",FALSE,,,,,,,,,,,,,,,,,,,,,12,13,14,15,16,17,18,19,20,21,22,23,24,25,26,  -   -,Yes,Severe 15,P,294389,08,069,c,Ozone_8-hr.2008.Denver,2/28/2026
COLORADO,CO,Larimer County,8-Hour Ozone (2015),,"Denver Metro/North Front Range, CO",FALSE,,,,,,,,,,,,,,,,,,,,,,,,,,,18,19,20,21,22,23,24,25,26,  -   -,Yes,Serious,P,294170,08,069,d,Ozone_8-hr.2015.Denver,2/28/2026
COLORADO,CO,Larimer County,Carbon Monoxide (1971),,"Fort Collins, CO",FALSE,92,93,94,95,96,97,98,99,00,01,02,,,,,,,,,,,,,,,,,,,,,,,,,9/22/2003,,Moderate <= 12.7ppm,P,170639,08,069,C,CO.1990.Fort_Collins,2/28/2026
COLORADO,CO,Pitkin County,PM-10 (1987),,"Pitkin County; Aspen, CO",FALSE,92,93,94,95,96,97,98,99,00,01,02,,,,,,,,,,,,,,,,,,,,,,,,,7/14/2003,,Moderate,P,6772,08,097,B,PM-10.1990.Aspen,2/28/2026
COLORADO,CO,Prowers County,PM-10 (1987),,"Prowers County; Lamar, CO",FALSE,92,93,94,95,96,97,98,99,00,01,02,03,04,,,,,,,,,,,,,,,,,,,,,,,11/25/2005,,Moderate,P,7523,08,099,B,PM-10.1990.Lamar,2/28/2026
COLORADO,CO,Routt County,PM-10 (1987),,"Routt County (part); Steamboat Springs, CO",FALSE,,,94,95,96,97,98,99,00,01,02,03,,,,,,,,,,,,,,,,,,,,,,,,11/24/2004,,Moderate,P,12088,08,107,B,PM-10.1990.Steamboat_Springs,2/28/2026
COLORADO,CO,San Miguel County,PM-10 (1987),,"San Miguel County; Telluride, CO",FALSE,92,93,94,95,96,97,98,99,00,,,,,,,,,,,,,,,,,,,,,,,,,,,8/14/2001,,Moderate,P,2014,08,113,B,PM-10.1990.Telluride,2/28/2026
COLORADO,CO,Teller County,Carbon Monoxide (1971),,"Colorado Springs, CO",FALSE,92,93,94,95,96,97,98,,,,,,,,,,,,,,,,,,,,,,,,,,,,,10/25/1999,,Moderate <= 12.7ppm,P,14982,08,119,C,CO.1990.Colorado_Springs,2/28/2026
COLORADO,CO,Weld County,8-Hour Ozone (1997),Revoked,"Denver-Boulder-Greeley-Ft. Collins-Loveland, CO",FALSE,,,,,,,,,,,,,,,,07,08,09,10,11,12,13,14,,,,,,,,,,,,,  -   -,Yes,Marginal,P,251522,08,123,f,Ozone_8-hr.1997.Denver,2/28/2026
COLORADO,CO,Weld County,8-Hour Ozone (2008),,"Denver-Boulder-Greeley-Ft. Collins-Loveland, CO",FALSE,,,,,,,,,,,,,,,,,,,,,12,13,14,15,16,17,18,19,20,21,22,23,24,25,26,  -   -,Yes,Severe 15,P,251522,08,123,c,Ozone_8-hr.2008.Denver,2/28/2026
COLORADO,CO,Weld County,8-Hour Ozone (2015),,"Denver Metro/North Front Range, CO",FALSE,,,,,,,,,,,,,,,,,,,,,,,,,,,18,19,20,21,22,23,24,25,26,  -   -,Yes,Serious,W,252825,08,123,d,Ozone_8-hr.2015.Denver,2/28/2026
COLORADO,CO,Weld County,Carbon Monoxide (1971),,"Greeley, CO",FALSE,92,93,94,95,96,97,98,,,,,,,,,,,,,,,,,,,,,,,,,,,,,5/10/1999,,Not Classified,P,138101,08,123,D,CO.1990.Greeley,2/28/2026
COLORADO,CO,Weld County,Carbon Monoxide (1971),,"Longmont, CO",FALSE,92,93,94,95,96,97,98,,,,,,,,,,,,,,,,,,,,,,,,,,,,,11/23/1999,,Moderate <= 12.7ppm,P,49861,08,123,C,CO.1990.Longmont,2/28/2026
CONNECTICUT,CT,Fairfield County,1-Hour Ozone (1979),Revoked,"Greater Connecticut, CT",FALSE,92,93,94,95,96,97,98,99,00,01,02,03,04,,,,,,,,,,,,,,,,,,,,,,,  -   -,Yes,Serious,P,39559,09,001,D,Ozone_1-hr.1990.Connecticut,2/28/2026
CONNECTICUT,CT,Fairfield County,1-Hour Ozone (1979),Revoked,"New York-N. New Jersey-Long Island, NY-NJ-CT",FALSE,92,93,94,95,96,97,98,99,00,01,02,03,04,,,,,,,,,,,,,,,,,,,,,,,  -   -,Yes,Severe-17,P,877270,09,001,B,Ozone_1-hr.1990.New_York,2/28/2026
CONNECTICUT,CT,Fairfield County,8-Hour Ozone (1997),Revoked,"New York-N. New Jersey-Long Island, NY-NJ-CT",FALSE,,,,,,,,,,,,,04,05,06,07,08,09,10,11,12,13,14,,,,,,,,,,,,,  -   -,Yes,Moderate,W,916829,09,001,e,Ozone_8-hr.1997.New_York,2/28/2026
CONNECTICUT,CT,Fairfield County,8-Hour Ozone (2008),,"New York-N. New Jersey-Long Island, NY-NJ-CT",FALSE,,,,,,,,,,,,,,,,,,,,,12,13,14,15,16,17,18,19,20,21,22,23,24,25,26,  -   -,Yes,Severe 15,W,916829,09,001,c,Ozone_8-hr.2008.New_York,2/28/2026
CONNECTICUT,CT,Fairfield County,8-Hour Ozone (2015),,"New York-Northern New Jersey-Long Island, NY-NJ-CT",FALSE,,,,,,,,,,,,,,,,,,,,,,,,,,,18,19,20,21,22,23,24,25,26,  -   -,Yes,Serious,W,916829,09,001,d,Ozone_8-hr.2015.New_York,2/28/2026
CONNECTICUT,CT,Fairfield County,Carbon Monoxide (1971),,"New Haven-Meriden-Waterbury, CT",FALSE,92,93,94,95,96,97,,,,,,,,,,,,,,,,,,,,,,,,,,,,,,12/4/1998,,Not Classified,P,39579,09,001,D,CO.1990.New_Haven,2/28/2026
CONNECTICUT,CT,Fairfield County,Carbon Monoxide (1971),,"New York-N. New Jersey-Long Island, NY-NJ-CT",FALSE,92,93,94,95,96,97,98,,,,,,,,,,,,,,,,,,,,,,,,,,,,,5/10/1999,,Moderate > 12.7ppm,P,877270,09,001,B,CO.1990.New_York,2/28/2026
CONNECTICUT,CT,Fairfield County,PM-2.5 (1997),,"New York-N. New Jersey-Long Island, NY-NJ-CT",FALSE,,,,,,,,,,,,,,05,06,07,08,09,10,11,12,,,,,,,,,,,,,,,10/24/2013,,Former Subpart 1,W,916829,09,001,g,PM-2.5.1997.New_York,2/28/2026
CONNECTICUT,CT,Fairfield County,PM-2.5 (2006),,"New York-N. New Jersey-Long Island, NY-NJ-CT",FALSE,,,,,,,,,,,,,,,,,,09,10,11,12,,,,,,,,,,,,,,,10/24/2013,,Former Subpart 1,W,916829,09,001,g,PM-2.5.2006.New_York,2/28/2026
CONNECTICUT,CT,Hartford County,1-Hour Ozone (1979),Revoked,"Greater Connecticut, CT",FALSE,92,93,94,95,96,97,98,99,00,01,02,03,04,,,,,,,,,,,,,,,,,,,,,,,  -   -,Yes,Serious,W,894014,09,003,D,Ozone_1-hr.1990.Connecticut,2/28/2026
CONNECTICUT,CT,Hartford County,8-Hour Ozone (1997),Revoked,"Greater Connecticut, CT",FALSE,,,,,,,,,,,,,04,05,06,07,08,09,10,11,12,13,14,,,,,,,,,,,,,  -   -,Yes,Moderate,W,894014,09,003,e,Ozone_8-hr.1997.Connecticut,2/28/2026
CONNECTICUT,CT,Hartford County,8-Hour Ozone (2008),,"Greater Connecticut, CT",FALSE,,,,,,,,,,,,,,,,,,,,,12,13,14,15,16,17,18,19,20,21,22,23,24,25,26,  -   -,Yes,Serious,W,894014,09,003,d,Ozone_8-hr.2008.Connecticut,2/28/2026
CONNECTICUT,CT,Hartford County,8-Hour Ozone (2015),,"Greater Connecticut, CT",FALSE,,,,,,,,,,,,,,,,,,,,,,,,,,,18,19,20,21,22,23,24,25,26,  -   -,Yes,Serious,W,894014,09,003,d,Ozone_8-hr.2015.Connecticut,2/28/2026
CONNECTICUT,CT,Hartford County,Carbon Monoxide (1971),,"Hartford-New Britain-Middletown, CT",FALSE,92,93,94,95,,,,,,,,,,,,,,,,,,,,,,,,,,,,,,,,1/2/1996,,Moderate <= 12.7ppm,P,891900,09,003,C,CO.1990.Hartford,2/28/2026
CONNECTICUT,CT,Litchfield County,1-Hour Ozone (1979),Revoked,"Greater Connecticut, CT",FALSE,92,93,94,95,96,97,98,99,00,01,02,03,04,,,,,,,,,,,,,,,,,,,,,,,  -   -,Yes,Serious,P,160058,09,005,D,Ozone_1-hr.1990.Connecticut,2/28/2026
CONNECTICUT,CT,Litchfield County,1-Hour Ozone (1979),Revoked,"New York-N. New Jersey-Long Island, NY-NJ-CT",FALSE,92,93,94,95,96,97,98,99,00,01,02,03,04,,,,,,,,,,,,,,,,,,,,,,,  -   -,Yes,Severe-17,P,30172,09,005,B,Ozone_1-hr.1990.New_York,2/28/2026
CONNECTICUT,CT,Litchfield County,8-Hour Ozone (1997),Revoked,"Greater Connecticut, CT",FALSE,,,,,,,,,,,,,04,05,06,07,08,09,10,11,12,13,14,,,,,,,,,,,,,  -   -,Yes,Moderate,W,189927,09,005,e,Ozone_8-hr.1997.Connecticut,2/28/2026
CONNECTICUT,CT,Litchfield County,8-Hour Ozone (2008),,"Greater Connecticut, CT",FALSE,,,,,,,,,,,,,,,,,,,,,12,13,14,15,16,17,18,19,20,21,22,23,24,25,26,  -   -,Yes,Serious,W,189927,09,005,d,Ozone_8-hr.2008.Connecticut,2/28/2026
CONNECTICUT,CT,Litchfield County,8-Hour Ozone (2015),,"Greater Connecticut, CT",FALSE,,,,,,,,,,,,,,,,,,,,,,,,,,,18,19,20,21,22,23,24,25,26,  -   -,Yes,Serious,W,189927,09,005,d,Ozone_8-hr.2015.Connecticut,2/28/2026
CONNECTICUT,CT,Litchfield County,Carbon Monoxide (1971),,"Hartford-New Britain-Middletown, CT",FALSE,92,93,94,95,,,,,,,,,,,,,,,,,,,,,,,,,,,,,,,,1/2/1996,,Moderate <= 12.7ppm,P,12127,09,005,C,CO.1990.Hartford,2/28/2026
CONNECTICUT,CT,Litchfield County,Carbon Monoxide (1971),,"New Haven-Meriden-Waterbury, CT",FALSE,92,93,94,95,96,97,,,,,,,,,,,,,,,,,,,,,,,,,,,,,,12/4/1998,,Not Classified,P,43556,09,005,D,CO.1990.New_Haven,2/28/2026
CONNECTICUT,CT,Litchfield County,Carbon Monoxide (1971),,"New York-N. New Jersey-Long Island, NY-NJ-CT",FALSE,92,93,94,95,96,97,98,,,,,,,,,,,,,,,,,,,,,,,,,,,,,5/10/1999,,Moderate > 12.7ppm,P,30172,09,005,B,CO.1990.New_York,2/28/2026
CONNECTICUT,CT,Middlesex County,1-Hour Ozone (1979),Revoked,"Greater Connecticut, CT",FALSE,92,93,94,95,96,97,98,99,00,01,02,03,04,,,,,,,,,,,,,,,,,,,,,,,  -   -,Yes,Serious,W,165676,09,007,D,Ozone_1-hr.1990.Connecticut,2/28/2026
CONNECTICUT,CT,Middlesex County,8-Hour Ozone (1997),Revoked,"New York-N. New Jersey-Long Island, NY-NJ-CT",FALSE,,,,,,,,,,,,,04,05,06,07,08,09,10,11,12,13,14,,,,,,,,,,,,,  -   -,Yes,Moderate,W,165676,09,007,e,Ozone_8-hr.1997.New_York,2/28/2026
CONNECTICUT,CT,Middlesex County,8-Hour Ozone (2008),,"New York-N. New Jersey-Long Island, NY-NJ-CT",FALSE,,,,,,,,,,,,,,,,,,,,,12,13,14,15,16,17,18,19,20,21,22,23,24,25,26,  -   -,Yes,Severe 15,W,165676,09,007,c,Ozone_8-hr.2008.New_York,2/28/2026
CONNECTICUT,CT,Middlesex County,8-Hour Ozone (2015),,"New York-Northern New Jersey-Long Island, NY-NJ-CT",FALSE,,,,,,,,,,,,,,,,,,,,,,,,,,,18,19,20,21,22,23,24,25,26,  -   -,Yes,Serious,W,165676,09,007,d,Ozone_8-hr.2015.New_York,2/28/2026
CONNECTICUT,CT,Middlesex County,Carbon Monoxide (1971),,"Hartford-New Britain-Middletown, CT",FALSE,92,93,94,95,,,,,,,,,,,,,,,,,,,,,,,,,,,,,,,,1/2/1996,,Moderate <= 12.7ppm,P,113405,09,007,C,CO.1990.Hartford,2/28/2026
CONNECTICUT,CT,New Haven County,1-Hour Ozone (1979),Revoked,"Greater Connecticut, CT",FALSE,92,93,94,95,96,97,98,99,00,01,02,03,04,,,,,,,,,,,,,,,,,,,,,,,  -   -,Yes,Serious,W,862477,09,009,D,Ozone_1-hr.1990.Connecticut,2/28/2026
CONNECTICUT,CT,New Haven County,8-Hour Ozone (1997),Revoked,"New York-N. New Jersey-Long Island, NY-NJ-CT",FALSE,,,,,,,,,,,,,04,05,06,07,08,09,10,11,12,13,14,,,,,,,,,,,,,  -   -,Yes,Moderate,W,862477,09,009,e,Ozone_8-hr.1997.New_York,2/28/2026
CONNECTICUT,CT,New Haven County,8-Hour Ozone (2008),,"New York-N. New Jersey-Long Island, NY-NJ-CT",FALSE,,,,,,,,,,,,,,,,,,,,,12,13,14,15,16,17,18,19,20,21,22,23,24,25,26,  -   -,Yes,Severe 15,W,862477,09,009,c,Ozone_8-hr.2008.New_York,2/28/2026
CONNECTICUT,CT,New Haven County,8-Hour Ozone (2015),,"New York-Northern New Jersey-Long Island, NY-NJ-CT",FALSE,,,,,,,,,,,,,,,,,,,,,,,,,,,18,19,20,21,22,23,24,25,26,  -   -,Yes,Serious,W,862477,09,009,d,Ozone_8-hr.2015.New_York,2/28/2026
CONNECTICUT,CT,New Haven County,Carbon Monoxide (1971),,"New Haven-Meriden-Waterbury, CT",FALSE,92,93,94,95,96,97,,,,,,,,,,,,,,,,,,,,,,,,,,,,,,12/4/1998,,Not Classified,W,862477,09,009,D,CO.1990.New_Haven,2/28/2026
CONNECTICUT,CT,New Haven County,PM-2.5 (1997),,"New York-N. New Jersey-Long Island, NY-NJ-CT",FALSE,,,,,,,,,,,,,,05,06,07,08,09,10,11,12,,,,,,,,,,,,,,,10/24/2013,,Former Subpart 1,W,862477,09,009,g,PM-2.5.1997.New_York,2/28/2026
CONNECTICUT,CT,New Haven County,PM-2.5 (2006),,"New York-N. New Jersey-Long Island, NY-NJ-CT",FALSE,,,,,,,,,,,,,,,,,,09,10,11,12,,,,,,,,,,,,,,,10/24/2013,,Former Subpart 1,W,862477,09,009,g,PM-2.5.2006.New_York,2/28/2026
CONNECTICUT,CT,New London County,1-Hour Ozone (1979),Revoked,"Greater Connecticut, CT",FALSE,92,93,94,95,96,97,98,99,00,01,02,03,04,,,,,,,,,,,,,,,,,,,,,,,  -   -,Yes,Serious,W,274055,09,011,D,Ozone_1-hr.1990.Connecticut,2/28/2026
CONNECTICUT,CT,New London County,8-Hour Ozone (1997),Revoked,"Greater Connecticut, CT",FALSE,,,,,,,,,,,,,04,05,06,07,08,09,10,11,12,13,14,,,,,,,,,,,,,  -   -,Yes,Moderate,W,274055,09,011,e,Ozone_8-hr.1997.Connecticut,2/28/2026
CONNECTICUT,CT,New London County,8-Hour Ozone (2008),,"Greater Connecticut, CT",FALSE,,,,,,,,,,,,,,,,,,,,,12,13,14,15,16,17,18,19,20,21,22,23,24,25,26,  -   -,Yes,Serious,W,274055,09,011,d,Ozone_8-hr.2008.Connecticut,2/28/2026
CONNECTICUT,CT,New London County,8-Hour Ozone (2015),,"Greater Connecticut, CT",FALSE,,,,,,,,,,,,,,,,,,,,,,,,,,,18,19,20,21,22,23,24,25,26,  -   -,Yes,Serious,W,274055,09,011,d,Ozone_8-hr.2015.Connecticut,2/28/2026
CONNECTICUT,CT,Tolland County,1-Hour Ozone (1979),Revoked,"Greater Connecticut, CT",FALSE,92,93,94,95,96,97,98,99,00,01,02,03,04,,,,,,,,,,,,,,,,,,,,,,,  -   -,Yes,Serious,W,152691,09,013,D,Ozone_1-hr.1990.Connecticut,2/28/2026
CONNECTICUT,CT,Tolland County,8-Hour Ozone (1997),Revoked,"Greater Connecticut, CT",FALSE,,,,,,,,,,,,,04,05,06,07,08,09,10,11,12,13,14,,,,,,,,,,,,,  -   -,Yes,Moderate,W,152691,09,013,e,Ozone_8-hr.1997.Connecticut,2/28/2026
CONNECTICUT,CT,Tolland County,8-Hour Ozone (2008),,"Greater Connecticut, CT",FALSE,,,,,,,,,,,,,,,,,,,,,12,13,14,15,16,17,18,19,20,21,22,23,24,25,26,  -   -,Yes,Serious,W,152691,09,013,d,Ozone_8-hr.2008.Connecticut,2/28/2026
CONNECTICUT,CT,Tolland County,8-Hour Ozone (2015),,"Greater Connecticut, CT",FALSE,,,,,,,,,,,,,,,,,,,,,,,,,,,18,19,20,21,22,23,24,25,26,  -   -,Yes,Serious,W,152691,09,013,d,Ozone_8-hr.2015.Connecticut,2/28/2026
CONNECTICUT,CT,Tolland County,Carbon Monoxide (1971),,"Hartford-New Britain-Middletown, CT",FALSE,92,93,94,95,,,,,,,,,,,,,,,,,,,,,,,,,,,,,,,,1/2/1996,,Moderate <= 12.7ppm,P,89246,09,013,C,CO.1990.Hartford,2/28/2026
CONNECTICUT,CT,Windham County,1-Hour Ozone (1979),Revoked,"Greater Connecticut, CT",FALSE,92,93,94,95,96,97,98,99,00,01,02,03,04,,,,,,,,,,,,,,,,,,,,,,,  -   -,Yes,Serious,W,118428,09,015,D,Ozone_1-hr.1990.Connecticut,2/28/2026
CONNECTICUT,CT,Windham County,8-Hour Ozone (1997),Revoked,"Greater Connecticut, CT",FALSE,,,,,,,,,,,,,04,05,06,07,08,09,10,11,12,13,14,,,,,,,,,,,,,  -   -,Yes,Moderate,W,118428,09,015,e,Ozone_8-hr.1997.Connecticut,2/28/2026
CONNECTICUT,CT,Windham County,8-Hour Ozone (2008),,"Greater Connecticut, CT",FALSE,,,,,,,,,,,,,,,,,,,,,12,13,14,15,16,17,18,19,20,21,22,23,24,25,26,  -   -,Yes,Serious,W,118428,09,015,d,Ozone_8-hr.2008.Connecticut,2/28/2026
CONNECTICUT,CT,Windham County,8-Hour Ozone (2015),,"Greater Connecticut, CT",FALSE,,,,,,,,,,,,,,,,,,,,,,,,,,,18,19,20,21,22,23,24,25,26,  -   -,Yes,Serious,W,118428,09,015,d,Ozone_8-hr.2015.Connecticut,2/28/2026
DELAWARE,DE,Kent County,1-Hour Ozone (1979),Revoked,"Philadelphia-Wilmington-Trenton, PA-NJ-DE-MD",FALSE,92,93,94,95,96,97,98,99,00,01,02,03,04,,,,,,,,,,,,,,,,,,,,,,,  -   -,Yes,Severe-15,W,162310,10,001,C,Ozone_1-hr.1990.Philadelphia,2/28/2026
DELAWARE,DE,Kent County,8-Hour Ozone (1997),Revoked,"Philadelphia-Wilmington-Atlantic City, PA-NJ-MD-DE",FALSE,,,,,,,,,,,,,04,05,06,07,08,09,10,11,12,13,14,,,,,,,,,,,,,  -   -,Yes,Moderate,W,162310,10,001,e,Ozone_8-hr.1997.Philadelphia,2/28/2026
DELAWARE,DE,New Castle County,1-Hour Ozone (1979),Revoked,"Philadelphia-Wilmington-Trenton, PA-NJ-DE-MD",FALSE,92,93,94,95,96,97,98,99,00,01,02,03,04,,,,,,,,,,,,,,,,,,,,,,,  -   -,Yes,Severe-15,W,538479,10,003,C,Ozone_1-hr.1990.Philadelphia,2/28/2026
DELAWARE,DE,New Castle County,8-Hour Ozone (1997),Revoked,"Philadelphia-Wilmington-Atlantic City, PA-NJ-MD-DE",FALSE,,,,,,,,,,,,,04,05,06,07,08,09,10,11,12,13,14,,,,,,,,,,,,,  -   -,Yes,Moderate,W,538479,10,003,e,Ozone_8-hr.1997.Philadelphia,2/28/2026
DELAWARE,DE,New Castle County,8-Hour Ozone (2008),,"Philadelphia-Wilmington-Atlantic City, PA-NJ-MD-DE",FALSE,,,,,,,,,,,,,,,,,,,,,12,13,14,15,16,17,18,19,20,21,22,23,24,25,26,  -   -,Yes,Marginal,W,538479,10,003,f,Ozone_8-hr.2008.Philadelphia,2/28/2026
DELAWARE,DE,New Castle County,8-Hour Ozone (2015),,"Philadelphia-Wilmington-Atlantic City, PA-NJ-MD-DE",FALSE,,,,,,,,,,,,,,,,,,,,,,,,,,,18,19,20,21,22,23,24,25,26,  -   -,Yes,Serious,W,538479,10,003,d,Ozone_8-hr.2015.Philadelphia,2/28/2026
DELAWARE,DE,New Castle County,PM-2.5 (1997),,"Philadelphia-Wilmington, PA-NJ-DE",FALSE,,,,,,,,,,,,,,05,06,07,08,09,10,11,12,13,,,,,,,,,,,,,,9/4/2014,,Moderate,W,538479,10,003,e,PM-2.5.1997.Philadelphia,2/28/2026
DELAWARE,DE,New Castle County,PM-2.5 (2006),,"Philadelphia-Wilmington, PA-NJ-DE",FALSE,,,,,,,,,,,,,,,,,,09,10,11,12,13,,,,,,,,,,,,,,9/4/2014,,Moderate,W,538479,10,003,e,PM-2.5.2006.Philadelphia,2/28/2026
DELAWARE,DE,Sussex County,1-Hour Ozone (1979),Revoked,"Sussex County, DE",FALSE,92,93,94,95,96,97,98,99,00,01,02,03,04,,,,,,,,,,,,,,,,,,,,,,,  -   -,Yes,Marginal,W,197145,10,005,G,Ozone_1-hr.1990.Sussex_Co,2/28/2026
DELAWARE,DE,Sussex County,8-Hour Ozone (1997),Revoked,"Philadelphia-Wilmington-Atlantic City, PA-NJ-MD-DE",FALSE,,,,,,,,,,,,,04,05,06,07,08,09,10,11,12,13,14,,,,,,,,,,,,,  -   -,Yes,Moderate,W,197145,10,005,e,Ozone_8-hr.1997.Philadelphia,2/28/2026
DELAWARE,DE,Sussex County,8-Hour Ozone (2008),,"Seaford, DE",FALSE,,,,,,,,,,,,,,,,,,,,,12,13,14,15,16,17,18,19,20,21,22,23,24,25,26,  -   -,Yes,Marginal,W,197145,10,005,f,Ozone_8-hr.2008.Sussex_Co,2/28/2026
DISTRICT OF COLUMBIA,DC,District of Columbia,1-Hour Ozone (1979),Revoked,"Washington, DC-MD-VA",FALSE,92,93,94,95,96,97,98,99,00,01,02,03,04,,,,,,,,,,,,,,,,,,,,,,,  -   -,Yes,Severe-15,W,601723,11,001,C,Ozone_1-hr.1990.Washington,2/28/2026
DISTRICT OF COLUMBIA,DC,District of Columbia,8-Hour Ozone (1997),Revoked,"Washington, DC-MD-VA",FALSE,,,,,,,,,,,,,04,05,06,07,08,09,10,11,12,13,14,,,,,,,,,,,,,  -   -,Yes,Moderate,W,601723,11,001,e,Ozone_8-hr.1997.Washington,2/28/2026
DISTRICT OF COLUMBIA,DC,District of Columbia,8-Hour Ozone (2008),,"Washington, DC-MD-VA",FALSE,,,,,,,,,,,,,,,,,,,,,12,13,14,15,16,17,18,,,,,,,,,8/15/2019,,Marginal,W,601723,11,001,f,Ozone_8-hr.2008.Washington,2/28/2026
DISTRICT OF COLUMBIA,DC,District of Columbia,8-Hour Ozone (2015),,"Washington, DC-MD-VA",FALSE,,,,,,,,,,,,,,,,,,,,,,,,,,,18,19,20,21,22,23,24,25,26,  -   -,Yes,Moderate,W,601723,11,001,e,Ozone_8-hr.2015.Washington,2/28/2026
DISTRICT OF COLUMBIA,DC,District of Columbia,Carbon Monoxide (1971),,"Washington, DC-MD-VA",FALSE,92,93,94,95,,,,,,,,,,,,,,,,,,,,,,,,,,,,,,,,3/15/1996,,Moderate <= 12.7ppm,W,601723,11,001,C,CO.1990.Washington,2/28/2026
DISTRICT OF COLUMBIA,DC,District of Columbia,PM-2.5 (1997),,"Washington, DC-MD-VA",FALSE,,,,,,,,,,,,,,05,06,07,08,09,10,11,12,13,,,,,,,,,,,,,,11/5/2014,,Moderate,W,601723,11,001,e,PM-2.5.1997.Washington,2/28/2026
FLORIDA,FL,Broward County,1-Hour Ozone (1979),Revoked,"Miami-Fort Lauderdale-W. Palm Beach, FL",FALSE,92,93,94,,,,,,,,,,,,,,,,,,,,,,,,,,,,,,,,,4/25/1995,,Moderate,W,1748066,12,011,E,Ozone_1-hr.1990.Miami,2/28/2026
FLORIDA,FL,Duval County,1-Hour Ozone (1979),Revoked,"Jacksonville, FL",FALSE,92,93,94,,,,,,,,,,,,,,,,,,,,,,,,,,,,,,,,,3/6/1995,,Section 185A,W,864263,12,031,J,Ozone_1-hr.1990.Jacksonville,2/28/2026
FLORIDA,FL,Hillsborough County,1-Hour Ozone (1979),Revoked,"Tampa-St. Petersburg-Clearwater, FL",FALSE,92,93,94,95,,,,,,,,,,,,,,,,,,,,,,,,,,,,,,,,2/5/1996,,Marginal,W,1229226,12,057,G,Ozone_1-hr.1990.Tampa,2/28/2026
FLORIDA,FL,Hillsborough County,Lead (2008),,"Tampa, FL",FALSE,,,,,,,,,,,,,,,,,,,10,11,12,13,14,15,16,17,,,,,,,,,,10/11/2018,,,P,4128,12,057,A,Lead.2008.Tampa,2/28/2026
FLORIDA,FL,Hillsborough County,Sulfur Dioxide (2010),,"Hillsborough County, FL",FALSE,,,,,,,,,,,,,,,,,,,,,,13,14,15,16,17,18,,,,,,,,,12/12/2019,,,P,17477,12,057,A,SO2.2010.Tampa,2/28/2026
FLORIDA,FL,Hillsborough County,Sulfur Dioxide (2010),,"Hillsborough-Polk County, FL",FALSE,,,,,,,,,,,,,,,,,,,,,,,,,,,18,19,,,,,,,,3/23/2020,,,P,2054,12,057,A,SO2.2010.Hillsborough_Polk_Cos,2/28/2026
FLORIDA,FL,Miami-Dade County,1-Hour Ozone (1979),Revoked,"Miami-Fort Lauderdale-W. Palm Beach, FL",FALSE,92,93,94,,,,,,,,,,,,,,,,,,,,,,,,,,,,,,,,,4/25/1995,,Moderate,W,2496435,12,086,E,Ozone_1-hr.1990.Miami,2/28/2026
FLORIDA,FL,Nassau County,Sulfur Dioxide (2010),,"Nassau County, FL",FALSE,,,,,,,,,,,,,,,,,,,,,,13,14,15,16,17,18,,,,,,,,,5/24/2019,,,P,6217,12,089,A,SO2.2010.Nassau_Co,2/28/2026
FLORIDA,FL,Palm Beach County,1-Hour Ozone (1979),Revoked,"Miami-Fort Lauderdale-W. Palm Beach, FL",FALSE,92,93,94,,,,,,,,,,,,,,,,,,,,,,,,,,,,,,,,,4/25/1995,,Moderate,W,1320134,12,099,E,Ozone_1-hr.1990.Miami,2/28/2026
FLORIDA,FL,Pinellas County,1-Hour Ozone (1979),Revoked,"Tampa-St. Petersburg-Clearwater, FL",FALSE,92,93,94,95,,,,,,,,,,,,,,,,,,,,,,,,,,,,,,,,2/5/1996,,Marginal,W,916542,12,103,G,Ozone_1-hr.1990.Tampa,2/28/2026
FLORIDA,FL,Polk County,Sulfur Dioxide (2010),,"Hillsborough-Polk County, FL",FALSE,,,,,,,,,,,,,,,,,,,,,,,,,,,18,19,,,,,,,,3/23/2020,,,P,137,12,105,A,SO2.2010.Hillsborough_Polk_Cos,2/28/2026
GEORGIA,GA,Barrow County,8-Hour Ozone (1997),Revoked,"Atlanta, GA",FALSE,,,,,,,,,,,,,04,05,06,07,08,09,10,11,12,13,,,,,,,,,,,,,,1/2/2014,,Moderate,W,69367,13,013,e,Ozone_8-hr.1997.Atlanta,2/28/2026
GEORGIA,GA,Barrow County,PM-2.5 (1997),,"Atlanta, GA",FALSE,,,,,,,,,,,,,,05,06,07,08,09,10,11,12,13,14,15,,,,,,,,,,,,2/24/2016,,Moderate,W,69367,13,013,e,PM-2.5.1997.Atlanta,2/28/2026
GEORGIA,GA,Bartow County,8-Hour Ozone (1997),Revoked,"Atlanta, GA",FALSE,,,,,,,,,,,,,04,05,06,07,08,09,10,11,12,13,,,,,,,,,,,,,,1/2/2014,,Moderate,W,100157,13,015,e,Ozone_8-hr.1997.Atlanta,2/28/2026
GEORGIA,GA,Bartow County,8-Hour Ozone (2008),,"Atlanta, GA",FALSE,,,,,,,,,,,,,,,,,,,,,12,13,14,15,16,,,,,,,,,,,6/2/2017,,Moderate,W,100157,13,015,e,Ozone_8-hr.2008.Atlanta,2/28/2026
GEORGIA,GA,Bartow County,8-Hour Ozone (2015),,"Atlanta, GA",FALSE,,,,,,,,,,,,,,,,,,,,,,,,,,,18,19,20,21,,,,,,11/16/2022,,Marginal,W,100157,13,015,f,Ozone_8-hr.2015.Atlanta,2/28/2026
GEORGIA,GA,Bartow County,PM-2.5 (1997),,"Atlanta, GA",FALSE,,,,,,,,,,,,,,05,06,07,08,09,10,11,12,13,14,15,,,,,,,,,,,,2/24/2016,,Moderate,W,100157,13,015,e,PM-2.5.1997.Atlanta,2/28/2026
GEORGIA,GA,Bibb County,8-Hour Ozone (1997),Revoked,"Macon, GA",FALSE,,,,,,,,,,,,,04,05,06,,,,,,,,,,,,,,,,,,,,,10/19/2007,,Former Subpart 1,W,155547,13,021,g,Ozone_8-hr.1997.Macon,2/28/2026
GEORGIA,GA,Bibb County,PM-2.5 (1997),,"Macon, GA",FALSE,,,,,,,,,,,,,,05,06,07,08,09,10,11,12,13,,,,,,,,,,,,,,6/12/2014,,Former Subpart 1,W,155547,13,021,g,PM-2.5.1997.Macon,2/28/2026
GEORGIA,GA,Carroll County,8-Hour Ozone (1997),Revoked,"Atlanta, GA",FALSE,,,,,,,,,,,,,04,05,06,07,08,09,10,11,12,13,,,,,,,,,,,,,,1/2/2014,,Moderate,W,110527,13,045,e,Ozone_8-hr.1997.Atlanta,2/28/2026
GEORGIA,GA,Carroll County,PM-2.5 (1997),,"Atlanta, GA",FALSE,,,,,,,,,,,,,,05,06,07,08,09,10,11,12,13,14,15,,,,,,,,,,,,2/24/2016,,Moderate,W,110527,13,045,e,PM-2.5.1997.Atlanta,2/28/2026
GEORGIA,GA,Catoosa County,PM-2.5 (1997),,"Chattanooga, TN-GA-AL",FALSE,,,,,,,,,,,,,,05,06,07,08,09,10,11,12,13,,,,,,,,,,,,,,12/19/2014,,Moderate,W,63942,13,047,e,PM-2.5.1997.Chattanooga,2/28/2026
GEORGIA,GA,Cherokee County,1-Hour Ozone (1979),Revoked,"Atlanta, GA",FALSE,92,93,94,95,96,97,98,99,00,01,02,03,04,,,,,,,,,,,,,,,,,,,,,,,6/14/2005,,Severe-15,W,214346,13,057,C,Ozone_1-hr.1990.Atlanta,2/28/2026
GEORGIA,GA,Cherokee County,8-Hour Ozone (1997),Revoked,"Atlanta, GA",FALSE,,,,,,,,,,,,,04,05,06,07,08,09,10,11,12,13,,,,,,,,,,,,,,1/2/2014,,Moderate,W,214346,13,057,e,Ozone_8-hr.1997.Atlanta,2/28/2026
GEORGIA,GA,Cherokee County,8-Hour Ozone (2008),,"Atlanta, GA",FALSE,,,,,,,,,,,,,,,,,,,,,12,13,14,15,16,,,,,,,,,,,6/2/2017,,Moderate,W,214346,13,057,e,Ozone_8-hr.2008.Atlanta,2/28/2026
GEORGIA,GA,Cherokee County,PM-2.5 (1997),,"Atlanta, GA",FALSE,,,,,,,,,,,,,,05,06,07,08,09,10,11,12,13,14,15,,,,,,,,,,,,2/24/2016,,Moderate,W,214346,13,057,e,PM-2.5.1997.Atlanta,2/28/2026
GEORGIA,GA,Clayton County,1-Hour Ozone (1979),Revoked,"Atlanta, GA",FALSE,92,93,94,95,96,97,98,99,00,01,02,03,04,,,,,,,,,,,,,,,,,,,,,,,6/14/2005,,Severe-15,W,259424,13,063,C,Ozone_1-hr.1990.Atlanta,2/28/2026
GEORGIA,GA,Clayton County,8-Hour Ozone (1997),Revoked,"Atlanta, GA",FALSE,,,,,,,,,,,,,04,05,06,07,08,09,10,11,12,13,,,,,,,,,,,,,,1/2/2014,,Moderate,W,259424,13,063,e,Ozone_8-hr.1997.Atlanta,2/28/2026
GEORGIA,GA,Clayton County,8-Hour Ozone (2008),,"Atlanta, GA",FALSE,,,,,,,,,,,,,,,,,,,,,12,13,14,15,16,,,,,,,,,,,6/2/2017,,Moderate,W,259424,13,063,e,Ozone_8-hr.2008.Atlanta,2/28/2026
GEORGIA,GA,Clayton County,8-Hour Ozone (2015),,"Atlanta, GA",FALSE,,,,,,,,,,,,,,,,,,,,,,,,,,,18,19,20,21,,,,,,11/16/2022,,Marginal,W,259424,13,063,f,Ozone_8-hr.2015.Atlanta,2/28/2026
GEORGIA,GA,Clayton County,PM-2.5 (1997),,"Atlanta, GA",FALSE,,,,,,,,,,,,,,05,06,07,08,09,10,11,12,13,14,15,,,,,,,,,,,,2/24/2016,,Moderate,W,259424,13,063,e,PM-2.5.1997.Atlanta,2/28/2026
GEORGIA,GA,Cobb County,1-Hour Ozone (1979),Revoked,"Atlanta, GA",FALSE,92,93,94,95,96,97,98,99,00,01,02,03,04,,,,,,,,,,,,,,,,,,,,,,,6/14/2005,,Severe-15,W,688078,13,067,C,Ozone_1-hr.1990.Atlanta,2/28/2026
GEORGIA,GA,Cobb County,8-Hour Ozone (1997),Revoked,"Atlanta, GA",FALSE,,,,,,,,,,,,,04,05,06,07,08,09,10,11,12,13,,,,,,,,,,,,,,1/2/2014,,Moderate,W,688078,13,067,e,Ozone_8-hr.1997.Atlanta,2/28/2026
GEORGIA,GA,Cobb County,8-Hour Ozone (2008),,"Atlanta, GA",FALSE,,,,,,,,,,,,,,,,,,,,,12,13,14,15,16,,,,,,,,,,,6/2/2017,,Moderate,W,688078,13,067,e,Ozone_8-hr.2008.Atlanta,2/28/2026
GEORGIA,GA,Cobb County,8-Hour Ozone (2015),,"Atlanta, GA",FALSE,,,,,,,,,,,,,,,,,,,,,,,,,,,18,19,20,21,,,,,,11/16/2022,,Marginal,W,688078,13,067,f,Ozone_8-hr.2015.Atlanta,2/28/2026
GEORGIA,GA,Cobb County,PM-2.5 (1997),,"Atlanta, GA",FALSE,,,,,,,,,,,,,,05,06,07,08,09,10,11,12,13,14,15,,,,,,,,,,,,2/24/2016,,Moderate,W,688078,13,067,e,PM-2.5.1997.Atlanta,2/28/2026
GEORGIA,GA,Coweta County,1-Hour Ozone (1979),Revoked,"Atlanta, GA",FALSE,92,93,94,95,96,97,98,99,00,01,02,03,04,,,,,,,,,,,,,,,,,,,,,,,6/14/2005,,Severe-15,W,127317,13,077,C,Ozone_1-hr.1990.Atlanta,2/28/2026
GEORGIA,GA,Coweta County,8-Hour Ozone (1997),Revoked,"Atlanta, GA",FALSE,,,,,,,,,,,,,04,05,06,07,08,09,10,11,12,13,,,,,,,,,,,,,,1/2/2014,,Moderate,W,127317,13,077,e,Ozone_8-hr.1997.Atlanta,2/28/2026
GEORGIA,GA,Coweta County,8-Hour Ozone (2008),,"Atlanta, GA",FALSE,,,,,,,,,,,,,,,,,,,,,12,13,14,15,16,,,,,,,,,,,6/2/2017,,Moderate,W,127317,13,077,e,Ozone_8-hr.2008.Atlanta,2/28/2026
GEORGIA,GA,Coweta County,PM-2.5 (1997),,"Atlanta, GA",FALSE,,,,,,,,,,,,,,05,06,07,08,09,10,11,12,13,14,15,,,,,,,,,,,,2/24/2016,,Moderate,W,127317,13,077,e,PM-2.5.1997.Atlanta,2/28/2026
GEORGIA,GA,DeKalb County,1-Hour Ozone (1979),Revoked,"Atlanta, GA",FALSE,92,93,94,95,96,97,98,99,00,01,02,03,04,,,,,,,,,,,,,,,,,,,,,,,6/14/2005,,Severe-15,W,691893,13,089,C,Ozone_1-hr.1990.Atlanta,2/28/2026
GEORGIA,GA,DeKalb County,8-Hour Ozone (1997),Revoked,"Atlanta, GA",FALSE,,,,,,,,,,,,,04,05,06,07,08,09,10,11,12,13,,,,,,,,,,,,,,1/2/2014,,Moderate,W,691893,13,089,e,Ozone_8-hr.1997.Atlanta,2/28/2026
GEORGIA,GA,DeKalb County,8-Hour Ozone (2008),,"Atlanta, GA",FALSE,,,,,,,,,,,,,,,,,,,,,12,13,14,15,16,,,,,,,,,,,6/2/2017,,Moderate,W,691893,13,089,e,Ozone_8-hr.2008.Atlanta,2/28/2026
GEORGIA,GA,DeKalb County,8-Hour Ozone (2015),,"Atlanta, GA",FALSE,,,,,,,,,,,,,,,,,,,,,,,,,,,18,19,20,21,,,,,,11/16/2022,,Marginal,W,691893,13,089,f,Ozone_8-hr.2015.Atlanta,2/28/2026
GEORGIA,GA,DeKalb County,PM-2.5 (1997),,"Atlanta, GA",FALSE,,,,,,,,,,,,,,05,06,07,08,09,10,11,12,13,14,15,,,,,,,,,,,,2/24/2016,,Moderate,W,691893,13,089,e,PM-2.5.1997.Atlanta,2/28/2026
GEORGIA,GA,Douglas County,1-Hour Ozone (1979),Revoked,"Atlanta, GA",FALSE,92,93,94,95,96,97,98,99,00,01,02,03,04,,,,,,,,,,,,,,,,,,,,,,,6/14/2005,,Severe-15,W,132403,13,097,C,Ozone_1-hr.1990.Atlanta,2/28/2026
GEORGIA,GA,Douglas County,8-Hour Ozone (1997),Revoked,"Atlanta, GA",FALSE,,,,,,,,,,,,,04,05,06,07,08,09,10,11,12,13,,,,,,,,,,,,,,1/2/2014,,Moderate,W,132403,13,097,e,Ozone_8-hr.1997.Atlanta,2/28/2026
GEORGIA,GA,Douglas County,8-Hour Ozone (2008),,"Atlanta, GA",FALSE,,,,,,,,,,,,,,,,,,,,,12,13,14,15,16,,,,,,,,,,,6/2/2017,,Moderate,W,132403,13,097,e,Ozone_8-hr.2008.Atlanta,2/28/2026
GEORGIA,GA,Douglas County,PM-2.5 (1997),,"Atlanta, GA",FALSE,,,,,,,,,,,,,,05,06,07,08,09,10,11,12,13,14,15,,,,,,,,,,,,2/24/2016,,Moderate,W,132403,13,097,e,PM-2.5.1997.Atlanta,2/28/2026
GEORGIA,GA,Fayette County,1-Hour Ozone (1979),Revoked,"Atlanta, GA",FALSE,92,93,94,95,96,97,98,99,00,01,02,03,04,,,,,,,,,,,,,,,,,,,,,,,6/14/2005,,Severe-15,W,106567,13,113,C,Ozone_1-hr.1990.Atlanta,2/28/2026
GEORGIA,GA,Fayette County,8-Hour Ozone (1997),Revoked,"Atlanta, GA",FALSE,,,,,,,,,,,,,04,05,06,07,08,09,10,11,12,13,,,,,,,,,,,,,,1/2/2014,,Moderate,W,106567,13,113,e,Ozone_8-hr.1997.Atlanta,2/28/2026
GEORGIA,GA,Fayette County,8-Hour Ozone (2008),,"Atlanta, GA",FALSE,,,,,,,,,,,,,,,,,,,,,12,13,14,15,16,,,,,,,,,,,6/2/2017,,Moderate,W,106567,13,113,e,Ozone_8-hr.2008.Atlanta,2/28/2026
GEORGIA,GA,Fayette County,PM-2.5 (1997),,"Atlanta, GA",FALSE,,,,,,,,,,,,,,05,06,07,08,09,10,11,12,13,14,15,,,,,,,,,,,,2/24/2016,,Moderate,W,106567,13,113,e,PM-2.5.1997.Atlanta,2/28/2026
GEORGIA,GA,Floyd County,PM-2.5 (1997),,"Rome, GA",FALSE,,,,,,,,,,,,,,05,06,07,08,09,10,11,12,13,,,,,,,,,,,,,,6/13/2014,,Former Subpart 1,W,96317,13,115,g,PM-2.5.1997.Rome,2/28/2026
GEORGIA,GA,Forsyth County,1-Hour Ozone (1979),Revoked,"Atlanta, GA",FALSE,92,93,94,95,96,97,98,99,00,01,02,03,04,,,,,,,,,,,,,,,,,,,,,,,6/14/2005,,Severe-15,W,175511,13,117,C,Ozone_1-hr.1990.Atlanta,2/28/2026
GEORGIA,GA,Forsyth County,8-Hour Ozone (1997),Revoked,"Atlanta, GA",FALSE,,,,,,,,,,,,,04,05,06,07,08,09,10,11,12,13,,,,,,,,,,,,,,1/2/2014,,Moderate,W,175511,13,117,e,Ozone_8-hr.1997.Atlanta,2/28/2026
GEORGIA,GA,Forsyth County,8-Hour Ozone (2008),,"Atlanta, GA",FALSE,,,,,,,,,,,,,,,,,,,,,12,13,14,15,16,,,,,,,,,,,6/2/2017,,Moderate,W,175511,13,117,e,Ozone_8-hr.2008.Atlanta,2/28/2026
GEORGIA,GA,Forsyth County,PM-2.5 (1997),,"Atlanta, GA",FALSE,,,,,,,,,,,,,,05,06,07,08,09,10,11,12,13,14,15,,,,,,,,,,,,2/24/2016,,Moderate,W,175511,13,117,e,PM-2.5.1997.Atlanta,2/28/2026
GEORGIA,GA,Fulton County,1-Hour Ozone (1979),Revoked,"Atlanta, GA",FALSE,92,93,94,95,96,97,98,99,00,01,02,03,04,,,,,,,,,,,,,,,,,,,,,,,6/14/2005,,Severe-15,W,920581,13,121,C,Ozone_1-hr.1990.Atlanta,2/28/2026
GEORGIA,GA,Fulton County,8-Hour Ozone (1997),Revoked,"Atlanta, GA",FALSE,,,,,,,,,,,,,04,05,06,07,08,09,10,11,12,13,,,,,,,,,,,,,,1/2/2014,,Moderate,W,920581,13,121,e,Ozone_8-hr.1997.Atlanta,2/28/2026
GEORGIA,GA,Fulton County,8-Hour Ozone (2008),,"Atlanta, GA",FALSE,,,,,,,,,,,,,,,,,,,,,12,13,14,15,16,,,,,,,,,,,6/2/2017,,Moderate,W,920581,13,121,e,Ozone_8-hr.2008.Atlanta,2/28/2026
GEORGIA,GA,Fulton County,8-Hour Ozone (2015),,"Atlanta, GA",FALSE,,,,,,,,,,,,,,,,,,,,,,,,,,,18,19,20,21,,,,,,11/16/2022,,Marginal,W,920581,13,121,f,Ozone_8-hr.2015.Atlanta,2/28/2026
GEORGIA,GA,Fulton County,PM-2.5 (1997),,"Atlanta, GA",FALSE,,,,,,,,,,,,,,05,06,07,08,09,10,11,12,13,14,15,,,,,,,,,,,,2/24/2016,,Moderate,W,920581,13,121,e,PM-2.5.1997.Atlanta,2/28/2026
GEORGIA,GA,Gwinnett County,1-Hour Ozone (1979),Revoked,"Atlanta, GA",FALSE,92,93,94,95,96,97,98,99,00,01,02,03,04,,,,,,,,,,,,,,,,,,,,,,,6/14/2005,,Severe-15,W,805321,13,135,C,Ozone_1-hr.1990.Atlanta,2/28/2026
GEORGIA,GA,Gwinnett County,8-Hour Ozone (1997),Revoked,"Atlanta, GA",FALSE,,,,,,,,,,,,,04,05,06,07,08,09,10,11,12,13,,,,,,,,,,,,,,1/2/2014,,Moderate,W,805321,13,135,e,Ozone_8-hr.1997.Atlanta,2/28/2026
GEORGIA,GA,Gwinnett County,8-Hour Ozone (2008),,"Atlanta, GA",FALSE,,,,,,,,,,,,,,,,,,,,,12,13,14,15,16,,,,,,,,,,,6/2/2017,,Moderate,W,805321,13,135,e,Ozone_8-hr.2008.Atlanta,2/28/2026
GEORGIA,GA,Gwinnett County,8-Hour Ozone (2015),,"Atlanta, GA",FALSE,,,,,,,,,,,,,,,,,,,,,,,,,,,18,19,20,21,,,,,,11/16/2022,,Marginal,W,805321,13,135,f,Ozone_8-hr.2015.Atlanta,2/28/2026
GEORGIA,GA,Gwinnett County,PM-2.5 (1997),,"Atlanta, GA",FALSE,,,,,,,,,,,,,,05,06,07,08,09,10,11,12,13,14,15,,,,,,,,,,,,2/24/2016,,Moderate,W,805321,13,135,e,PM-2.5.1997.Atlanta,2/28/2026
GEORGIA,GA,Hall County,8-Hour Ozone (1997),Revoked,"Atlanta, GA",FALSE,,,,,,,,,,,,,04,05,06,07,08,09,10,11,12,13,,,,,,,,,,,,,,1/2/2014,,Moderate,W,179684,13,139,e,Ozone_8-hr.1997.Atlanta,2/28/2026
GEORGIA,GA,Hall County,PM-2.5 (1997),,"Atlanta, GA",FALSE,,,,,,,,,,,,,,05,06,07,08,09,10,11,12,13,14,15,,,,,,,,,,,,2/24/2016,,Moderate,W,179684,13,139,e,PM-2.5.1997.Atlanta,2/28/2026
GEORGIA,GA,Heard County,PM-2.5 (1997),,"Atlanta, GA",FALSE,,,,,,,,,,,,,,05,06,07,08,09,10,11,12,13,14,15,,,,,,,,,,,,2/24/2016,,Moderate,P,959,13,149,e,PM-2.5.1997.Atlanta,2/28/2026
GEORGIA,GA,Henry County,1-Hour Ozone (1979),Revoked,"Atlanta, GA",FALSE,92,93,94,95,96,97,98,99,00,01,02,03,04,,,,,,,,,,,,,,,,,,,,,,,6/14/2005,,Severe-15,W,203922,13,151,C,Ozone_1-hr.1990.Atlanta,2/28/2026
GEORGIA,GA,Henry County,8-Hour Ozone (1997),Revoked,"Atlanta, GA",FALSE,,,,,,,,,,,,,04,05,06,07,08,09,10,11,12,13,,,,,,,,,,,,,,1/2/2014,,Moderate,W,203922,13,151,e,Ozone_8-hr.1997.Atlanta,2/28/2026
GEORGIA,GA,Henry County,8-Hour Ozone (2008),,"Atlanta, GA",FALSE,,,,,,,,,,,,,,,,,,,,,12,13,14,15,16,,,,,,,,,,,6/2/2017,,Moderate,W,203922,13,151,e,Ozone_8-hr.2008.Atlanta,2/28/2026
GEORGIA,GA,Henry County,8-Hour Ozone (2015),,"Atlanta, GA",FALSE,,,,,,,,,,,,,,,,,,,,,,,,,,,18,19,20,21,,,,,,11/16/2022,,Marginal,W,203922,13,151,f,Ozone_8-hr.2015.Atlanta,2/28/2026
GEORGIA,GA,Henry County,PM-2.5 (1997),,"Atlanta, GA",FALSE,,,,,,,,,,,,,,05,06,07,08,09,10,11,12,13,14,15,,,,,,,,,,,,2/24/2016,,Moderate,W,203922,13,151,e,PM-2.5.1997.Atlanta,2/28/2026
GEORGIA,GA,Monroe County,8-Hour Ozone (1997),Revoked,"Macon, GA",FALSE,,,,,,,,,,,,,04,05,06,,,,,,,,,,,,,,,,,,,,,10/19/2007,,Former Subpart 1,P,2576,13,207,g,Ozone_8-hr.1997.Macon,2/28/2026
GEORGIA,GA,Monroe County,PM-2.5 (1997),,"Macon, GA",FALSE,,,,,,,,,,,,,,05,06,07,08,09,10,11,12,13,,,,,,,,,,,,,,6/12/2014,,Former Subpart 1,P,2576,13,207,g,PM-2.5.1997.Macon,2/28/2026
GEORGIA,GA,Murray County,8-Hour Ozone (1997),Revoked,"Murray County (Chattahoochee Nat Forest), GA",FALSE,,,,,,,,,,,,,04,05,06,,,,,,,,,,,,,,,,,,,,,11/15/2007,,Former Subpart 1,P,6231,13,213,g,Ozone_8-hr.1997.Murray_Co,2/28/2026
GEORGIA,GA,Muscogee County,Lead (1978),,"Muscogee County, GA",FALSE,92,93,94,95,96,97,98,,,,,,,,,,,,,,,,,,,,,,,,,,,,,6/11/1999,,,P,189886,13,215,A,Lead.1992.Muscogee_Co,2/28/2026
GEORGIA,GA,Newton County,8-Hour Ozone (1997),Revoked,"Atlanta, GA",FALSE,,,,,,,,,,,,,04,05,06,07,08,09,10,11,12,13,,,,,,,,,,,,,,1/2/2014,,Moderate,W,99958,13,217,e,Ozone_8-hr.1997.Atlanta,2/28/2026
GEORGIA,GA,Newton County,8-Hour Ozone (2008),,"Atlanta, GA",FALSE,,,,,,,,,,,,,,,,,,,,,12,13,14,15,16,,,,,,,,,,,6/2/2017,,Moderate,W,99958,13,217,e,Ozone_8-hr.2008.Atlanta,2/28/2026
GEORGIA,GA,Newton County,PM-2.5 (1997),,"Atlanta, GA",FALSE,,,,,,,,,,,,,,05,06,07,08,09,10,11,12,13,14,15,,,,,,,,,,,,2/24/2016,,Moderate,W,99958,13,217,e,PM-2.5.1997.Atlanta,2/28/2026
GEORGIA,GA,Paulding County,1-Hour Ozone (1979),Revoked,"Atlanta, GA",FALSE,92,93,94,95,96,97,98,99,00,01,02,03,04,,,,,,,,,,,,,,,,,,,,,,,6/14/2005,,Severe-15,W,142324,13,223,C,Ozone_1-hr.1990.Atlanta,2/28/2026
GEORGIA,GA,Paulding County,8-Hour Ozone (1997),Revoked,"Atlanta, GA",FALSE,,,,,,,,,,,,,04,05,06,07,08,09,10,11,12,13,,,,,,,,,,,,,,1/2/2014,,Moderate,W,142324,13,223,e,Ozone_8-hr.1997.Atlanta,2/28/2026
GEORGIA,GA,Paulding County,8-Hour Ozone (2008),,"Atlanta, GA",FALSE,,,,,,,,,,,,,,,,,,,,,12,13,14,15,16,,,,,,,,,,,6/2/2017,,Moderate,W,142324,13,223,e,Ozone_8-hr.2008.Atlanta,2/28/2026
GEORGIA,GA,Paulding County,PM-2.5 (1997),,"Atlanta, GA",FALSE,,,,,,,,,,,,,,05,06,07,08,09,10,11,12,13,14,15,,,,,,,,,,,,2/24/2016,,Moderate,W,142324,13,223,e,PM-2.5.1997.Atlanta,2/28/2026
GEORGIA,GA,Putnam County,PM-2.5 (1997),,"Atlanta, GA",FALSE,,,,,,,,,,,,,,05,06,07,08,09,10,11,12,13,14,15,,,,,,,,,,,,2/24/2016,,Moderate,P,3904,13,237,e,PM-2.5.1997.Atlanta,2/28/2026
GEORGIA,GA,Rockdale County,1-Hour Ozone (1979),Revoked,"Atlanta, GA",FALSE,92,93,94,95,96,97,98,99,00,01,02,03,04,,,,,,,,,,,,,,,,,,,,,,,6/14/2005,,Severe-15,W,85215,13,247,C,Ozone_1-hr.1990.Atlanta,2/28/2026
GEORGIA,GA,Rockdale County,8-Hour Ozone (1997),Revoked,"Atlanta, GA",FALSE,,,,,,,,,,,,,04,05,06,07,08,09,10,11,12,13,,,,,,,,,,,,,,1/2/2014,,Moderate,W,85215,13,247,e,Ozone_8-hr.1997.Atlanta,2/28/2026
GEORGIA,GA,Rockdale County,8-Hour Ozone (2008),,"Atlanta, GA",FALSE,,,,,,,,,,,,,,,,,,,,,12,13,14,15,16,,,,,,,,,,,6/2/2017,,Moderate,W,85215,13,247,e,Ozone_8-hr.2008.Atlanta,2/28/2026
GEORGIA,GA,Rockdale County,PM-2.5 (1997),,"Atlanta, GA",FALSE,,,,,,,,,,,,,,05,06,07,08,09,10,11,12,13,14,15,,,,,,,,,,,,2/24/2016,,Moderate,W,85215,13,247,e,PM-2.5.1997.Atlanta,2/28/2026
GEORGIA,GA,Spalding County,8-Hour Ozone (1997),Revoked,"Atlanta, GA",FALSE,,,,,,,,,,,,,04,05,06,07,08,09,10,11,12,13,,,,,,,,,,,,,,1/2/2014,,Moderate,W,64073,13,255,e,Ozone_8-hr.1997.Atlanta,2/28/2026
GEORGIA,GA,Spalding County,PM-2.5 (1997),,"Atlanta, GA",FALSE,,,,,,,,,,,,,,05,06,07,08,09,10,11,12,13,14,15,,,,,,,,,,,,2/24/2016,,Moderate,W,64073,13,255,e,PM-2.5.1997.Atlanta,2/28/2026
GEORGIA,GA,Walker County,PM-2.5 (1997),,"Chattanooga, TN-GA-AL",FALSE,,,,,,,,,,,,,,05,06,07,08,09,10,11,12,13,,,,,,,,,,,,,,12/19/2014,,Moderate,W,68756,13,295,e,PM-2.5.1997.Chattanooga,2/28/2026
GEORGIA,GA,Walton County,8-Hour Ozone (1997),Revoked,"Atlanta, GA",FALSE,,,,,,,,,,,,,04,05,06,07,08,09,10,11,12,13,,,,,,,,,,,,,,1/2/2014,,Moderate,W,83768,13,297,e,Ozone_8-hr.1997.Atlanta,2/28/2026
GEORGIA,GA,Walton County,PM-2.5 (1997),,"Atlanta, GA",FALSE,,,,,,,,,,,,,,05,06,07,08,09,10,11,12,13,14,15,,,,,,,,,,,,2/24/2016,,Moderate,W,83768,13,297,e,PM-2.5.1997.Atlanta,2/28/2026
GUAM,GU,Guam,Sulfur Dioxide (1971),,"Piti, GU",FALSE,92,93,94,95,96,97,98,99,00,01,02,03,04,05,06,07,08,09,10,11,12,13,14,15,16,17,18,19,20,21,22,23,24,25,26,  -   -,Yes,Primary,P,1000,66,010,A,SO2.1978.Piti,2/28/2026
GUAM,GU,Guam,Sulfur Dioxide (1971),,"Tanguisson, GU",FALSE,92,93,94,95,96,97,98,99,00,01,02,03,04,05,06,07,08,09,10,11,12,13,14,15,16,17,18,19,20,21,22,23,24,25,26,  -   -,Yes,Primary,P,1000,66,010,A,SO2.1978.Tanguisson,2/28/2026
GUAM,GU,Guam,Sulfur Dioxide (2010),,"Piti-Cabras, GU",FALSE,,,,,,,,,,,,,,,,,,,,,,,,,,,18,19,20,21,22,23,24,25,26,  -   -,Yes,,P,6116,66,010,A,SO2.2010.Piti-Cabras,2/28/2026
IDAHO,ID,Ada County,Carbon Monoxide (1971),,"Boise-Northern Ada County, ID",FALSE,92,93,94,95,96,97,98,99,00,01,,,,,,,,,,,,,,,,,,,,,,,,,,12/27/2002,,Not Classified,P,257440,16,001,D,CO.1990.Boise,2/28/2026
IDAHO,ID,Ada County,PM-10 (1987),,"Ada County; Boise, ID",FALSE,,,,,,,,99,00,01,02,,,,,,,,,,,,,,,,,,,,,,,,,11/26/2003,,Moderate,P,240254,16,001,B,PM-10.1990.Boise,2/28/2026
IDAHO,ID,Bannock County,PM-10 (1987),,"Power-Bannock Counties; Fort Hall Indian Reservation, ID",FALSE,92,93,94,95,96,97,98,99,00,01,02,03,04,05,06,07,08,09,10,11,12,13,14,15,16,17,18,19,20,21,22,23,24,25,26,  -   -,Yes,Moderate,P,315,16,005,B,PM-10.1990.Fort_Hall,2/28/2026
IDAHO,ID,Bannock County,PM-10 (1987),,"Power-Bannock Counties; Portneuf Valley Area, ID",FALSE,92,93,94,95,96,97,98,99,00,01,02,03,04,05,,,,,,,,,,,,,,,,,,,,,,8/14/2006,,Moderate,P,65778,16,005,B,PM-10.1990.Portneuf_Valley,2/28/2026
IDAHO,ID,Bonner County,PM-10 (1987),,"Bonner County; The Sandpoint Area, ID",FALSE,92,93,94,95,96,97,98,99,00,01,02,03,04,05,06,07,08,09,10,11,12,,,,,,,,,,,,,,,5/3/2013,,Moderate,P,40876,16,017,B,PM-10.1990.Sandpoint,2/28/2026
IDAHO,ID,Franklin County,PM-2.5 (2006),,"Logan, UT-ID",FALSE,,,,,,,,,,,,,,,,,,09,10,11,12,13,14,15,16,17,18,19,20,,,,,,,6/21/2021,,Moderate,P,12523,16,041,e,PM-2.5.2006.Logan,2/28/2026
IDAHO,ID,Power County,PM-10 (1987),,"Power-Bannock Counties; Fort Hall Indian Reservation, ID",FALSE,92,93,94,95,96,97,98,99,00,01,02,03,04,05,06,07,08,09,10,11,12,13,14,15,16,17,18,19,20,21,22,23,24,25,26,  -   -,Yes,Moderate,P,276,16,077,B,PM-10.1990.Fort_Hall,2/28/2026
IDAHO,ID,Power County,PM-10 (1987),,"Power-Bannock Counties; Portneuf Valley Area, ID",FALSE,92,93,94,95,96,97,98,99,00,01,02,03,04,05,,,,,,,,,,,,,,,,,,,,,,8/14/2006,,Moderate,P,6618,16,077,B,PM-10.1990.Portneuf_Valley,2/28/2026
IDAHO,ID,Shoshone County,PM-10 (1987),,"Shoshone County; City of Pinehurst, ID",FALSE,92,93,94,95,96,97,98,99,00,01,02,03,04,05,06,07,08,09,10,11,12,13,14,15,16,17,,,,,,,,,,10/11/2018,,Moderate,P,1578,16,079,B,PM-10.1990.Pinehurst,2/28/2026
IDAHO,ID,Shoshone County,PM-10 (1987),,"Shoshone County; Pinehurst Expansion Area, ID",FALSE,,,94,95,96,97,98,99,00,01,02,03,04,05,06,07,08,09,10,11,12,13,14,15,16,17,,,,,,,,,,10/11/2018,,Moderate,P,9691,16,079,B,PM-10.1990.Shoshone_Co_ex_Pinehurst,2/28/2026
IDAHO,ID,Shoshone County,PM-2.5 (2012),,"West Silver Valley, ID",FALSE,,,,,,,,,,,,,,,,,,,,,,,,15,16,17,18,19,20,,,,,,,12/16/2021,,Moderate,P,7497,16,079,B,PM-2.5.2012.West_Silver_Valley,2/28/2026
ILLINOIS,IL,Cook County,1-Hour Ozone (1979),Revoked,"Chicago-Gary-Lake County, IL-IN",FALSE,92,93,94,95,96,97,98,99,00,01,02,03,04,,,,,,,,,,,,,,,,,,,,,,,  -   -,Yes,Severe-17,W,5194675,17,031,B,Ozone_1-hr.1990.Chicago,2/28/2026
ILLINOIS,IL,Cook County,8-Hour Ozone (1997),Revoked,"Chicago-Gary-Lake County, IL-IN",FALSE,,,,,,,,,,,,,04,05,06,07,08,09,10,11,,,,,,,,,,,,,,,,8/13/2012,,Moderate,W,5194675,17,031,e,Ozone_8-hr.1997.Chicago,2/28/2026
ILLINOIS,IL,Cook County,8-Hour Ozone (2008),,"Chicago-Naperville, IL-IN-WI",FALSE,,,,,,,,,,,,,,,,,,,,,12,13,14,15,16,17,18,19,20,21,,,,,,5/20/2022,,Serious,W,5194675,17,031,d,Ozone_8-hr.2008.Chicago,2/28/2026
ILLINOIS,IL,Cook County,8-Hour Ozone (2015),,"Chicago, IL-IN-WI",FALSE,,,,,,,,,,,,,,,,,,,,,,,,,,,18,19,20,21,22,23,24,25,26,  -   -,Yes,Serious,W,5194675,17,031,d,Ozone_8-hr.2015.Chicago,2/28/2026
ILLINOIS,IL,Cook County,Lead (2008),,"Chicago, IL",FALSE,,,,,,,,,,,,,,,,,,,,11,12,13,14,15,16,17,,,,,,,,,,3/28/2018,,,P,35696,17,031,A,Lead.2008.Chicago,2/28/2026
ILLINOIS,IL,Cook County,PM-10 (1987),,"Cook County; Lyons Township, IL",FALSE,92,93,94,95,96,97,98,99,00,01,02,03,04,,,,,,,,,,,,,,,,,,,,,,,11/21/2005,,Moderate,P,111688,17,031,B,PM-10.1990.Lyons,2/28/2026
ILLINOIS,IL,Cook County,PM-10 (1987),,"Cook County; Southeast Chicago, IL",FALSE,92,93,94,95,96,97,98,99,00,01,02,03,04,,,,,,,,,,,,,,,,,,,,,,,11/21/2005,,Moderate,P,3117,17,031,B,PM-10.1990.Chicago,2/28/2026
ILLINOIS,IL,Cook County,PM-2.5 (1997),,"Chicago-Gary-Lake County, IL-IN",FALSE,,,,,,,,,,,,,,05,06,07,08,09,10,11,12,,,,,,,,,,,,,,,10/2/2013,,Former Subpart 1,W,5194675,17,031,g,PM-2.5.1997.Chicago,2/28/2026
ILLINOIS,IL,Cook County,Sulfur Dioxide (2010),,"Lemont, IL",FALSE,,,,,,,,,,,,,,,,,,,,,,13,14,15,16,17,18,19,,,,,,,,5/26/2020,,,P,21113,17,031,A,SO2.2010.Lemont,2/28/2026
ILLINOIS,IL,DuPage County,1-Hour Ozone (1979),Revoked,"Chicago-Gary-Lake County, IL-IN",FALSE,92,93,94,95,96,97,98,99,00,01,02,03,04,,,,,,,,,,,,,,,,,,,,,,,  -   -,Yes,Severe-17,W,916924,17,043,B,Ozone_1-hr.1990.Chicago,2/28/2026
ILLINOIS,IL,DuPage County,8-Hour Ozone (1997),Revoked,"Chicago-Gary-Lake County, IL-IN",FALSE,,,,,,,,,,,,,04,05,06,07,08,09,10,11,,,,,,,,,,,,,,,,8/13/2012,,Moderate,W,916924,17,043,e,Ozone_8-hr.1997.Chicago,2/28/2026
ILLINOIS,IL,DuPage County,8-Hour Ozone (2008),,"Chicago-Naperville, IL-IN-WI",FALSE,,,,,,,,,,,,,,,,,,,,,12,13,14,15,16,17,18,19,20,21,,,,,,5/20/2022,,Serious,W,916924,17,043,d,Ozone_8-hr.2008.Chicago,2/28/2026
ILLINOIS,IL,DuPage County,8-Hour Ozone (2015),,"Chicago, IL-IN-WI",FALSE,,,,,,,,,,,,,,,,,,,,,,,,,,,18,19,20,21,22,23,24,25,26,  -   -,Yes,Serious,W,916924,17,043,d,Ozone_8-hr.2015.Chicago,2/28/2026
ILLINOIS,IL,DuPage County,PM-2.5 (1997),,"Chicago-Gary-Lake County, IL-IN",FALSE,,,,,,,,,,,,,,05,06,07,08,09,10,11,12,,,,,,,,,,,,,,,10/2/2013,,Former Subpart 1,W,916924,17,043,g,PM-2.5.1997.Chicago,2/28/2026
ILLINOIS,IL,Grundy County,1-Hour Ozone (1979),Revoked,"Chicago-Gary-Lake County, IL-IN",FALSE,92,93,94,95,96,97,98,99,00,01,02,03,04,,,,,,,,,,,,,,,,,,,,,,,  -   -,Yes,Severe-17,P,14735,17,063,B,Ozone_1-hr.1990.Chicago,2/28/2026
ILLINOIS,IL,Grundy County,8-Hour Ozone (1997),Revoked,"Chicago-Gary-Lake County, IL-IN",FALSE,,,,,,,,,,,,,04,05,06,07,08,09,10,11,,,,,,,,,,,,,,,,8/13/2012,,Moderate,P,20519,17,063,e,Ozone_8-hr.1997.Chicago,2/28/2026
ILLINOIS,IL,Grundy County,8-Hour Ozone (2008),,"Chicago-Naperville, IL-IN-WI",FALSE,,,,,,,,,,,,,,,,,,,,,12,13,14,15,16,17,18,19,20,21,,,,,,5/20/2022,,Serious,P,20519,17,063,d,Ozone_8-hr.2008.Chicago,2/28/2026
ILLINOIS,IL,Grundy County,8-Hour Ozone (2015),,"Chicago, IL-IN-WI",FALSE,,,,,,,,,,,,,,,,,,,,,,,,,,,18,19,20,21,22,23,24,25,26,  -   -,Yes,Serious,P,19251,17,063,d,Ozone_8-hr.2015.Chicago,2/28/2026
ILLINOIS,IL,Grundy County,PM-2.5 (1997),,"Chicago-Gary-Lake County, IL-IN",FALSE,,,,,,,,,,,,,,05,06,07,08,09,10,11,12,,,,,,,,,,,,,,,10/2/2013,,Former Subpart 1,P,20519,17,063,g,PM-2.5.1997.Chicago,2/28/2026
ILLINOIS,IL,Jersey County,1-Hour Ozone (1979),Revoked,"Jersey County, IL",FALSE,92,93,94,,,,,,,,,,,,,,,,,,,,,,,,,,,,,,,,,4/13/1995,,Marginal,W,22985,17,083,G,Ozone_1-hr.1990.Jersey_Co,2/28/2026
ILLINOIS,IL,Jersey County,8-Hour Ozone (1997),Revoked,"St. Louis, MO-IL",FALSE,,,,,,,,,,,,,04,05,06,07,08,09,10,11,,,,,,,,,,,,,,,,6/12/2012,,Moderate,W,22985,17,083,e,Ozone_8-hr.1997.St_Louis,2/28/2026
ILLINOIS,IL,Kane County,1-Hour Ozone (1979),Revoked,"Chicago-Gary-Lake County, IL-IN",FALSE,92,93,94,95,96,97,98,99,00,01,02,03,04,,,,,,,,,,,,,,,,,,,,,,,  -   -,Yes,Severe-17,W,515269,17,089,B,Ozone_1-hr.1990.Chicago,2/28/2026
ILLINOIS,IL,Kane County,8-Hour Ozone (1997),Revoked,"Chicago-Gary-Lake County, IL-IN",FALSE,,,,,,,,,,,,,04,05,06,07,08,09,10,11,,,,,,,,,,,,,,,,8/13/2012,,Moderate,W,515269,17,089,e,Ozone_8-hr.1997.Chicago,2/28/2026
ILLINOIS,IL,Kane County,8-Hour Ozone (2008),,"Chicago-Naperville, IL-IN-WI",FALSE,,,,,,,,,,,,,,,,,,,,,12,13,14,15,16,17,18,19,20,21,,,,,,5/20/2022,,Serious,W,515269,17,089,d,Ozone_8-hr.2008.Chicago,2/28/2026
ILLINOIS,IL,Kane County,8-Hour Ozone (2015),,"Chicago, IL-IN-WI",FALSE,,,,,,,,,,,,,,,,,,,,,,,,,,,18,19,20,21,22,23,24,25,26,  -   -,Yes,Serious,W,515269,17,089,d,Ozone_8-hr.2015.Chicago,2/28/2026
ILLINOIS,IL,Kane County,PM-2.5 (1997),,"Chicago-Gary-Lake County, IL-IN",FALSE,,,,,,,,,,,,,,05,06,07,08,09,10,11,12,,,,,,,,,,,,,,,10/2/2013,,Former Subpart 1,W,515269,17,089,g,PM-2.5.1997.Chicago,2/28/2026
ILLINOIS,IL,Kendall County,1-Hour Ozone (1979),Revoked,"Chicago-Gary-Lake County, IL-IN",FALSE,92,93,94,95,96,97,98,99,00,01,02,03,04,,,,,,,,,,,,,,,,,,,,,,,  -   -,Yes,Severe-17,P,30355,17,093,B,Ozone_1-hr.1990.Chicago,2/28/2026
ILLINOIS,IL,Kendall County,8-Hour Ozone (1997),Revoked,"Chicago-Gary-Lake County, IL-IN",FALSE,,,,,,,,,,,,,04,05,06,07,08,09,10,11,,,,,,,,,,,,,,,,8/13/2012,,Moderate,P,52377,17,093,e,Ozone_8-hr.1997.Chicago,2/28/2026
ILLINOIS,IL,Kendall County,8-Hour Ozone (2008),,"Chicago-Naperville, IL-IN-WI",FALSE,,,,,,,,,,,,,,,,,,,,,12,13,14,15,16,17,18,19,20,21,,,,,,5/20/2022,,Serious,P,52377,17,093,d,Ozone_8-hr.2008.Chicago,2/28/2026
ILLINOIS,IL,Kendall County,8-Hour Ozone (2015),,"Chicago, IL-IN-WI",FALSE,,,,,,,,,,,,,,,,,,,,,,,,,,,18,19,20,21,22,23,24,25,26,  -   -,Yes,Serious,P,49334,17,093,d,Ozone_8-hr.2015.Chicago,2/28/2026
ILLINOIS,IL,Kendall County,PM-2.5 (1997),,"Chicago-Gary-Lake County, IL-IN",FALSE,,,,,,,,,,,,,,05,06,07,08,09,10,11,12,,,,,,,,,,,,,,,10/2/2013,,Former Subpart 1,P,52377,17,093,g,PM-2.5.1997.Chicago,2/28/2026
ILLINOIS,IL,LaSalle County,PM-10 (1987),,"LaSalle County; Oglesby, IL",FALSE,92,93,94,95,,,,,,,,,,,,,,,,,,,,,,,,,,,,,,,,10/7/1996,,Moderate,P,3862,17,099,B,PM-10.1990.Oglesby,2/28/2026
ILLINOIS,IL,Lake County,1-Hour Ozone (1979),Revoked,"Chicago-Gary-Lake County, IL-IN",FALSE,92,93,94,95,96,97,98,99,00,01,02,03,04,,,,,,,,,,,,,,,,,,,,,,,  -   -,Yes,Severe-17,W,703462,17,097,B,Ozone_1-hr.1990.Chicago,2/28/2026
ILLINOIS,IL,Lake County,8-Hour Ozone (1997),Revoked,"Chicago-Gary-Lake County, IL-IN",FALSE,,,,,,,,,,,,,04,05,06,07,08,09,10,11,,,,,,,,,,,,,,,,8/13/2012,,Moderate,W,703462,17,097,e,Ozone_8-hr.1997.Chicago,2/28/2026
ILLINOIS,IL,Lake County,8-Hour Ozone (2008),,"Chicago-Naperville, IL-IN-WI",FALSE,,,,,,,,,,,,,,,,,,,,,12,13,14,15,16,17,18,19,20,21,,,,,,5/20/2022,,Serious,W,703462,17,097,d,Ozone_8-hr.2008.Chicago,2/28/2026
ILLINOIS,IL,Lake County,8-Hour Ozone (2015),,"Chicago, IL-IN-WI",FALSE,,,,,,,,,,,,,,,,,,,,,,,,,,,18,19,20,21,22,23,24,25,26,  -   -,Yes,Serious,W,703462,17,097,d,Ozone_8-hr.2015.Chicago,2/28/2026
ILLINOIS,IL,Lake County,PM-2.5 (1997),,"Chicago-Gary-Lake County, IL-IN",FALSE,,,,,,,,,,,,,,05,06,07,08,09,10,11,12,,,,,,,,,,,,,,,10/2/2013,,Former Subpart 1,W,703462,17,097,g,PM-2.5.1997.Chicago,2/28/2026
ILLINOIS,IL,Madison County,1-Hour Ozone (1979),Revoked,"St. Louis, MO-IL",FALSE,92,93,94,95,96,97,98,99,00,01,02,,,,,,,,,,,,,,,,,,,,,,,,,5/12/2003,,Serious,W,269282,17,119,D,Ozone_1-hr.1990.St_Louis,2/28/2026
ILLINOIS,IL,Madison County,8-Hour Ozone (1997),Revoked,"St. Louis, MO-IL",FALSE,,,,,,,,,,,,,04,05,06,07,08,09,10,11,,,,,,,,,,,,,,,,6/12/2012,,Moderate,W,269282,17,119,e,Ozone_8-hr.1997.St_Louis,2/28/2026
ILLINOIS,IL,Madison County,8-Hour Ozone (2008),,"St. Louis-St. Charles-Farmington, MO-IL",FALSE,,,,,,,,,,,,,,,,,,,,,12,13,14,15,16,17,,,,,,,,,,3/1/2018,,Marginal,W,269282,17,119,f,Ozone_8-hr.2008.St_Louis,2/28/2026
ILLINOIS,IL,Madison County,8-Hour Ozone (2015),,"St. Louis, MO-IL",FALSE,,,,,,,,,,,,,,,,,,,,,,,,,,,18,19,20,21,22,23,24,25,26,  -   -,Yes,Serious,W,269282,17,119,d,Ozone_8-hr.2015.St_Louis,2/28/2026
ILLINOIS,IL,Madison County,Lead (2008),,"Granite City, IL",FALSE,,,,,,,,,,,,,,,,,,,10,11,12,13,14,15,16,17,,,,,,,,,,3/28/2018,,,P,38901,17,119,A,Lead.2008.Granite_City,2/28/2026
ILLINOIS,IL,Madison County,PM-10 (1987),,"Madison County; Granite City Township and Nameoki Township, IL",FALSE,92,93,94,95,96,97,,,,,,,,,,,,,,,,,,,,,,,,,,,,,,5/11/1998,,Moderate,P,35652,17,119,B,PM-10.1990.Granite_City,2/28/2026
ILLINOIS,IL,Madison County,PM-2.5 (1997),,"St. Louis, MO-IL",FALSE,,,,,,,,,,,,,,05,06,07,08,09,10,11,12,13,14,15,16,17,18,,,,,,,,,5/28/2019,,Moderate,W,269282,17,119,e,PM-2.5.1997.St_Louis,2/28/2026
ILLINOIS,IL,Madison County,Sulfur Dioxide (2010),,"Alton Township, IL",FALSE,,,,,,,,,,,,,,,,,,,,,,,,,16,17,18,19,20,21,22,23,24,,,3/21/2025,,,P,0,17,119,A,SO2.2010.Alton,2/28/2026
ILLINOIS,IL,McHenry County,1-Hour Ozone (1979),Revoked,"Chicago-Gary-Lake County, IL-IN",FALSE,92,93,94,95,96,97,98,99,00,01,02,03,04,,,,,,,,,,,,,,,,,,,,,,,  -   -,Yes,Severe-17,W,308760,17,111,B,Ozone_1-hr.1990.Chicago,2/28/2026
ILLINOIS,IL,McHenry County,8-Hour Ozone (1997),Revoked,"Chicago-Gary-Lake County, IL-IN",FALSE,,,,,,,,,,,,,04,05,06,07,08,09,10,11,,,,,,,,,,,,,,,,8/13/2012,,Moderate,W,308760,17,111,e,Ozone_8-hr.1997.Chicago,2/28/2026
ILLINOIS,IL,McHenry County,8-Hour Ozone (2008),,"Chicago-Naperville, IL-IN-WI",FALSE,,,,,,,,,,,,,,,,,,,,,12,13,14,15,16,17,18,19,20,21,,,,,,5/20/2022,,Serious,W,308760,17,111,d,Ozone_8-hr.2008.Chicago,2/28/2026
ILLINOIS,IL,McHenry County,8-Hour Ozone (2015),,"Chicago, IL-IN-WI",FALSE,,,,,,,,,,,,,,,,,,,,,,,,,,,18,19,20,21,22,23,24,25,26,  -   -,Yes,Serious,W,308760,17,111,d,Ozone_8-hr.2015.Chicago,2/28/2026
ILLINOIS,IL,McHenry County,PM-2.5 (1997),,"Chicago-Gary-Lake County, IL-IN",FALSE,,,,,,,,,,,,,,05,06,07,08,09,10,11,12,,,,,,,,,,,,,,,10/2/2013,,Former Subpart 1,W,308760,17,111,g,PM-2.5.1997.Chicago,2/28/2026
ILLINOIS,IL,Monroe County,1-Hour Ozone (1979),Revoked,"St. Louis, MO-IL",FALSE,92,93,94,95,96,97,98,99,00,01,02,,,,,,,,,,,,,,,,,,,,,,,,,5/12/2003,,Serious,W,32957,17,133,D,Ozone_1-hr.1990.St_Louis,2/28/2026
ILLINOIS,IL,Monroe County,8-Hour Ozone (1997),Revoked,"St. Louis, MO-IL",FALSE,,,,,,,,,,,,,04,05,06,07,08,09,10,11,,,,,,,,,,,,,,,,6/12/2012,,Moderate,W,32957,17,133,e,Ozone_8-hr.1997.St_Louis,2/28/2026
ILLINOIS,IL,Monroe County,8-Hour Ozone (2008),,"St. Louis-St. Charles-Farmington, MO-IL",FALSE,,,,,,,,,,,,,,,,,,,,,12,13,14,15,16,17,,,,,,,,,,3/1/2018,,Marginal,W,32957,17,133,f,Ozone_8-hr.2008.St_Louis,2/28/2026
ILLINOIS,IL,Monroe County,8-Hour Ozone (2015),,"St. Louis, MO-IL",FALSE,,,,,,,,,,,,,,,,,,,,,,,,,,,18,19,20,21,22,23,24,25,26,  -   -,Yes,Serious,W,32957,17,133,d,Ozone_8-hr.2015.St_Louis,2/28/2026
ILLINOIS,IL,Monroe County,PM-2.5 (1997),,"St. Louis, MO-IL",FALSE,,,,,,,,,,,,,,05,06,07,08,09,10,11,12,13,14,15,16,17,18,,,,,,,,,5/28/2019,,Moderate,W,32957,17,133,e,PM-2.5.1997.St_Louis,2/28/2026
ILLINOIS,IL,Peoria County,Sulfur Dioxide (1971),,"Peoria County: Hollis twp, IL",FALSE,92,93,94,,,,,,,,,,,,,,,,,,,,,,,,,,,,,,,,,6/5/1995,,"Primary, Secondary",P,2032,17,143,B,SO2.1978.Hollis,2/28/2026
ILLINOIS,IL,Peoria County,Sulfur Dioxide (1971),,"Peoria, IL",FALSE,92,93,94,,,,,,,,,,,,,,,,,,,,,,,,,,,,,,,,,6/5/1995,,Primary,P,127507,17,143,A,SO2.1978.Peoria,2/28/2026
ILLINOIS,IL,Peoria County,Sulfur Dioxide (2010),,"Pekin, IL",FALSE,,,,,,,,,,,,,,,,,,,,,,13,14,15,16,17,18,19,,,,,,,,5/26/2020,,,P,1881,17,143,A,SO2.2010.Pekin,2/28/2026
ILLINOIS,IL,Randolph County,PM-2.5 (1997),,"St. Louis, MO-IL",FALSE,,,,,,,,,,,,,,05,06,07,08,09,10,11,12,13,14,15,16,17,18,,,,,,,,,5/28/2019,,Moderate,P,1453,17,157,e,PM-2.5.1997.St_Louis,2/28/2026
ILLINOIS,IL,St. Clair County,1-Hour Ozone (1979),Revoked,"St. Louis, MO-IL",FALSE,92,93,94,95,96,97,98,99,00,01,02,,,,,,,,,,,,,,,,,,,,,,,,,5/12/2003,,Serious,W,270056,17,163,D,Ozone_1-hr.1990.St_Louis,2/28/2026
ILLINOIS,IL,St. Clair County,8-Hour Ozone (1997),Revoked,"St. Louis, MO-IL",FALSE,,,,,,,,,,,,,04,05,06,07,08,09,10,11,,,,,,,,,,,,,,,,6/12/2012,,Moderate,W,270056,17,163,e,Ozone_8-hr.1997.St_Louis,2/28/2026
ILLINOIS,IL,St. Clair County,8-Hour Ozone (2008),,"St. Louis-St. Charles-Farmington, MO-IL",FALSE,,,,,,,,,,,,,,,,,,,,,12,13,14,15,16,17,,,,,,,,,,3/1/2018,,Marginal,W,270056,17,163,f,Ozone_8-hr.2008.St_Louis,2/28/2026
ILLINOIS,IL,St. Clair County,8-Hour Ozone (2015),,"St. Louis, MO-IL",FALSE,,,,,,,,,,,,,,,,,,,,,,,,,,,18,19,20,21,22,23,24,25,26,  -   -,Yes,Serious,W,270056,17,163,d,Ozone_8-hr.2015.St_Louis,2/28/2026
ILLINOIS,IL,St. Clair County,PM-2.5 (1997),,"St. Louis, MO-IL",FALSE,,,,,,,,,,,,,,05,06,07,08,09,10,11,12,13,14,15,16,17,18,,,,,,,,,5/28/2019,,Moderate,W,270056,17,163,e,PM-2.5.1997.St_Louis,2/28/2026
ILLINOIS,IL,Tazewell County,Sulfur Dioxide (1971),,"Tazewell County: Groveland twp, IL",FALSE,92,93,94,,,,,,,,,,,,,,,,,,,,,,,,,,,,,,,,,6/5/1995,,Primary,P,22991,17,179,A,SO2.1978.Groveland,2/28/2026
ILLINOIS,IL,Tazewell County,Sulfur Dioxide (2010),,"Pekin, IL",FALSE,,,,,,,,,,,,,,,,,,,,,,13,14,15,16,17,18,19,,,,,,,,5/26/2020,,,P,39313,17,179,A,SO2.2010.Pekin,2/28/2026
ILLINOIS,IL,Will County,1-Hour Ozone (1979),Revoked,"Chicago-Gary-Lake County, IL-IN",FALSE,92,93,94,95,96,97,98,99,00,01,02,03,04,,,,,,,,,,,,,,,,,,,,,,,  -   -,Yes,Severe-17,W,677560,17,197,B,Ozone_1-hr.1990.Chicago,2/28/2026
ILLINOIS,IL,Will County,8-Hour Ozone (1997),Revoked,"Chicago-Gary-Lake County, IL-IN",FALSE,,,,,,,,,,,,,04,05,06,07,08,09,10,11,,,,,,,,,,,,,,,,8/13/2012,,Moderate,W,677560,17,197,e,Ozone_8-hr.1997.Chicago,2/28/2026
ILLINOIS,IL,Will County,8-Hour Ozone (2008),,"Chicago-Naperville, IL-IN-WI",FALSE,,,,,,,,,,,,,,,,,,,,,12,13,14,15,16,17,18,19,20,21,,,,,,5/20/2022,,Serious,W,677560,17,197,d,Ozone_8-hr.2008.Chicago,2/28/2026
ILLINOIS,IL,Will County,8-Hour Ozone (2015),,"Chicago, IL-IN-WI",FALSE,,,,,,,,,,,,,,,,,,,,,,,,,,,18,19,20,21,22,23,24,25,26,  -   -,Yes,Serious,W,677560,17,197,d,Ozone_8-hr.2015.Chicago,2/28/2026
ILLINOIS,IL,Will County,PM-2.5 (1997),,"Chicago-Gary-Lake County, IL-IN",FALSE,,,,,,,,,,,,,,05,06,07,08,09,10,11,12,,,,,,,,,,,,,,,10/2/2013,,Former Subpart 1,W,677560,17,197,g,PM-2.5.1997.Chicago,2/28/2026
ILLINOIS,IL,Will County,Sulfur Dioxide (2010),,"Lemont, IL",FALSE,,,,,,,,,,,,,,,,,,,,,,13,14,15,16,17,18,19,,,,,,,,5/26/2020,,,P,147803,17,197,A,SO2.2010.Lemont,2/28/2026
INDIANA,IN,Allen County,8-Hour Ozone (1997),Revoked,"Fort Wayne, IN",FALSE,,,,,,,,,,,,,04,05,06,,,,,,,,,,,,,,,,,,,,,2/12/2007,,Former Subpart 1,W,355329,18,003,g,Ozone_8-hr.1997.Fort_Wayne,2/28/2026
INDIANA,IN,Boone County,8-Hour Ozone (1997),Revoked,"Indianapolis, IN",FALSE,,,,,,,,,,,,,04,05,06,,,,,,,,,,,,,,,,,,,,,10/19/2007,,Former Subpart 1,W,56640,18,011,g,Ozone_8-hr.1997.Indianapolis,2/28/2026
INDIANA,IN,Clark County,1-Hour Ozone (1979),Revoked,"Louisville, KY-IN",FALSE,92,93,94,95,96,97,98,99,00,,,,,,,,,,,,,,,,,,,,,,,,,,,11/23/2001,,Moderate,W,110232,18,019,E,Ozone_1-hr.1990.Louisville,2/28/2026
INDIANA,IN,Clark County,8-Hour Ozone (1997),Revoked,"Louisville, KY-IN",FALSE,,,,,,,,,,,,,04,05,06,,,,,,,,,,,,,,,,,,,,,7/19/2007,,Former Subpart 1,W,110232,18,019,g,Ozone_8-hr.1997.Louisville,2/28/2026
INDIANA,IN,Clark County,8-Hour Ozone (2015),,"Louisville, KY-IN",TRUE,,,,,,,,,,,,,,,,,,,,,,,,,,,18,19,20,21,,,,,,7/5/2022,Yes,Marginal,W,110232,18,019,f,Ozone_8-hr.2015.Louisville,2/28/2026
INDIANA,IN,Clark County,PM-2.5 (1997),,"Louisville, KY-IN",FALSE,,,,,,,,,,,,,,05,06,07,08,09,10,11,12,13,14,15,,,,,,,,,,,,9/9/2016,,Moderate,W,110232,18,019,e,PM-2.5.1997.Louisville,2/28/2026
INDIANA,IN,Daviess County,Sulfur Dioxide (2010),,"Southwest Indiana, IN",FALSE,,,,,,,,,,,,,,,,,,,,,,13,14,15,16,17,18,19,20,,,,,,,4/30/2021,,,P,1095,18,027,A,SO2.2010.Daviess_Co,2/28/2026
INDIANA,IN,Dearborn County,8-Hour Ozone (1997),Revoked,"Cincinnati-Hamilton, OH-KY-IN",FALSE,,,,,,,,,,,,,04,05,06,07,08,09,,,,,,,,,,,,,,,,,,5/11/2010,,Former Subpart 1,P,13516,18,029,g,Ozone_8-hr.1997.Cincinnati,2/28/2026
INDIANA,IN,Dearborn County,8-Hour Ozone (2008),,"Cincinnati, OH-KY-IN",FALSE,,,,,,,,,,,,,,,,,,,,,12,13,14,15,16,,,,,,,,,,,4/7/2017,,Marginal,P,13600,18,029,f,Ozone_8-hr.2008.Cincinnati,2/28/2026
INDIANA,IN,Dearborn County,PM-2.5 (1997),,"Cincinnati-Hamilton, OH-KY-IN",FALSE,,,,,,,,,,,,,,05,06,07,08,09,10,11,12,13,14,15,16,,,,,,,,,,,9/1/2017,,Former Subpart 1,P,13516,18,029,g,PM-2.5.1997.Cincinnati,2/28/2026
INDIANA,IN,Delaware County,8-Hour Ozone (1997),Revoked,"Muncie, IN",FALSE,,,,,,,,,,,,,04,05,,,,,,,,,,,,,,,,,,,,,,1/3/2006,,Former Subpart 1,W,117671,18,035,g,Ozone_8-hr.1997.Muncie,2/28/2026
INDIANA,IN,Delaware County,Lead (2008),,"Muncie, IN",FALSE,,,,,,,,,,,,,,,,,,,10,11,12,13,14,15,16,17,18,19,,,,,,,,5/15/2020,,,P,854,18,035,A,Lead.2008.Muncie,2/28/2026
INDIANA,IN,Dubois County,PM-2.5 (1997),,"Evansville, IN",FALSE,,,,,,,,,,,,,,05,06,07,08,09,10,,,,,,,,,,,,,,,,,10/27/2011,,Former Subpart 1,W,41889,18,037,g,PM-2.5.1997.Evansville,2/28/2026
INDIANA,IN,Elkhart County,1-Hour Ozone (1979),Revoked,"South Bend-Elkhart, IN",FALSE,92,93,,,,,,,,,,,,,,,,,,,,,,,,,,,,,,,,,,11/30/1994,,Marginal,W,197559,18,039,G,Ozone_1-hr.1990.South_Bend,2/28/2026
INDIANA,IN,Elkhart County,8-Hour Ozone (1997),Revoked,"South Bend-Elkhart, IN",FALSE,,,,,,,,,,,,,04,05,06,,,,,,,,,,,,,,,,,,,,,7/19/2007,,Former Subpart 1,W,197559,18,039,g,Ozone_8-hr.1997.South_Bend,2/28/2026
INDIANA,IN,Floyd County,1-Hour Ozone (1979),Revoked,"Louisville, KY-IN",FALSE,92,93,94,95,96,97,98,99,00,,,,,,,,,,,,,,,,,,,,,,,,,,,11/23/2001,,Moderate,W,74578,18,043,E,Ozone_1-hr.1990.Louisville,2/28/2026
INDIANA,IN,Floyd County,8-Hour Ozone (1997),Revoked,"Louisville, KY-IN",FALSE,,,,,,,,,,,,,04,05,06,,,,,,,,,,,,,,,,,,,,,7/19/2007,,Former Subpart 1,W,74578,18,043,g,Ozone_8-hr.1997.Louisville,2/28/2026
INDIANA,IN,Floyd County,8-Hour Ozone (2015),,"Louisville, KY-IN",TRUE,,,,,,,,,,,,,,,,,,,,,,,,,,,18,19,20,21,,,,,,7/5/2022,Yes,Marginal,W,74578,18,043,f,Ozone_8-hr.2015.Louisville,2/28/2026
INDIANA,IN,Floyd County,PM-2.5 (1997),,"Louisville, KY-IN",FALSE,,,,,,,,,,,,,,05,06,07,08,09,10,11,12,13,14,15,,,,,,,,,,,,9/9/2016,,Moderate,W,74578,18,043,e,PM-2.5.1997.Louisville,2/28/2026
INDIANA,IN,Gibson County,PM-2.5 (1997),,"Evansville, IN",FALSE,,,,,,,,,,,,,,05,06,07,08,09,10,,,,,,,,,,,,,,,,,10/27/2011,,Former Subpart 1,P,4567,18,051,g,PM-2.5.1997.Evansville,2/28/2026
INDIANA,IN,Greene County,8-Hour Ozone (1997),Revoked,"Greene County, IN",FALSE,,,,,,,,,,,,,04,,,,,,,,,,,,,,,,,,,,,,,12/29/2005,,Former Subpart 1,W,33165,18,055,g,Ozone_8-hr.1997.Greene_Co_IN,2/28/2026
INDIANA,IN,Hamilton County,8-Hour Ozone (1997),Revoked,"Indianapolis, IN",FALSE,,,,,,,,,,,,,04,05,06,,,,,,,,,,,,,,,,,,,,,10/19/2007,,Former Subpart 1,W,274569,18,057,g,Ozone_8-hr.1997.Indianapolis,2/28/2026
INDIANA,IN,Hamilton County,PM-2.5 (1997),,"Indianapolis, IN",FALSE,,,,,,,,,,,,,,05,06,07,08,09,10,11,12,,,,,,,,,,,,,,,7/11/2013,,Former Subpart 1,W,274569,18,057,g,PM-2.5.1997.Indianapolis,2/28/2026
INDIANA,IN,Hancock County,8-Hour Ozone (1997),Revoked,"Indianapolis, IN",FALSE,,,,,,,,,,,,,04,05,06,,,,,,,,,,,,,,,,,,,,,10/19/2007,,Former Subpart 1,W,70002,18,059,g,Ozone_8-hr.1997.Indianapolis,2/28/2026
INDIANA,IN,Hendricks County,8-Hour Ozone (1997),Revoked,"Indianapolis, IN",FALSE,,,,,,,,,,,,,04,05,06,,,,,,,,,,,,,,,,,,,,,10/19/2007,,Former Subpart 1,W,145448,18,063,g,Ozone_8-hr.1997.Indianapolis,2/28/2026
INDIANA,IN,Hendricks County,PM-2.5 (1997),,"Indianapolis, IN",FALSE,,,,,,,,,,,,,,05,06,07,08,09,10,11,12,,,,,,,,,,,,,,,7/11/2013,,Former Subpart 1,W,145448,18,063,g,PM-2.5.1997.Indianapolis,2/28/2026
INDIANA,IN,Huntington County,Sulfur Dioxide (2010),,"Huntington, IN",FALSE,,,,,,,,,,,,,,,,,,,,,,,,,,,18,19,20,21,22,23,24,25,,1/9/2026,,,P,20838,18,069,A,SO2.2010.Huntington_IN,2/28/2026
INDIANA,IN,Jackson County,8-Hour Ozone (1997),Revoked,"Jackson County, IN",FALSE,,,,,,,,,,,,,04,,,,,,,,,,,,,,,,,,,,,,,12/29/2005,,Former Subpart 1,W,42376,18,071,g,Ozone_8-hr.1997.Jackson_Co,2/28/2026
INDIANA,IN,Jefferson County,PM-2.5 (1997),,"Louisville, KY-IN",FALSE,,,,,,,,,,,,,,05,06,07,08,09,10,11,12,13,14,15,,,,,,,,,,,,9/9/2016,,Moderate,P,18679,18,077,e,PM-2.5.1997.Louisville,2/28/2026
INDIANA,IN,Johnson County,8-Hour Ozone (1997),Revoked,"Indianapolis, IN",FALSE,,,,,,,,,,,,,04,05,06,,,,,,,,,,,,,,,,,,,,,10/19/2007,,Former Subpart 1,W,139654,18,081,g,Ozone_8-hr.1997.Indianapolis,2/28/2026
INDIANA,IN,Johnson County,PM-2.5 (1997),,"Indianapolis, IN",FALSE,,,,,,,,,,,,,,05,06,07,08,09,10,11,12,,,,,,,,,,,,,,,7/11/2013,,Former Subpart 1,W,139654,18,081,g,PM-2.5.1997.Indianapolis,2/28/2026
INDIANA,IN,LaPorte County,8-Hour Ozone (1997),Revoked,"La Porte County, IN",FALSE,,,,,,,,,,,,,04,05,06,,,,,,,,,,,,,,,,,,,,,7/19/2007,,Marginal,W,111467,18,091,f,Ozone_8-hr.1997.La_Porte_Co,2/28/2026
INDIANA,IN,LaPorte County,Sulfur Dioxide (1971),,"La Porte County, IN",FALSE,92,93,94,95,96,,,,,,,,,,,,,,,,,,,,,,,,,,,,,,,1/14/1997,,Primary,P,111471,18,091,A,SO2.1978.La_Porte_Co,2/28/2026
INDIANA,IN,Lake County,1-Hour Ozone (1979),Revoked,"Chicago-Gary-Lake County, IL-IN",FALSE,92,93,94,95,96,97,98,99,00,01,02,03,04,,,,,,,,,,,,,,,,,,,,,,,  -   -,Yes,Severe-17,W,496005,18,089,B,Ozone_1-hr.1990.Chicago,2/28/2026
INDIANA,IN,Lake County,8-Hour Ozone (1997),Revoked,"Chicago-Gary-Lake County, IL-IN",FALSE,,,,,,,,,,,,,04,05,06,07,08,09,,,,,,,,,,,,,,,,,,5/11/2010,,Moderate,W,496005,18,089,e,Ozone_8-hr.1997.Chicago,2/28/2026
INDIANA,IN,Lake County,8-Hour Ozone (2008),,"Chicago-Naperville, IL-IN-WI",FALSE,,,,,,,,,,,,,,,,,,,,,12,13,14,15,16,17,18,19,20,21,,,,,,5/20/2022,,Serious,W,496005,18,089,d,Ozone_8-hr.2008.Chicago,2/28/2026
INDIANA,IN,Lake County,8-Hour Ozone (2015),,"Chicago, IL-IN-WI",FALSE,,,,,,,,,,,,,,,,,,,,,,,,,,,18,19,20,21,22,23,24,25,26,  -   -,Yes,Serious,P,421162,18,089,d,Ozone_8-hr.2015.Chicago,2/28/2026
INDIANA,IN,Lake County,Carbon Monoxide (1971),,"East Chicago, IN",FALSE,92,93,94,95,96,97,98,99,,,,,,,,,,,,,,,,,,,,,,,,,,,,3/20/2000,,Not Classified,P,5208,18,089,D,CO.1990.East_Chicago,2/28/2026
INDIANA,IN,Lake County,PM-10 (1987),,"Lake County; Cities of East Chicago, Hammond, Whiting, and Gary, IN",FALSE,92,93,94,95,96,97,98,99,00,01,02,,,,,,,,,,,,,,,,,,,,,,,,,3/11/2003,,Moderate,P,214867,18,089,B,PM-10.1990.East_Chicago,2/28/2026
INDIANA,IN,Lake County,PM-2.5 (1997),,"Chicago-Gary-Lake County, IL-IN",FALSE,,,,,,,,,,,,,,05,06,07,08,09,10,11,,,,,,,,,,,,,,,,2/6/2012,,Former Subpart 1,W,496005,18,089,g,PM-2.5.1997.Chicago,2/28/2026
INDIANA,IN,Lake County,Sulfur Dioxide (1971),,"Lake County, IN",FALSE,92,93,94,95,96,97,98,99,00,01,02,03,04,,,,,,,,,,,,,,,,,,,,,,,10/26/2005,,Primary,P,496000,18,089,A,SO2.1978.Lake_Co_IN,2/28/2026
INDIANA,IN,Madison County,8-Hour Ozone (1997),Revoked,"Indianapolis, IN",FALSE,,,,,,,,,,,,,04,05,06,,,,,,,,,,,,,,,,,,,,,10/19/2007,,Former Subpart 1,W,131636,18,095,g,Ozone_8-hr.1997.Indianapolis,2/28/2026
INDIANA,IN,Marion County,1-Hour Ozone (1979),Revoked,"Indianapolis, IN",FALSE,92,93,,,,,,,,,,,,,,,,,,,,,,,,,,,,,,,,,,11/30/1994,,Marginal,W,903393,18,097,G,Ozone_1-hr.1990.Indianapolis,2/28/2026
INDIANA,IN,Marion County,8-Hour Ozone (1997),Revoked,"Indianapolis, IN",FALSE,,,,,,,,,,,,,04,05,06,,,,,,,,,,,,,,,,,,,,,10/19/2007,,Former Subpart 1,W,903393,18,097,g,Ozone_8-hr.1997.Indianapolis,2/28/2026
INDIANA,IN,Marion County,Carbon Monoxide (1971),,"Indianapolis, IN",FALSE,92,93,94,95,96,97,98,99,,,,,,,,,,,,,,,,,,,,,,,,,,,,3/20/2000,,Not Classified,P,61160,18,097,D,CO.1990.Indianapolis,2/28/2026
INDIANA,IN,Marion County,Lead (1978),,"Marion County; Franklin Township, IN",FALSE,92,93,94,95,96,97,98,99,,,,,,,,,,,,,,,,,,,,,,,,,,,,7/10/2000,,,P,18158,18,097,A,Lead.1992.Franklin,2/28/2026
INDIANA,IN,Marion County,PM-2.5 (1997),,"Indianapolis, IN",FALSE,,,,,,,,,,,,,,05,06,07,08,09,10,11,12,,,,,,,,,,,,,,,7/11/2013,,Former Subpart 1,W,903393,18,097,g,PM-2.5.1997.Indianapolis,2/28/2026
INDIANA,IN,Marion County,Sulfur Dioxide (1971),,"Marion County: Lawrence, Washington, and Warrant Townships, IN",FALSE,92,93,94,95,96,,,,,,,,,,,,,,,,,,,,,,,,,,,,,,,1/14/1997,,Primary,P,349929,18,097,A,SO2.1978.Indianapolis,2/28/2026
INDIANA,IN,Marion County,Sulfur Dioxide (2010),,"Indianapolis, IN",FALSE,,,,,,,,,,,,,,,,,,,,,,13,14,15,16,17,18,19,,,,,,,,5/21/2020,,,P,388587,18,097,A,SO2.2010.Indianapolis,2/28/2026
INDIANA,IN,Morgan County,8-Hour Ozone (1997),Revoked,"Indianapolis, IN",FALSE,,,,,,,,,,,,,04,05,06,,,,,,,,,,,,,,,,,,,,,10/19/2007,,Former Subpart 1,W,68894,18,109,g,Ozone_8-hr.1997.Indianapolis,2/28/2026
INDIANA,IN,Morgan County,PM-2.5 (1997),,"Indianapolis, IN",FALSE,,,,,,,,,,,,,,05,06,07,08,09,10,11,12,,,,,,,,,,,,,,,7/11/2013,,Former Subpart 1,W,68894,18,109,g,PM-2.5.1997.Indianapolis,2/28/2026
INDIANA,IN,Morgan County,Sulfur Dioxide (2010),,"Morgan County, IN",FALSE,,,,,,,,,,,,,,,,,,,,,,13,14,15,16,17,18,19,,,,,,,,9/16/2020,,,P,21365,18,109,A,SO2.2010.Morgan_Co_IN,2/28/2026
INDIANA,IN,Pike County,PM-2.5 (1997),,"Evansville, IN",FALSE,,,,,,,,,,,,,,05,06,07,08,09,10,,,,,,,,,,,,,,,,,10/27/2011,,Former Subpart 1,P,5124,18,125,g,PM-2.5.1997.Evansville,2/28/2026
INDIANA,IN,Pike County,Sulfur Dioxide (2010),,"Southwest Indiana, IN",FALSE,,,,,,,,,,,,,,,,,,,,,,13,14,15,16,17,18,19,20,,,,,,,4/30/2021,,,P,4460,18,125,A,SO2.2010.Daviess_Co,2/28/2026
INDIANA,IN,Porter County,1-Hour Ozone (1979),Revoked,"Chicago-Gary-Lake County, IL-IN",FALSE,92,93,94,95,96,97,98,99,00,01,02,03,04,,,,,,,,,,,,,,,,,,,,,,,  -   -,Yes,Severe-17,W,164343,18,127,B,Ozone_1-hr.1990.Chicago,2/28/2026
INDIANA,IN,Porter County,8-Hour Ozone (1997),Revoked,"Chicago-Gary-Lake County, IL-IN",FALSE,,,,,,,,,,,,,04,05,06,07,08,09,,,,,,,,,,,,,,,,,,5/11/2010,,Moderate,W,164343,18,127,e,Ozone_8-hr.1997.Chicago,2/28/2026
INDIANA,IN,Porter County,8-Hour Ozone (2008),,"Chicago-Naperville, IL-IN-WI",FALSE,,,,,,,,,,,,,,,,,,,,,12,13,14,15,16,17,18,19,20,21,,,,,,5/20/2022,,Serious,W,164343,18,127,d,Ozone_8-hr.2008.Chicago,2/28/2026
INDIANA,IN,Porter County,8-Hour Ozone (2015),,"Chicago, IL-IN-WI",FALSE,,,,,,,,,,,,,,,,,,,,,,,,,,,18,19,20,21,22,23,24,25,26,  -   -,Yes,Serious,P,140700,18,127,d,Ozone_8-hr.2015.Chicago,2/28/2026
INDIANA,IN,Porter County,PM-2.5 (1997),,"Chicago-Gary-Lake County, IL-IN",FALSE,,,,,,,,,,,,,,05,06,07,08,09,10,11,,,,,,,,,,,,,,,,2/6/2012,,Former Subpart 1,W,164343,18,127,g,PM-2.5.1997.Chicago,2/28/2026
INDIANA,IN,Shelby County,8-Hour Ozone (1997),Revoked,"Indianapolis, IN",FALSE,,,,,,,,,,,,,04,05,06,,,,,,,,,,,,,,,,,,,,,10/19/2007,,Former Subpart 1,W,44436,18,145,g,Ozone_8-hr.1997.Indianapolis,2/28/2026
INDIANA,IN,Spencer County,PM-2.5 (1997),,"Evansville, IN",FALSE,,,,,,,,,,,,,,05,06,07,08,09,10,,,,,,,,,,,,,,,,,10/27/2011,,Former Subpart 1,P,6023,18,147,g,PM-2.5.1997.Evansville,2/28/2026
INDIANA,IN,St. Joseph County,1-Hour Ozone (1979),Revoked,"South Bend-Elkhart, IN",FALSE,92,93,,,,,,,,,,,,,,,,,,,,,,,,,,,,,,,,,,11/30/1994,,Marginal,W,266931,18,141,G,Ozone_1-hr.1990.South_Bend,2/28/2026
INDIANA,IN,St. Joseph County,8-Hour Ozone (1997),Revoked,"South Bend-Elkhart, IN",FALSE,,,,,,,,,,,,,04,05,06,,,,,,,,,,,,,,,,,,,,,7/19/2007,,Former Subpart 1,W,266931,18,141,g,Ozone_8-hr.1997.South_Bend,2/28/2026
INDIANA,IN,Vanderburgh County,1-Hour Ozone (1979),Revoked,"Evansville, IN",FALSE,92,93,94,95,96,,,,,,,,,,,,,,,,,,,,,,,,,,,,,,,12/9/1997,,Marginal,W,179703,18,163,G,Ozone_1-hr.1990.Evansville,2/28/2026
INDIANA,IN,Vanderburgh County,8-Hour Ozone (1997),Revoked,"Evansville, IN",FALSE,,,,,,,,,,,,,04,05,,,,,,,,,,,,,,,,,,,,,,1/30/2006,,Former Subpart 1,W,179703,18,163,g,Ozone_8-hr.1997.Evansville,2/28/2026
INDIANA,IN,Vanderburgh County,PM-2.5 (1997),,"Evansville, IN",FALSE,,,,,,,,,,,,,,05,06,07,08,09,10,,,,,,,,,,,,,,,,,10/27/2011,,Former Subpart 1,W,179703,18,163,g,PM-2.5.1997.Evansville,2/28/2026
INDIANA,IN,Vermillion County,PM-10 (1987),,"Vermillion County; Part of Clinton Township, IN",FALSE,92,93,94,95,96,,,,,,,,,,,,,,,,,,,,,,,,,,,,,,,10/27/1997,,Moderate,P,9119,18,165,B,PM-10.1990.Clinton,2/28/2026
INDIANA,IN,Vigo County,8-Hour Ozone (1997),Revoked,"Terre Haute, IN",FALSE,,,,,,,,,,,,,04,05,,,,,,,,,,,,,,,,,,,,,,2/6/2006,,Former Subpart 1,W,107848,18,167,g,Ozone_8-hr.1997.Terre_Haute,2/28/2026
INDIANA,IN,Vigo County,Sulfur Dioxide (1971),,"Vigo County, IN",FALSE,92,93,94,95,96,,,,,,,,,,,,,,,,,,,,,,,,,,,,,,,1/14/1997,,Primary,W,107848,18,167,A,SO2.1978.Vigo_Co,2/28/2026
INDIANA,IN,Vigo County,Sulfur Dioxide (2010),,"Terre Haute, IN",FALSE,,,,,,,,,,,,,,,,,,,,,,13,14,15,16,17,18,,,,,,,,,7/8/2019,,,P,53902,18,167,A,SO2.2010.Vigo_Co,2/28/2026
INDIANA,IN,Warrick County,8-Hour Ozone (1997),Revoked,"Evansville, IN",FALSE,,,,,,,,,,,,,04,05,,,,,,,,,,,,,,,,,,,,,,1/30/2006,,Former Subpart 1,W,59689,18,173,g,Ozone_8-hr.1997.Evansville,2/28/2026
INDIANA,IN,Warrick County,PM-2.5 (1997),,"Evansville, IN",FALSE,,,,,,,,,,,,,,05,06,07,08,09,10,,,,,,,,,,,,,,,,,10/27/2011,,Former Subpart 1,W,59689,18,173,g,PM-2.5.1997.Evansville,2/28/2026
INDIANA,IN,Wayne County,Sulfur Dioxide (1971),,"Wayne County: Boston, Center, Franklin, Wayne & Webster Townships, IN",FALSE,92,93,94,95,96,,,,,,,,,,,,,,,,,,,,,,,,,,,,,,,1/14/1997,,Primary,P,52325,18,177,A,SO2.1978.Wayne_Co,2/28/2026
IOWA,IA,Muscatine County,Sulfur Dioxide (1971),,"Muscatine County, IA",FALSE,,,94,95,96,97,,,,,,,,,,,,,,,,,,,,,,,,,,,,,,5/18/1998,,Primary,P,24633,19,139,A,SO2.1978.Muscatine_Co,2/28/2026
IOWA,IA,Muscatine County,Sulfur Dioxide (2010),,"Muscatine, IA",FALSE,,,,,,,,,,,,,,,,,,,,,,13,14,15,16,17,18,19,20,21,22,23,24,,,12/18/2025,,,P,30329,19,139,A,SO2.2010.Muscatine_Co,2/28/2026
IOWA,IA,Pottawattamie County,Lead (2008),,"Pottawattamie County, IA",FALSE,,,,,,,,,,,,,,,,,,,,11,12,13,14,15,16,17,,,,,,,,,,10/4/2018,,,P,12845,19,155,A,Lead.2008.Council_Bluffs,2/28/2026
KANSAS,KS,Johnson County,1-Hour Ozone (1979),Revoked,"Kansas City, MO-KS",FALSE,,,,,,,,,,,,,,,,,,,,,,,,,,,,,,,,,,,,7/23/1992,,Other,W,544179,20,091,I,Ozone_1-hr.1990.Kansas_City,2/28/2026
KANSAS,KS,Saline County,Lead (2008),,"Saline County, KS",FALSE,,,,,,,,,,,,,,,,,,,,11,12,13,14,15,16,17,18,19,20,21,22,23,24,,,12/18/2025,,,P,9,20,169,A,Lead.2008.Salina,2/28/2026
KANSAS,KS,Wyandotte County,1-Hour Ozone (1979),Revoked,"Kansas City, MO-KS",FALSE,,,,,,,,,,,,,,,,,,,,,,,,,,,,,,,,,,,,7/23/1992,,Other,W,157505,20,209,I,Ozone_1-hr.1990.Kansas_City,2/28/2026
KENTUCKY,KY,Boone County,1-Hour Ozone (1979),Revoked,"Cincinnati-Hamilton, OH-KY",FALSE,92,93,94,95,96,97,98,99,00,01,,,,,,,,,,,,,,,,,,,,,,,,,,8/30/2002,,Moderate,W,118811,21,015,E,Ozone_1-hr.1990.Cincinnati,2/28/2026
KENTUCKY,KY,Boone County,8-Hour Ozone (1997),Revoked,"Cincinnati-Hamilton, OH-KY-IN",FALSE,,,,,,,,,,,,,04,05,06,07,08,09,,,,,,,,,,,,,,,,,,8/5/2010,,Former Subpart 1,W,118811,21,015,g,Ozone_8-hr.1997.Cincinnati,2/28/2026
KENTUCKY,KY,Boone County,8-Hour Ozone (2008),,"Cincinnati, OH-KY-IN",FALSE,,,,,,,,,,,,,,,,,,,,,12,13,14,15,16,,,,,,,,,,,7/5/2017,,Marginal,P,114575,21,015,f,Ozone_8-hr.2008.Cincinnati,2/28/2026
KENTUCKY,KY,Boone County,8-Hour Ozone (2015),,"Cincinnati, OH-KY",FALSE,,,,,,,,,,,,,,,,,,,,,,,,,,,18,19,20,21,22,,,,,11/3/2023,,Moderate,P,113158,21,015,e,Ozone_8-hr.2015.Cincinnati,2/28/2026
KENTUCKY,KY,Boone County,PM-2.5 (1997),,"Cincinnati-Hamilton, OH-KY-IN",FALSE,,,,,,,,,,,,,,05,06,07,08,09,10,,,,,,,,,,,,,,,,,12/15/2011,,Former Subpart 1,W,118811,21,015,g,PM-2.5.1997.Cincinnati,2/28/2026
KENTUCKY,KY,Boyd County,1-Hour Ozone (1979),Revoked,"Huntington-Ashland, WV-KY",FALSE,92,93,94,,,,,,,,,,,,,,,,,,,,,,,,,,,,,,,,,6/29/1995,,Moderate,W,49542,21,019,E,Ozone_1-hr.1990.Huntington,2/28/2026
KENTUCKY,KY,Boyd County,8-Hour Ozone (1997),Revoked,"Huntington-Ashland, WV-KY",FALSE,,,,,,,,,,,,,04,05,06,,,,,,,,,,,,,,,,,,,,,9/4/2007,,Former Subpart 1,W,49542,21,019,g,Ozone_8-hr.1997.Huntington,2/28/2026
KENTUCKY,KY,Boyd County,PM-2.5 (1997),,"Huntington-Ashland, WV-KY-OH",FALSE,,,,,,,,,,,,,,05,06,07,08,09,10,11,,,,,,,,,,,,,,,,12/26/2012,,Former Subpart 1,W,49542,21,019,g,PM-2.5.1997.Huntington,2/28/2026
KENTUCKY,KY,Boyd County,Sulfur Dioxide (1971),,"Boyd County (part), KY",FALSE,92,93,94,95,96,97,98,99,00,01,02,03,04,05,,,,,,,,,,,,,,,,,,,,,,7/24/2006,,Primary,P,49543,21,019,A,SO2.1978.Boyd_Co,2/28/2026
KENTUCKY,KY,Bullitt County,1-Hour Ozone (1979),Revoked,"Louisville, KY-IN",FALSE,92,93,94,95,96,97,98,99,00,,,,,,,,,,,,,,,,,,,,,,,,,,,11/23/2001,,Moderate,P,17539,21,029,E,Ozone_1-hr.1990.Louisville,2/28/2026
KENTUCKY,KY,Bullitt County,8-Hour Ozone (1997),Revoked,"Louisville, KY-IN",FALSE,,,,,,,,,,,,,04,05,06,,,,,,,,,,,,,,,,,,,,,8/6/2007,,Former Subpart 1,W,74319,21,029,g,Ozone_8-hr.1997.Louisville,2/28/2026
KENTUCKY,KY,Bullitt County,8-Hour Ozone (2015),,"Louisville, KY-IN",TRUE,,,,,,,,,,,,,,,,,,,,,,,,,,,18,19,20,21,22,23,24,25,26,  -   -,Yes,Moderate,W,74319,21,029,e,Ozone_8-hr.2015.Louisville,2/28/2026
KENTUCKY,KY,Bullitt County,PM-2.5 (1997),,"Louisville, KY-IN",FALSE,,,,,,,,,,,,,,05,06,07,08,09,10,11,12,13,14,15,16,,,,,,,,,,,4/7/2017,,Moderate,W,74319,21,029,e,PM-2.5.1997.Louisville,2/28/2026
KENTUCKY,KY,Campbell County,1-Hour Ozone (1979),Revoked,"Cincinnati-Hamilton, OH-KY",FALSE,92,93,94,95,96,97,98,99,00,01,,,,,,,,,,,,,,,,,,,,,,,,,,8/30/2002,,Moderate,W,90336,21,037,E,Ozone_1-hr.1990.Cincinnati,2/28/2026
KENTUCKY,KY,Campbell County,8-Hour Ozone (1997),Revoked,"Cincinnati-Hamilton, OH-KY-IN",FALSE,,,,,,,,,,,,,04,05,06,07,08,09,,,,,,,,,,,,,,,,,,8/5/2010,,Former Subpart 1,W,90336,21,037,g,Ozone_8-hr.1997.Cincinnati,2/28/2026
KENTUCKY,KY,Campbell County,8-Hour Ozone (2008),,"Cincinnati, OH-KY-IN",FALSE,,,,,,,,,,,,,,,,,,,,,12,13,14,15,16,,,,,,,,,,,7/5/2017,,Marginal,P,83873,21,037,f,Ozone_8-hr.2008.Cincinnati,2/28/2026
KENTUCKY,KY,Campbell County,8-Hour Ozone (2015),,"Cincinnati, OH-KY",FALSE,,,,,,,,,,,,,,,,,,,,,,,,,,,18,19,20,21,22,,,,,11/3/2023,,Moderate,P,82634,21,037,e,Ozone_8-hr.2015.Cincinnati,2/28/2026
KENTUCKY,KY,Campbell County,PM-2.5 (1997),,"Cincinnati-Hamilton, OH-KY-IN",FALSE,,,,,,,,,,,,,,05,06,07,08,09,10,,,,,,,,,,,,,,,,,12/15/2011,,Former Subpart 1,W,90336,21,037,g,PM-2.5.1997.Cincinnati,2/28/2026
KENTUCKY,KY,Campbell County,Sulfur Dioxide (2010),,"Campbell-Clermont Counties, KY-OH",FALSE,,,,,,,,,,,,,,,,,,,,,,13,14,15,16,,,,,,,,,,,3/10/2017,,,P,17571,21,037,A,SO2.2010.Cincinnati,2/28/2026
KENTUCKY,KY,Christian County,8-Hour Ozone (1997),Revoked,"Clarksville-Hopkinsville, TN-KY",FALSE,,,,,,,,,,,,,04,05,,,,,,,,,,,,,,,,,,,,,,2/24/2006,,Former Subpart 1,W,73955,21,047,g,Ozone_8-hr.1997.Clarksville,2/28/2026
KENTUCKY,KY,Daviess County,1-Hour Ozone (1979),Revoked,"Owensboro, KY",FALSE,92,93,94,,,,,,,,,,,,,,,,,,,,,,,,,,,,,,,,,1/3/1995,,Marginal,W,96656,21,059,G,Ozone_1-hr.1990.Owensboro,2/28/2026
KENTUCKY,KY,Edmonson County,1-Hour Ozone (1979),Revoked,"Edmonson County, KY",FALSE,92,93,94,,,,,,,,,,,,,,,,,,,,,,,,,,,,,,,,,1/3/1995,,Rural Transport (Marginal),W,12161,21,061,H,Ozone_1-hr.1990.Edmonson_Co,2/28/2026
KENTUCKY,KY,Fayette County,1-Hour Ozone (1979),Revoked,"Lexington-Fayette, KY",FALSE,92,93,94,,,,,,,,,,,,,,,,,,,,,,,,,,,,,,,,,11/13/1995,,Marginal,W,295803,21,067,G,Ozone_1-hr.1990.Lexington,2/28/2026
KENTUCKY,KY,Greenup County,1-Hour Ozone (1979),Revoked,"Huntington-Ashland, WV-KY",FALSE,92,93,94,,,,,,,,,,,,,,,,,,,,,,,,,,,,,,,,,6/29/1995,,Moderate,P,17134,21,089,E,Ozone_1-hr.1990.Huntington,2/28/2026
KENTUCKY,KY,Hancock County,1-Hour Ozone (1979),Revoked,"Owensboro, KY",FALSE,92,93,94,,,,,,,,,,,,,,,,,,,,,,,,,,,,,,,,,1/3/1995,,Marginal,P,861,21,091,G,Ozone_1-hr.1990.Owensboro,2/28/2026
KENTUCKY,KY,Henderson County,Sulfur Dioxide (2010),,"Henderson-Webster Counties, KY",FALSE,,,,,,,,,,,,,,,,,,,,,,,,,,,,,,21,22,23,24,25,26,  -   -,Yes,,P,3783,21,101,A,SO2.2010.Henderson_Webster_Cos,2/28/2026
KENTUCKY,KY,Jefferson County,1-Hour Ozone (1979),Revoked,"Louisville, KY-IN",FALSE,92,93,94,95,96,97,98,99,00,,,,,,,,,,,,,,,,,,,,,,,,,,,11/23/2001,,Moderate,W,741096,21,111,E,Ozone_1-hr.1990.Louisville,2/28/2026
KENTUCKY,KY,Jefferson County,8-Hour Ozone (1997),Revoked,"Louisville, KY-IN",FALSE,,,,,,,,,,,,,04,05,06,,,,,,,,,,,,,,,,,,,,,8/6/2007,,Former Subpart 1,W,741096,21,111,g,Ozone_8-hr.1997.Louisville,2/28/2026
KENTUCKY,KY,Jefferson County,8-Hour Ozone (2015),,"Louisville, KY-IN",TRUE,,,,,,,,,,,,,,,,,,,,,,,,,,,18,19,20,21,22,23,24,25,26,  -   -,Yes,Moderate,W,741096,21,111,e,Ozone_8-hr.2015.Louisville,2/28/2026
KENTUCKY,KY,Jefferson County,PM-2.5 (1997),,"Louisville, KY-IN",FALSE,,,,,,,,,,,,,,05,06,07,08,09,10,11,12,13,14,15,16,,,,,,,,,,,4/7/2017,,Moderate,W,741096,21,111,e,PM-2.5.1997.Louisville,2/28/2026
KENTUCKY,KY,Jefferson County,Sulfur Dioxide (2010),,"Jefferson County, KY",FALSE,,,,,,,,,,,,,,,,,,,,,,13,14,15,16,17,18,19,,,,,,,,9/8/2020,,,P,3185,21,111,A,SO2.2010.Louisville,2/28/2026
KENTUCKY,KY,Kenton County,1-Hour Ozone (1979),Revoked,"Cincinnati-Hamilton, OH-KY",FALSE,92,93,94,95,96,97,98,99,00,01,,,,,,,,,,,,,,,,,,,,,,,,,,8/30/2002,,Moderate,W,159720,21,117,E,Ozone_1-hr.1990.Cincinnati,2/28/2026
KENTUCKY,KY,Kenton County,8-Hour Ozone (1997),Revoked,"Cincinnati-Hamilton, OH-KY-IN",FALSE,,,,,,,,,,,,,04,05,06,07,08,09,,,,,,,,,,,,,,,,,,8/5/2010,,Former Subpart 1,W,159720,21,117,g,Ozone_8-hr.1997.Cincinnati,2/28/2026
KENTUCKY,KY,Kenton County,8-Hour Ozone (2008),,"Cincinnati, OH-KY-IN",FALSE,,,,,,,,,,,,,,,,,,,,,12,13,14,15,16,,,,,,,,,,,7/5/2017,,Marginal,P,154303,21,117,f,Ozone_8-hr.2008.Cincinnati,2/28/2026
KENTUCKY,KY,Kenton County,8-Hour Ozone (2015),,"Cincinnati, OH-KY",FALSE,,,,,,,,,,,,,,,,,,,,,,,,,,,18,19,20,21,22,,,,,11/3/2023,,Moderate,P,152176,21,117,e,Ozone_8-hr.2015.Cincinnati,2/28/2026
KENTUCKY,KY,Kenton County,PM-2.5 (1997),,"Cincinnati-Hamilton, OH-KY-IN",FALSE,,,,,,,,,,,,,,05,06,07,08,09,10,,,,,,,,,,,,,,,,,12/15/2011,,Former Subpart 1,W,159720,21,117,g,PM-2.5.1997.Cincinnati,2/28/2026
KENTUCKY,KY,Lawrence County,PM-2.5 (1997),,"Huntington-Ashland, WV-KY-OH",FALSE,,,,,,,,,,,,,,05,06,07,08,09,10,11,,,,,,,,,,,,,,,,12/26/2012,,Former Subpart 1,P,2855,21,127,g,PM-2.5.1997.Huntington,2/28/2026
KENTUCKY,KY,Livingston County,1-Hour Ozone (1979),Revoked,"Paducah, KY",FALSE,92,93,94,,,,,,,,,,,,,,,,,,,,,,,,,,,,,,,,,4/10/1995,,Marginal,P,1242,21,139,G,Ozone_1-hr.1990.Paducah,2/28/2026
KENTUCKY,KY,Marshall County,1-Hour Ozone (1979),Revoked,"Paducah, KY",FALSE,92,93,94,,,,,,,,,,,,,,,,,,,,,,,,,,,,,,,,,4/10/1995,,Marginal,W,31448,21,157,G,Ozone_1-hr.1990.Paducah,2/28/2026
KENTUCKY,KY,Muhlenberg County,Sulfur Dioxide (1971),,"Muhlenberg County, KY",FALSE,92,93,94,95,96,97,,,,,,,,,,,,,,,,,,,,,,,,,,,,,,10/19/1998,,Secondary,W,31499,21,177,C,SO2.1978.Muhlenberg_Co,2/28/2026
KENTUCKY,KY,Oldham County,1-Hour Ozone (1979),Revoked,"Louisville, KY-IN",FALSE,92,93,94,95,96,97,98,99,00,,,,,,,,,,,,,,,,,,,,,,,,,,,11/23/2001,,Moderate,P,10447,21,185,E,Ozone_1-hr.1990.Louisville,2/28/2026
KENTUCKY,KY,Oldham County,8-Hour Ozone (1997),Revoked,"Louisville, KY-IN",FALSE,,,,,,,,,,,,,04,05,06,,,,,,,,,,,,,,,,,,,,,8/6/2007,,Former Subpart 1,W,60316,21,185,g,Ozone_8-hr.1997.Louisville,2/28/2026
KENTUCKY,KY,Oldham County,8-Hour Ozone (2015),,"Louisville, KY-IN",TRUE,,,,,,,,,,,,,,,,,,,,,,,,,,,18,19,20,21,22,23,24,25,26,  -   -,Yes,Moderate,W,60316,21,185,e,Ozone_8-hr.2015.Louisville,2/28/2026
KENTUCKY,KY,Scott County,1-Hour Ozone (1979),Revoked,"Lexington-Fayette, KY",FALSE,92,93,94,,,,,,,,,,,,,,,,,,,,,,,,,,,,,,,,,11/13/1995,,Marginal,W,47173,21,209,G,Ozone_1-hr.1990.Lexington,2/28/2026
KENTUCKY,KY,Webster County,Sulfur Dioxide (2010),,"Henderson-Webster Counties, KY",FALSE,,,,,,,,,,,,,,,,,,,,,,,,,,,,,,21,22,23,24,25,26,  -   -,Yes,,P,3149,21,233,A,SO2.2010.Henderson_Webster_Cos,2/28/2026
LOUISIANA,LA,Ascension Parish,1-Hour Ozone (1979),Revoked,"Baton Rouge, LA",FALSE,92,93,94,95,96,97,98,99,00,01,02,03,04,,,,,,,,,,,,,,,,,,,,,,,  -   -,Yes,Severe-15,W,107215,22,005,C,Ozone_1-hr.1990.Baton_Rouge,2/28/2026
LOUISIANA,LA,Ascension Parish,8-Hour Ozone (1997),Revoked,"Baton Rouge, LA",FALSE,,,,,,,,,,,,,04,05,06,07,08,09,10,,,,,,,,,,,,,,,,,12/30/2011,,Moderate,W,107215,22,005,e,Ozone_8-hr.1997.Baton_Rouge,2/28/2026
LOUISIANA,LA,Ascension Parish,8-Hour Ozone (2008),,"Baton Rouge, LA",FALSE,,,,,,,,,,,,,,,,,,,,,12,13,14,15,16,,,,,,,,,,,3/21/2017,,Marginal,W,107215,22,005,f,Ozone_8-hr.2008.Baton_Rouge,2/28/2026
LOUISIANA,LA,Beauregard Parish,1-Hour Ozone (1979),Revoked,"Beauregard Parish, LA",FALSE,92,93,94,,,,,,,,,,,,,,,,,,,,,,,,,,,,,,,,,10/17/1995,,Incomplete Data,W,35654,22,011,K,Ozone_1-hr.1990.Beauregard_Par,2/28/2026
LOUISIANA,LA,Calcasieu Parish,1-Hour Ozone (1979),Revoked,"Lake Charles, LA",FALSE,92,93,94,95,96,,,,,,,,,,,,,,,,,,,,,,,,,,,,,,,6/2/1997,,Marginal,W,192768,22,019,G,Ozone_1-hr.1990.Lake_Charles,2/28/2026
LOUISIANA,LA,East Baton Rouge Parish,1-Hour Ozone (1979),Revoked,"Baton Rouge, LA",FALSE,92,93,94,95,96,97,98,99,00,01,02,03,04,,,,,,,,,,,,,,,,,,,,,,,  -   -,Yes,Severe-15,W,440171,22,033,C,Ozone_1-hr.1990.Baton_Rouge,2/28/2026
LOUISIANA,LA,East Baton Rouge Parish,8-Hour Ozone (1997),Revoked,"Baton Rouge, LA",FALSE,,,,,,,,,,,,,04,05,06,07,08,09,10,,,,,,,,,,,,,,,,,12/30/2011,,Moderate,W,440171,22,033,e,Ozone_8-hr.1997.Baton_Rouge,2/28/2026
LOUISIANA,LA,East Baton Rouge Parish,8-Hour Ozone (2008),,"Baton Rouge, LA",FALSE,,,,,,,,,,,,,,,,,,,,,12,13,14,15,16,,,,,,,,,,,3/21/2017,,Marginal,W,440171,22,033,f,Ozone_8-hr.2008.Baton_Rouge,2/28/2026
LOUISIANA,LA,Evangeline Parish,Sulfur Dioxide (2010),,"Evangeline Parish (Partial), LA",FALSE,,,,,,,,,,,,,,,,,,,,,,,,,,,18,19,20,21,22,23,24,25,26,  -   -,Yes,,P,124,22,039,A,SO2.2010.Evangeline_Par,2/28/2026
LOUISIANA,LA,Grant Parish,1-Hour Ozone (1979),Revoked,"Grant Parish, LA",FALSE,92,93,94,,,,,,,,,,,,,,,,,,,,,,,,,,,,,,,,,10/17/1995,,Incomplete Data,W,22309,22,043,K,Ozone_1-hr.1990.Grant_Par,2/28/2026
LOUISIANA,LA,Iberville Parish,1-Hour Ozone (1979),Revoked,"Baton Rouge, LA",FALSE,92,93,94,95,96,97,98,99,00,01,02,03,04,,,,,,,,,,,,,,,,,,,,,,,  -   -,Yes,Severe-15,W,33387,22,047,C,Ozone_1-hr.1990.Baton_Rouge,2/28/2026
LOUISIANA,LA,Iberville Parish,8-Hour Ozone (1997),Revoked,"Baton Rouge, LA",FALSE,,,,,,,,,,,,,04,05,06,07,08,09,10,,,,,,,,,,,,,,,,,12/30/2011,,Moderate,W,33387,22,047,e,Ozone_8-hr.1997.Baton_Rouge,2/28/2026
LOUISIANA,LA,Iberville Parish,8-Hour Ozone (2008),,"Baton Rouge, LA",FALSE,,,,,,,,,,,,,,,,,,,,,12,13,14,15,16,,,,,,,,,,,3/21/2017,,Marginal,W,33387,22,047,f,Ozone_8-hr.2008.Baton_Rouge,2/28/2026
LOUISIANA,LA,Jefferson Parish,1-Hour Ozone (1979),Revoked,"New Orleans, LA",FALSE,92,93,94,,,,,,,,,,,,,,,,,,,,,,,,,,,,,,,,,12/1/1995,,Section 185A,W,432552,22,051,J,Ozone_1-hr.1990.New_Orleans,2/28/2026
LOUISIANA,LA,Lafayette Parish,1-Hour Ozone (1979),Revoked,"Lafayette, LA",FALSE,92,93,94,,,,,,,,,,,,,,,,,,,,,,,,,,,,,,,,,10/17/1995,,Section 185A,W,221578,22,055,J,Ozone_1-hr.1990.Lafayette,2/28/2026
LOUISIANA,LA,Lafourche Parish,1-Hour Ozone (1979),Revoked,"Lafourche Parish, LA",FALSE,92,93,94,95,96,97,98,99,00,01,,,,,,,,,,,,,,,,,,,,,,,,,,2/25/2002,,Incomplete Data,W,96318,22,057,K,Ozone_1-hr.1990.Lafourche_Par,2/28/2026
LOUISIANA,LA,Livingston Parish,1-Hour Ozone (1979),Revoked,"Baton Rouge, LA",FALSE,92,93,94,95,96,97,98,99,00,01,02,03,04,,,,,,,,,,,,,,,,,,,,,,,  -   -,Yes,Severe-15,W,128026,22,063,C,Ozone_1-hr.1990.Baton_Rouge,2/28/2026
LOUISIANA,LA,Livingston Parish,8-Hour Ozone (1997),Revoked,"Baton Rouge, LA",FALSE,,,,,,,,,,,,,04,05,06,07,08,09,10,,,,,,,,,,,,,,,,,12/30/2011,,Moderate,W,128026,22,063,e,Ozone_8-hr.1997.Baton_Rouge,2/28/2026
LOUISIANA,LA,Livingston Parish,8-Hour Ozone (2008),,"Baton Rouge, LA",FALSE,,,,,,,,,,,,,,,,,,,,,12,13,14,15,16,,,,,,,,,,,3/21/2017,,Marginal,W,128026,22,063,f,Ozone_8-hr.2008.Baton_Rouge,2/28/2026
LOUISIANA,LA,Orleans Parish,1-Hour Ozone (1979),Revoked,"New Orleans, LA",FALSE,92,93,94,,,,,,,,,,,,,,,,,,,,,,,,,,,,,,,,,12/1/1995,,Section 185A,W,343829,22,071,J,Ozone_1-hr.1990.New_Orleans,2/28/2026
LOUISIANA,LA,Pointe Coupee Parish,1-Hour Ozone (1979),Revoked,"Pointe Coupee Parish, LA",FALSE,92,93,94,95,,,,,,,,,,,,,,,,,,,,,,,,,,,,,,,,12/20/1996,,Marginal,W,22802,22,077,G,Ozone_1-hr.1990.Pointe_Coupee,2/28/2026
LOUISIANA,LA,St. Bernard Parish,1-Hour Ozone (1979),Revoked,"New Orleans, LA",FALSE,92,93,94,,,,,,,,,,,,,,,,,,,,,,,,,,,,,,,,,12/1/1995,,Section 185A,W,35897,22,087,J,Ozone_1-hr.1990.New_Orleans,2/28/2026
LOUISIANA,LA,St. Bernard Parish,Sulfur Dioxide (2010),,"St. Bernard Parish, LA",FALSE,,,,,,,,,,,,,,,,,,,,,,13,14,15,16,17,18,19,20,21,22,23,24,25,26,  -   -,Yes,,W,35897,22,087,A,SO2.2010.St_Bernard_Par,2/28/2026
LOUISIANA,LA,St. Charles Parish,1-Hour Ozone (1979),Revoked,"New Orleans, LA",FALSE,92,93,94,,,,,,,,,,,,,,,,,,,,,,,,,,,,,,,,,12/1/1995,,Section 185A,W,52780,22,089,J,Ozone_1-hr.1990.New_Orleans,2/28/2026
LOUISIANA,LA,St. James Parish,1-Hour Ozone (1979),Revoked,"St. James Parish, LA",FALSE,92,93,94,,,,,,,,,,,,,,,,,,,,,,,,,,,,,,,,,11/13/1995,,Incomplete Data,W,22102,22,093,K,Ozone_1-hr.1990.St_James_Par,2/28/2026
LOUISIANA,LA,St. Mary Parish,1-Hour Ozone (1979),Revoked,"St. Mary Parish, LA",FALSE,92,93,94,,,,,,,,,,,,,,,,,,,,,,,,,,,,,,,,,10/17/1995,,Incomplete Data,W,54650,22,101,K,Ozone_1-hr.1990.St_Mary_Par,2/28/2026
LOUISIANA,LA,West Baton Rouge Parish,1-Hour Ozone (1979),Revoked,"Baton Rouge, LA",FALSE,92,93,94,95,96,97,98,99,00,01,02,03,04,,,,,,,,,,,,,,,,,,,,,,,  -   -,Yes,Severe-15,W,23788,22,121,C,Ozone_1-hr.1990.Baton_Rouge,2/28/2026
LOUISIANA,LA,West Baton Rouge Parish,8-Hour Ozone (1997),Revoked,"Baton Rouge, LA",FALSE,,,,,,,,,,,,,04,05,06,07,08,09,10,,,,,,,,,,,,,,,,,12/30/2011,,Moderate,W,23788,22,121,e,Ozone_8-hr.1997.Baton_Rouge,2/28/2026
LOUISIANA,LA,West Baton Rouge Parish,8-Hour Ozone (2008),,"Baton Rouge, LA",FALSE,,,,,,,,,,,,,,,,,,,,,12,13,14,15,16,,,,,,,,,,,3/21/2017,,Marginal,W,23788,22,121,f,Ozone_8-hr.2008.Baton_Rouge,2/28/2026
MAINE,ME,Androscoggin County,1-Hour Ozone (1979),Revoked,"Lewiston-Auburn, ME",FALSE,92,93,94,95,96,97,98,99,00,01,02,03,04,,,,,,,,,,,,,,,,,,,,,,,  -   -,Yes,Moderate,W,107702,23,001,E,Ozone_1-hr.1990.Lewiston,2/28/2026
MAINE,ME,Androscoggin County,8-Hour Ozone (1997),Revoked,"Portland, ME",FALSE,,,,,,,,,,,,,04,05,06,,,,,,,,,,,,,,,,,,,,,1/10/2007,,Marginal,P,5132,23,001,f,Ozone_8-hr.1997.Portland_ME,2/28/2026
MAINE,ME,Aroostook County,PM-10 (1987),,"Aroostock County; City of Presque Isle, ME",FALSE,92,93,94,,,,,,,,,,,,,,,,,,,,,,,,,,,,,,,,,10/30/1995,,Moderate,P,972,23,003,B,PM-10.1990.Presque_Isle,2/28/2026
MAINE,ME,Cumberland County,1-Hour Ozone (1979),Revoked,"Portland, ME",FALSE,92,93,94,95,96,97,98,99,00,01,02,03,04,,,,,,,,,,,,,,,,,,,,,,,  -   -,Yes,Moderate,W,281674,23,005,E,Ozone_1-hr.1990.Portland_ME,2/28/2026
MAINE,ME,Cumberland County,8-Hour Ozone (1997),Revoked,"Portland, ME",FALSE,,,,,,,,,,,,,04,05,06,,,,,,,,,,,,,,,,,,,,,1/10/2007,,Marginal,P,267207,23,005,f,Ozone_8-hr.1997.Portland_ME,2/28/2026
MAINE,ME,Hancock County,1-Hour Ozone (1979),Revoked,"Hancock County and Waldo County, ME",FALSE,92,93,94,95,96,,,,,,,,,,,,,,,,,,,,,,,,,,,,,,,4/27/1997,,Marginal,W,54418,23,009,G,Ozone_1-hr.1990.Hancock_and_Waldo_Cos,2/28/2026
MAINE,ME,Hancock County,8-Hour Ozone (1997),Revoked,"Hancock, Knox, Lincoln and Waldo Counties (Central Maine Coast), ME",FALSE,,,,,,,,,,,,,04,05,06,,,,,,,,,,,,,,,,,,,,,1/10/2007,,Former Subpart 1,P,32894,23,009,g,Ozone_8-hr.1997.Central_Maine_Coast,2/28/2026
MAINE,ME,Kennebec County,1-Hour Ozone (1979),Revoked,"Lewiston-Auburn, ME",FALSE,92,93,94,95,96,97,98,99,00,01,02,03,04,,,,,,,,,,,,,,,,,,,,,,,  -   -,Yes,Moderate,W,122151,23,011,E,Ozone_1-hr.1990.Lewiston,2/28/2026
MAINE,ME,Knox County,1-Hour Ozone (1979),Revoked,"Knox County and Lincoln County, ME",FALSE,92,93,94,95,96,97,98,99,00,01,02,03,04,,,,,,,,,,,,,,,,,,,,,,,  -   -,Yes,Moderate,W,39736,23,013,E,Ozone_1-hr.1990.Knox_and_Lincoln_Cos,2/28/2026
MAINE,ME,Knox County,8-Hour Ozone (1997),Revoked,"Hancock, Knox, Lincoln and Waldo Counties (Central Maine Coast), ME",FALSE,,,,,,,,,,,,,04,05,06,,,,,,,,,,,,,,,,,,,,,1/10/2007,,Former Subpart 1,P,33817,23,013,g,Ozone_8-hr.1997.Central_Maine_Coast,2/28/2026
MAINE,ME,Lincoln County,1-Hour Ozone (1979),Revoked,"Knox County and Lincoln County, ME",FALSE,92,93,94,95,96,97,98,99,00,01,02,03,04,,,,,,,,,,,,,,,,,,,,,,,  -   -,Yes,Moderate,W,34457,23,015,E,Ozone_1-hr.1990.Knox_and_Lincoln_Cos,2/28/2026
MAINE,ME,Lincoln County,8-Hour Ozone (1997),Revoked,"Hancock, Knox, Lincoln and Waldo Counties (Central Maine Coast), ME",FALSE,,,,,,,,,,,,,04,05,06,,,,,,,,,,,,,,,,,,,,,1/10/2007,,Former Subpart 1,P,29803,23,015,g,Ozone_8-hr.1997.Central_Maine_Coast,2/28/2026
MAINE,ME,Penobscot County,Sulfur Dioxide (1971),,"Millinocket AQCR 109, ME",FALSE,92,93,94,95,96,,,,,,,,,,,,,,,,,,,,,,,,,,,,,,,7/1/1997,,Primary,P,5526,23,019,A,SO2.1978.Millinocket,2/28/2026
MAINE,ME,Sagadahoc County,1-Hour Ozone (1979),Revoked,"Portland, ME",FALSE,92,93,94,95,96,97,98,99,00,01,02,03,04,,,,,,,,,,,,,,,,,,,,,,,  -   -,Yes,Moderate,W,35293,23,023,E,Ozone_1-hr.1990.Portland_ME,2/28/2026
MAINE,ME,Sagadahoc County,8-Hour Ozone (1997),Revoked,"Portland, ME",FALSE,,,,,,,,,,,,,04,05,06,,,,,,,,,,,,,,,,,,,,,1/10/2007,,Marginal,W,35293,23,023,f,Ozone_8-hr.1997.Portland_ME,2/28/2026
MAINE,ME,Waldo County,1-Hour Ozone (1979),Revoked,"Hancock County and Waldo County, ME",FALSE,92,93,94,95,96,,,,,,,,,,,,,,,,,,,,,,,,,,,,,,,4/27/1997,,Marginal,W,38786,23,027,G,Ozone_1-hr.1990.Hancock_and_Waldo_Cos,2/28/2026
MAINE,ME,Waldo County,8-Hour Ozone (1997),Revoked,"Hancock, Knox, Lincoln and Waldo Counties (Central Maine Coast), ME",FALSE,,,,,,,,,,,,,04,05,06,,,,,,,,,,,,,,,,,,,,,1/10/2007,,Former Subpart 1,P,751,23,027,g,Ozone_8-hr.1997.Central_Maine_Coast,2/28/2026
MAINE,ME,York County,1-Hour Ozone (1979),Revoked,"Portland, ME",FALSE,92,93,94,95,96,97,98,99,00,01,02,03,04,,,,,,,,,,,,,,,,,,,,,,,  -   -,Yes,Moderate,W,197131,23,031,E,Ozone_1-hr.1990.Portland_ME,2/28/2026
MAINE,ME,York County,8-Hour Ozone (1997),Revoked,"Portland, ME",FALSE,,,,,,,,,,,,,04,05,06,,,,,,,,,,,,,,,,,,,,,1/10/2007,,Marginal,P,174009,23,031,f,Ozone_8-hr.1997.Portland_ME,2/28/2026
MARYLAND,MD,Anne Arundel County,1-Hour Ozone (1979),Revoked,"Baltimore, MD",FALSE,92,93,94,95,96,97,98,99,00,01,02,03,04,,,,,,,,,,,,,,,,,,,,,,,  -   -,Yes,Severe-15,W,537656,24,003,C,Ozone_1-hr.1990.Baltimore,2/28/2026
MARYLAND,MD,Anne Arundel County,8-Hour Ozone (1997),Revoked,"Baltimore, MD",FALSE,,,,,,,,,,,,,04,05,06,07,08,09,10,11,12,13,14,,,,,,,,,,,,,  -   -,Yes,Serious,W,537656,24,003,d,Ozone_8-hr.1997.Baltimore,2/28/2026
MARYLAND,MD,Anne Arundel County,8-Hour Ozone (2008),,"Baltimore, MD",FALSE,,,,,,,,,,,,,,,,,,,,,12,13,14,15,16,17,18,19,20,21,22,23,24,25,26,  -   -,Yes,Moderate,W,537656,24,003,e,Ozone_8-hr.2008.Baltimore,2/28/2026
MARYLAND,MD,Anne Arundel County,8-Hour Ozone (2015),,"Baltimore, MD",FALSE,,,,,,,,,,,,,,,,,,,,,,,,,,,18,19,20,21,22,23,24,25,26,  -   -,Yes,Serious,W,537656,24,003,d,Ozone_8-hr.2015.Baltimore,2/28/2026
MARYLAND,MD,Anne Arundel County,PM-2.5 (1997),,"Baltimore, MD",FALSE,,,,,,,,,,,,,,05,06,07,08,09,10,11,12,13,,,,,,,,,,,,,,12/16/2014,,Moderate,W,537656,24,003,e,PM-2.5.1997.Baltimore,2/28/2026
MARYLAND,MD,Anne Arundel County,Sulfur Dioxide (2010),,"Anne Arundel County and Baltimore County, MD",FALSE,,,,,,,,,,,,,,,,,,,,,,,,,16,17,18,19,20,21,22,23,24,25,26,  -   -,Yes,,P,479620,24,003,A,SO2.2010.Baltimore,2/28/2026
MARYLAND,MD,Baltimore County,1-Hour Ozone (1979),Revoked,"Baltimore, MD",FALSE,92,93,94,95,96,97,98,99,00,01,02,03,04,,,,,,,,,,,,,,,,,,,,,,,  -   -,Yes,Severe-15,W,805029,24,005,C,Ozone_1-hr.1990.Baltimore,2/28/2026
MARYLAND,MD,Baltimore County,8-Hour Ozone (1997),Revoked,"Baltimore, MD",FALSE,,,,,,,,,,,,,04,05,06,07,08,09,10,11,12,13,14,,,,,,,,,,,,,  -   -,Yes,Serious,W,805029,24,005,d,Ozone_8-hr.1997.Baltimore,2/28/2026
MARYLAND,MD,Baltimore County,8-Hour Ozone (2008),,"Baltimore, MD",FALSE,,,,,,,,,,,,,,,,,,,,,12,13,14,15,16,17,18,19,20,21,22,23,24,25,26,  -   -,Yes,Moderate,W,805029,24,005,e,Ozone_8-hr.2008.Baltimore,2/28/2026
MARYLAND,MD,Baltimore County,8-Hour Ozone (2015),,"Baltimore, MD",FALSE,,,,,,,,,,,,,,,,,,,,,,,,,,,18,19,20,21,22,23,24,25,26,  -   -,Yes,Serious,W,805029,24,005,d,Ozone_8-hr.2015.Baltimore,2/28/2026
MARYLAND,MD,Baltimore County,PM-2.5 (1997),,"Baltimore, MD",FALSE,,,,,,,,,,,,,,05,06,07,08,09,10,11,12,13,,,,,,,,,,,,,,12/16/2014,,Moderate,W,805029,24,005,e,PM-2.5.1997.Baltimore,2/28/2026
MARYLAND,MD,Baltimore County,Sulfur Dioxide (2010),,"Anne Arundel County and Baltimore County, MD",FALSE,,,,,,,,,,,,,,,,,,,,,,,,,16,17,18,19,20,21,22,23,24,25,26,  -   -,Yes,,P,510713,24,005,A,SO2.2010.Baltimore,2/28/2026
MARYLAND,MD,Baltimore city,1-Hour Ozone (1979),Revoked,"Baltimore, MD",FALSE,92,93,94,95,96,97,98,99,00,01,02,03,04,,,,,,,,,,,,,,,,,,,,,,,  -   -,Yes,Severe-15,W,620961,24,510,C,Ozone_1-hr.1990.Baltimore,2/28/2026
MARYLAND,MD,Baltimore city,8-Hour Ozone (1997),Revoked,"Baltimore, MD",FALSE,,,,,,,,,,,,,04,05,06,07,08,09,10,11,12,13,14,,,,,,,,,,,,,  -   -,Yes,Serious,W,620961,24,510,d,Ozone_8-hr.1997.Baltimore,2/28/2026
MARYLAND,MD,Baltimore city,8-Hour Ozone (2008),,"Baltimore, MD",FALSE,,,,,,,,,,,,,,,,,,,,,12,13,14,15,16,17,18,19,20,21,22,23,24,25,26,  -   -,Yes,Moderate,W,620961,24,510,e,Ozone_8-hr.2008.Baltimore,2/28/2026
MARYLAND,MD,Baltimore city,8-Hour Ozone (2015),,"Baltimore, MD",FALSE,,,,,,,,,,,,,,,,,,,,,,,,,,,18,19,20,21,22,23,24,25,26,  -   -,Yes,Serious,W,620961,24,510,d,Ozone_8-hr.2015.Baltimore,2/28/2026
MARYLAND,MD,Baltimore city,Carbon Monoxide (1971),,"Baltimore, MD",FALSE,92,93,94,,,,,,,,,,,,,,,,,,,,,,,,,,,,,,,,,12/15/1995,,Moderate <= 12.7ppm,P,15455,24,510,C,CO.1990.Baltimore,2/28/2026
MARYLAND,MD,Baltimore city,PM-2.5 (1997),,"Baltimore, MD",FALSE,,,,,,,,,,,,,,05,06,07,08,09,10,11,12,13,,,,,,,,,,,,,,12/16/2014,,Moderate,W,620961,24,510,e,PM-2.5.1997.Baltimore,2/28/2026
MARYLAND,MD,Calvert County,1-Hour Ozone (1979),Revoked,"Washington, DC-MD-VA",FALSE,92,93,94,95,96,97,98,99,00,01,02,03,04,,,,,,,,,,,,,,,,,,,,,,,  -   -,Yes,Severe-15,W,88737,24,009,C,Ozone_1-hr.1990.Washington,2/28/2026
MARYLAND,MD,Calvert County,8-Hour Ozone (1997),Revoked,"Washington, DC-MD-VA",FALSE,,,,,,,,,,,,,04,05,06,07,08,09,10,11,12,13,14,,,,,,,,,,,,,  -   -,Yes,Moderate,W,88737,24,009,e,Ozone_8-hr.1997.Washington,2/28/2026
MARYLAND,MD,Calvert County,8-Hour Ozone (2008),,"Washington, DC-MD-VA",FALSE,,,,,,,,,,,,,,,,,,,,,12,13,14,15,16,17,18,,,,,,,,,5/15/2019,,Marginal,W,88737,24,009,f,Ozone_8-hr.2008.Washington,2/28/2026
MARYLAND,MD,Calvert County,8-Hour Ozone (2015),,"Washington, DC-MD-VA",FALSE,,,,,,,,,,,,,,,,,,,,,,,,,,,18,19,20,21,22,23,24,25,26,  -   -,Yes,Moderate,W,88737,24,009,e,Ozone_8-hr.2015.Washington,2/28/2026
MARYLAND,MD,Carroll County,1-Hour Ozone (1979),Revoked,"Baltimore, MD",FALSE,92,93,94,95,96,97,98,99,00,01,02,03,04,,,,,,,,,,,,,,,,,,,,,,,  -   -,Yes,Severe-15,W,167134,24,013,C,Ozone_1-hr.1990.Baltimore,2/28/2026
MARYLAND,MD,Carroll County,8-Hour Ozone (1997),Revoked,"Baltimore, MD",FALSE,,,,,,,,,,,,,04,05,06,07,08,09,10,11,12,13,14,,,,,,,,,,,,,  -   -,Yes,Serious,W,167134,24,013,d,Ozone_8-hr.1997.Baltimore,2/28/2026
MARYLAND,MD,Carroll County,8-Hour Ozone (2008),,"Baltimore, MD",FALSE,,,,,,,,,,,,,,,,,,,,,12,13,14,15,16,17,18,19,20,21,22,23,24,25,26,  -   -,Yes,Moderate,W,167134,24,013,e,Ozone_8-hr.2008.Baltimore,2/28/2026
MARYLAND,MD,Carroll County,8-Hour Ozone (2015),,"Baltimore, MD",FALSE,,,,,,,,,,,,,,,,,,,,,,,,,,,18,19,20,21,22,23,24,25,26,  -   -,Yes,Serious,W,167134,24,013,d,Ozone_8-hr.2015.Baltimore,2/28/2026
MARYLAND,MD,Carroll County,PM-2.5 (1997),,"Baltimore, MD",FALSE,,,,,,,,,,,,,,05,06,07,08,09,10,11,12,13,,,,,,,,,,,,,,12/16/2014,,Moderate,W,167134,24,013,e,PM-2.5.1997.Baltimore,2/28/2026
MARYLAND,MD,Cecil County,1-Hour Ozone (1979),Revoked,"Philadelphia-Wilmington-Trenton, PA-NJ-DE-MD",FALSE,92,93,94,95,96,97,98,99,00,01,02,03,04,,,,,,,,,,,,,,,,,,,,,,,  -   -,Yes,Severe-15,W,101108,24,015,C,Ozone_1-hr.1990.Philadelphia,2/28/2026
MARYLAND,MD,Cecil County,8-Hour Ozone (1997),Revoked,"Philadelphia-Wilmington-Atlantic City, PA-NJ-MD-DE",FALSE,,,,,,,,,,,,,04,05,06,07,08,09,10,11,12,13,14,,,,,,,,,,,,,  -   -,Yes,Moderate,W,101108,24,015,e,Ozone_8-hr.1997.Philadelphia,2/28/2026
MARYLAND,MD,Cecil County,8-Hour Ozone (2008),,"Philadelphia-Wilmington-Atlantic City, PA-NJ-MD-DE",FALSE,,,,,,,,,,,,,,,,,,,,,12,13,14,15,16,17,18,19,20,21,22,23,24,25,26,  -   -,Yes,Marginal,W,101108,24,015,f,Ozone_8-hr.2008.Philadelphia,2/28/2026
MARYLAND,MD,Cecil County,8-Hour Ozone (2015),,"Philadelphia-Wilmington-Atlantic City, PA-NJ-MD-DE",FALSE,,,,,,,,,,,,,,,,,,,,,,,,,,,18,19,20,21,22,23,24,25,26,  -   -,Yes,Serious,W,101108,24,015,d,Ozone_8-hr.2015.Philadelphia,2/28/2026
MARYLAND,MD,Charles County,1-Hour Ozone (1979),Revoked,"Washington, DC-MD-VA",FALSE,92,93,94,95,96,97,98,99,00,01,02,03,04,,,,,,,,,,,,,,,,,,,,,,,  -   -,Yes,Severe-15,W,146551,24,017,C,Ozone_1-hr.1990.Washington,2/28/2026
MARYLAND,MD,Charles County,8-Hour Ozone (1997),Revoked,"Washington, DC-MD-VA",FALSE,,,,,,,,,,,,,04,05,06,07,08,09,10,11,12,13,14,,,,,,,,,,,,,  -   -,Yes,Moderate,W,146551,24,017,e,Ozone_8-hr.1997.Washington,2/28/2026
MARYLAND,MD,Charles County,8-Hour Ozone (2008),,"Washington, DC-MD-VA",FALSE,,,,,,,,,,,,,,,,,,,,,12,13,14,15,16,17,18,,,,,,,,,5/15/2019,,Marginal,W,146551,24,017,f,Ozone_8-hr.2008.Washington,2/28/2026
MARYLAND,MD,Charles County,8-Hour Ozone (2015),,"Washington, DC-MD-VA",FALSE,,,,,,,,,,,,,,,,,,,,,,,,,,,18,19,20,21,22,23,24,25,26,  -   -,Yes,Moderate,W,146551,24,017,e,Ozone_8-hr.2015.Washington,2/28/2026
MARYLAND,MD,Charles County,PM-2.5 (1997),,"Washington, DC-MD-VA",FALSE,,,,,,,,,,,,,,05,06,07,08,09,10,11,12,13,,,,,,,,,,,,,,11/5/2014,,Moderate,W,146551,24,017,e,PM-2.5.1997.Washington,2/28/2026
MARYLAND,MD,Frederick County,1-Hour Ozone (1979),Revoked,"Washington, DC-MD-VA",FALSE,92,93,94,95,96,97,98,99,00,01,02,03,04,,,,,,,,,,,,,,,,,,,,,,,  -   -,Yes,Severe-15,W,233385,24,021,C,Ozone_1-hr.1990.Washington,2/28/2026
MARYLAND,MD,Frederick County,8-Hour Ozone (1997),Revoked,"Washington, DC-MD-VA",FALSE,,,,,,,,,,,,,04,05,06,07,08,09,10,11,12,13,14,,,,,,,,,,,,,  -   -,Yes,Moderate,W,233385,24,021,e,Ozone_8-hr.1997.Washington,2/28/2026
MARYLAND,MD,Frederick County,8-Hour Ozone (2008),,"Washington, DC-MD-VA",FALSE,,,,,,,,,,,,,,,,,,,,,12,13,14,15,16,17,18,,,,,,,,,5/15/2019,,Marginal,W,233385,24,021,f,Ozone_8-hr.2008.Washington,2/28/2026
MARYLAND,MD,Frederick County,8-Hour Ozone (2015),,"Washington, DC-MD-VA",FALSE,,,,,,,,,,,,,,,,,,,,,,,,,,,18,19,20,21,22,23,24,25,26,  -   -,Yes,Moderate,W,233385,24,021,e,Ozone_8-hr.2015.Washington,2/28/2026
MARYLAND,MD,Frederick County,PM-2.5 (1997),,"Washington, DC-MD-VA",FALSE,,,,,,,,,,,,,,05,06,07,08,09,10,11,12,13,,,,,,,,,,,,,,11/5/2014,,Moderate,W,233385,24,021,e,PM-2.5.1997.Washington,2/28/2026
MARYLAND,MD,Harford County,1-Hour Ozone (1979),Revoked,"Baltimore, MD",FALSE,92,93,94,95,96,97,98,99,00,01,02,03,04,,,,,,,,,,,,,,,,,,,,,,,  -   -,Yes,Severe-15,W,244826,24,025,C,Ozone_1-hr.1990.Baltimore,2/28/2026
MARYLAND,MD,Harford County,8-Hour Ozone (1997),Revoked,"Baltimore, MD",FALSE,,,,,,,,,,,,,04,05,06,07,08,09,10,11,12,13,14,,,,,,,,,,,,,  -   -,Yes,Serious,W,244826,24,025,d,Ozone_8-hr.1997.Baltimore,2/28/2026
MARYLAND,MD,Harford County,8-Hour Ozone (2008),,"Baltimore, MD",FALSE,,,,,,,,,,,,,,,,,,,,,12,13,14,15,16,17,18,19,20,21,22,23,24,25,26,  -   -,Yes,Moderate,W,244826,24,025,e,Ozone_8-hr.2008.Baltimore,2/28/2026
MARYLAND,MD,Harford County,8-Hour Ozone (2015),,"Baltimore, MD",FALSE,,,,,,,,,,,,,,,,,,,,,,,,,,,18,19,20,21,22,23,24,25,26,  -   -,Yes,Serious,W,244826,24,025,d,Ozone_8-hr.2015.Baltimore,2/28/2026
MARYLAND,MD,Harford County,PM-2.5 (1997),,"Baltimore, MD",FALSE,,,,,,,,,,,,,,05,06,07,08,09,10,11,12,13,,,,,,,,,,,,,,12/16/2014,,Moderate,W,244826,24,025,e,PM-2.5.1997.Baltimore,2/28/2026
MARYLAND,MD,Howard County,1-Hour Ozone (1979),Revoked,"Baltimore, MD",FALSE,92,93,94,95,96,97,98,99,00,01,02,03,04,,,,,,,,,,,,,,,,,,,,,,,  -   -,Yes,Severe-15,W,287085,24,027,C,Ozone_1-hr.1990.Baltimore,2/28/2026
MARYLAND,MD,Howard County,8-Hour Ozone (1997),Revoked,"Baltimore, MD",FALSE,,,,,,,,,,,,,04,05,06,07,08,09,10,11,12,13,14,,,,,,,,,,,,,  -   -,Yes,Serious,W,287085,24,027,d,Ozone_8-hr.1997.Baltimore,2/28/2026
MARYLAND,MD,Howard County,8-Hour Ozone (2008),,"Baltimore, MD",FALSE,,,,,,,,,,,,,,,,,,,,,12,13,14,15,16,17,18,19,20,21,22,23,24,25,26,  -   -,Yes,Moderate,W,287085,24,027,e,Ozone_8-hr.2008.Baltimore,2/28/2026
MARYLAND,MD,Howard County,8-Hour Ozone (2015),,"Baltimore, MD",FALSE,,,,,,,,,,,,,,,,,,,,,,,,,,,18,19,20,21,22,23,24,25,26,  -   -,Yes,Serious,W,287085,24,027,d,Ozone_8-hr.2015.Baltimore,2/28/2026
MARYLAND,MD,Howard County,PM-2.5 (1997),,"Baltimore, MD",FALSE,,,,,,,,,,,,,,05,06,07,08,09,10,11,12,13,,,,,,,,,,,,,,12/16/2014,,Moderate,W,287085,24,027,e,PM-2.5.1997.Baltimore,2/28/2026
MARYLAND,MD,Kent County,1-Hour Ozone (1979),Revoked,"Kent County and Queen Anne's County, MD",FALSE,92,93,94,95,96,97,98,99,00,01,02,03,,,,,,,,,,,,,,,,,,,,,,,,11/22/2004,,Marginal,W,20197,24,029,G,Ozone_1-hr.1990.Kent_and_Queen_Annes_Cos,2/28/2026
MARYLAND,MD,Kent County,8-Hour Ozone (1997),Revoked,"Kent and Queen Anne's Counties, MD",FALSE,,,,,,,,,,,,,04,05,06,,,,,,,,,,,,,,,,,,,,,1/22/2007,,Marginal,W,20197,24,029,f,Ozone_8-hr.1997.Kent_and_Queen_Annes_Cos,2/28/2026
MARYLAND,MD,Montgomery County,1-Hour Ozone (1979),Revoked,"Washington, DC-MD-VA",FALSE,92,93,94,95,96,97,98,99,00,01,02,03,04,,,,,,,,,,,,,,,,,,,,,,,  -   -,Yes,Severe-15,W,971777,24,031,C,Ozone_1-hr.1990.Washington,2/28/2026
MARYLAND,MD,Montgomery County,8-Hour Ozone (1997),Revoked,"Washington, DC-MD-VA",FALSE,,,,,,,,,,,,,04,05,06,07,08,09,10,11,12,13,14,,,,,,,,,,,,,  -   -,Yes,Moderate,W,971777,24,031,e,Ozone_8-hr.1997.Washington,2/28/2026
MARYLAND,MD,Montgomery County,8-Hour Ozone (2008),,"Washington, DC-MD-VA",FALSE,,,,,,,,,,,,,,,,,,,,,12,13,14,15,16,17,18,,,,,,,,,5/15/2019,,Marginal,W,971777,24,031,f,Ozone_8-hr.2008.Washington,2/28/2026
MARYLAND,MD,Montgomery County,8-Hour Ozone (2015),,"Washington, DC-MD-VA",FALSE,,,,,,,,,,,,,,,,,,,,,,,,,,,18,19,20,21,22,23,24,25,26,  -   -,Yes,Moderate,W,971777,24,031,e,Ozone_8-hr.2015.Washington,2/28/2026
MARYLAND,MD,Montgomery County,Carbon Monoxide (1971),,"Washington, DC-MD-VA",FALSE,92,93,94,95,,,,,,,,,,,,,,,,,,,,,,,,,,,,,,,,3/15/1996,,Moderate <= 12.7ppm,P,474416,24,031,C,CO.1990.Washington,2/28/2026
MARYLAND,MD,Montgomery County,PM-2.5 (1997),,"Washington, DC-MD-VA",FALSE,,,,,,,,,,,,,,05,06,07,08,09,10,11,12,13,,,,,,,,,,,,,,11/5/2014,,Moderate,W,971777,24,031,e,PM-2.5.1997.Washington,2/28/2026
MARYLAND,MD,Prince George's County,1-Hour Ozone (1979),Revoked,"Washington, DC-MD-VA",FALSE,92,93,94,95,96,97,98,99,00,01,02,03,04,,,,,,,,,,,,,,,,,,,,,,,  -   -,Yes,Severe-15,W,863420,24,033,C,Ozone_1-hr.1990.Washington,2/28/2026
MARYLAND,MD,Prince George's County,8-Hour Ozone (1997),Revoked,"Washington, DC-MD-VA",FALSE,,,,,,,,,,,,,04,05,06,07,08,09,10,11,12,13,14,,,,,,,,,,,,,  -   -,Yes,Moderate,W,863420,24,033,e,Ozone_8-hr.1997.Washington,2/28/2026
MARYLAND,MD,Prince George's County,8-Hour Ozone (2008),,"Washington, DC-MD-VA",FALSE,,,,,,,,,,,,,,,,,,,,,12,13,14,15,16,17,18,,,,,,,,,5/15/2019,,Marginal,W,863420,24,033,f,Ozone_8-hr.2008.Washington,2/28/2026
MARYLAND,MD,Prince George's County,8-Hour Ozone (2015),,"Washington, DC-MD-VA",FALSE,,,,,,,,,,,,,,,,,,,,,,,,,,,18,19,20,21,22,23,24,25,26,  -   -,Yes,Moderate,W,863420,24,033,e,Ozone_8-hr.2015.Washington,2/28/2026
MARYLAND,MD,Prince George's County,Carbon Monoxide (1971),,"Washington, DC-MD-VA",FALSE,92,93,94,95,,,,,,,,,,,,,,,,,,,,,,,,,,,,,,,,3/15/1996,,Moderate <= 12.7ppm,P,369359,24,033,C,CO.1990.Washington,2/28/2026
MARYLAND,MD,Prince George's County,PM-2.5 (1997),,"Washington, DC-MD-VA",FALSE,,,,,,,,,,,,,,05,06,07,08,09,10,11,12,13,,,,,,,,,,,,,,11/5/2014,,Moderate,W,863420,24,033,e,PM-2.5.1997.Washington,2/28/2026
MARYLAND,MD,Queen Anne's County,1-Hour Ozone (1979),Revoked,"Kent County and Queen Anne's County, MD",FALSE,92,93,94,95,96,97,98,99,00,01,02,03,,,,,,,,,,,,,,,,,,,,,,,,11/22/2004,,Marginal,W,47798,24,035,G,Ozone_1-hr.1990.Kent_and_Queen_Annes_Cos,2/28/2026
MARYLAND,MD,Queen Anne's County,8-Hour Ozone (1997),Revoked,"Kent and Queen Anne's Counties, MD",FALSE,,,,,,,,,,,,,04,05,06,,,,,,,,,,,,,,,,,,,,,1/22/2007,,Marginal,W,47798,24,035,f,Ozone_8-hr.1997.Kent_and_Queen_Annes_Cos,2/28/2026
MARYLAND,MD,Washington County,PM-2.5 (1997),,"Martinsburg-Hagerstown, WV-MD",FALSE,,,,,,,,,,,,,,05,06,07,08,09,10,11,12,13,,,,,,,,,,,,,,12/16/2014,,Moderate,W,147430,24,043,e,PM-2.5.1997.Hagerstown,2/28/2026
MASSACHUSETTS,MA,Barnstable County,1-Hour Ozone (1979),Revoked,"Boston-Lawrence-Worcester (E. Mass), MA-NH",FALSE,92,93,94,95,96,97,98,99,00,01,02,03,04,,,,,,,,,,,,,,,,,,,,,,,  -   -,Yes,Serious,W,215888,25,001,D,Ozone_1-hr.1990.Boston,2/28/2026
MASSACHUSETTS,MA,Barnstable County,8-Hour Ozone (1997),Revoked,"Boston-Lawrence-Worcester (E. Mass), MA",FALSE,,,,,,,,,,,,,04,05,06,07,08,09,10,11,12,13,14,,,,,,,,,,,,,  -   -,Yes,Moderate,W,215888,25,001,e,Ozone_8-hr.1997.Boston_MA,2/28/2026
MASSACHUSETTS,MA,Berkshire County,1-Hour Ozone (1979),Revoked,"Springfield (Western MA), MA",FALSE,92,93,94,95,96,97,98,99,00,01,02,03,04,,,,,,,,,,,,,,,,,,,,,,,  -   -,Yes,Serious,W,131219,25,003,D,Ozone_1-hr.1990.Springfield,2/28/2026
MASSACHUSETTS,MA,Berkshire County,8-Hour Ozone (1997),Revoked,"Springfield (W. Mass), MA",FALSE,,,,,,,,,,,,,04,05,06,07,08,09,10,11,12,13,14,,,,,,,,,,,,,  -   -,Yes,Moderate,W,131219,25,003,e,Ozone_8-hr.1997.Springfield,2/28/2026
MASSACHUSETTS,MA,Bristol County,1-Hour Ozone (1979),Revoked,"Boston-Lawrence-Worcester (E. Mass), MA-NH",FALSE,92,93,94,95,96,97,98,99,00,01,02,03,04,,,,,,,,,,,,,,,,,,,,,,,  -   -,Yes,Serious,W,548285,25,005,D,Ozone_1-hr.1990.Boston,2/28/2026
MASSACHUSETTS,MA,Bristol County,8-Hour Ozone (1997),Revoked,"Boston-Lawrence-Worcester (E. Mass), MA",FALSE,,,,,,,,,,,,,04,05,06,07,08,09,10,11,12,13,14,,,,,,,,,,,,,  -   -,Yes,Moderate,W,548285,25,005,e,Ozone_8-hr.1997.Boston_MA,2/28/2026
MASSACHUSETTS,MA,Dukes County,1-Hour Ozone (1979),Revoked,"Boston-Lawrence-Worcester (E. Mass), MA-NH",FALSE,92,93,94,95,96,97,98,99,00,01,02,03,04,,,,,,,,,,,,,,,,,,,,,,,  -   -,Yes,Serious,W,16535,25,007,D,Ozone_1-hr.1990.Boston,2/28/2026
MASSACHUSETTS,MA,Dukes County,8-Hour Ozone (1997),Revoked,"Boston-Lawrence-Worcester (E. Mass), MA",FALSE,,,,,,,,,,,,,04,05,06,07,08,09,10,11,12,13,14,,,,,,,,,,,,,  -   -,Yes,Moderate,W,16535,25,007,e,Ozone_8-hr.1997.Boston_MA,2/28/2026
MASSACHUSETTS,MA,Dukes County,8-Hour Ozone (2008),,"Dukes County, MA",FALSE,,,,,,,,,,,,,,,,,,,,,12,13,14,15,16,17,18,19,20,21,22,23,24,25,26,  -   -,Yes,Marginal,W,16535,25,007,f,Ozone_8-hr.2008.Dukes_Co,2/28/2026
MASSACHUSETTS,MA,Essex County,1-Hour Ozone (1979),Revoked,"Boston-Lawrence-Worcester (E. Mass), MA-NH",FALSE,92,93,94,95,96,97,98,99,00,01,02,03,04,,,,,,,,,,,,,,,,,,,,,,,  -   -,Yes,Serious,W,743159,25,009,D,Ozone_1-hr.1990.Boston,2/28/2026
MASSACHUSETTS,MA,Essex County,8-Hour Ozone (1997),Revoked,"Boston-Lawrence-Worcester (E. Mass), MA",FALSE,,,,,,,,,,,,,04,05,06,07,08,09,10,11,12,13,14,,,,,,,,,,,,,  -   -,Yes,Moderate,W,743159,25,009,e,Ozone_8-hr.1997.Boston_MA,2/28/2026
MASSACHUSETTS,MA,Franklin County,1-Hour Ozone (1979),Revoked,"Springfield (Western MA), MA",FALSE,92,93,94,95,96,97,98,99,00,01,02,03,04,,,,,,,,,,,,,,,,,,,,,,,  -   -,Yes,Serious,W,71372,25,011,D,Ozone_1-hr.1990.Springfield,2/28/2026
MASSACHUSETTS,MA,Franklin County,8-Hour Ozone (1997),Revoked,"Springfield (W. Mass), MA",FALSE,,,,,,,,,,,,,04,05,06,07,08,09,10,11,12,13,14,,,,,,,,,,,,,  -   -,Yes,Moderate,W,71372,25,011,e,Ozone_8-hr.1997.Springfield,2/28/2026
MASSACHUSETTS,MA,Hampden County,1-Hour Ozone (1979),Revoked,"Springfield (Western MA), MA",FALSE,92,93,94,95,96,97,98,99,00,01,02,03,04,,,,,,,,,,,,,,,,,,,,,,,  -   -,Yes,Serious,W,463490,25,013,D,Ozone_1-hr.1990.Springfield,2/28/2026
MASSACHUSETTS,MA,Hampden County,8-Hour Ozone (1997),Revoked,"Springfield (W. Mass), MA",FALSE,,,,,,,,,,,,,04,05,06,07,08,09,10,11,12,13,14,,,,,,,,,,,,,  -   -,Yes,Moderate,W,463490,25,013,e,Ozone_8-hr.1997.Springfield,2/28/2026
MASSACHUSETTS,MA,Hampden County,Carbon Monoxide (1971),,"Springfield, MA",FALSE,92,93,94,95,96,97,98,99,00,01,,,,,,,,,,,,,,,,,,,,,,,,,,4/22/2002,,Not Classified,P,153060,25,013,D,CO.1990.Springfield,2/28/2026
MASSACHUSETTS,MA,Hampshire County,1-Hour Ozone (1979),Revoked,"Springfield (Western MA), MA",FALSE,92,93,94,95,96,97,98,99,00,01,02,03,04,,,,,,,,,,,,,,,,,,,,,,,  -   -,Yes,Serious,W,158080,25,015,D,Ozone_1-hr.1990.Springfield,2/28/2026
MASSACHUSETTS,MA,Hampshire County,8-Hour Ozone (1997),Revoked,"Springfield (W. Mass), MA",FALSE,,,,,,,,,,,,,04,05,06,07,08,09,10,11,12,13,14,,,,,,,,,,,,,  -   -,Yes,Moderate,W,158080,25,015,e,Ozone_8-hr.1997.Springfield,2/28/2026
MASSACHUSETTS,MA,Middlesex County,1-Hour Ozone (1979),Revoked,"Boston-Lawrence-Worcester (E. Mass), MA-NH",FALSE,92,93,94,95,96,97,98,99,00,01,02,03,04,,,,,,,,,,,,,,,,,,,,,,,  -   -,Yes,Serious,W,1503085,25,017,D,Ozone_1-hr.1990.Boston,2/28/2026
MASSACHUSETTS,MA,Middlesex County,8-Hour Ozone (1997),Revoked,"Boston-Lawrence-Worcester (E. Mass), MA",FALSE,,,,,,,,,,,,,04,05,06,07,08,09,10,11,12,13,14,,,,,,,,,,,,,  -   -,Yes,Moderate,W,1503085,25,017,e,Ozone_8-hr.1997.Boston_MA,2/28/2026
MASSACHUSETTS,MA,Middlesex County,Carbon Monoxide (1971),,"Boston, MA",FALSE,92,93,94,95,,,,,,,,,,,,,,,,,,,,,,,,,,,,,,,,4/1/1996,,Moderate <= 12.7ppm,P,338206,25,017,C,CO.1990.Boston,2/28/2026
MASSACHUSETTS,MA,Middlesex County,Carbon Monoxide (1971),,"Lowell, MA",FALSE,92,93,94,95,96,97,98,99,00,01,,,,,,,,,,,,,,,,,,,,,,,,,,4/22/2002,,Not Classified,P,106519,25,017,D,CO.1990.Lowell,2/28/2026
MASSACHUSETTS,MA,Middlesex County,Carbon Monoxide (1971),,"Waltham, MA",FALSE,92,93,94,95,96,97,98,99,00,01,,,,,,,,,,,,,,,,,,,,,,,,,,4/22/2002,,Not Classified,P,60632,25,017,D,CO.1990.Waltham,2/28/2026
MASSACHUSETTS,MA,Nantucket County,1-Hour Ozone (1979),Revoked,"Boston-Lawrence-Worcester (E. Mass), MA-NH",FALSE,92,93,94,95,96,97,98,99,00,01,02,03,04,,,,,,,,,,,,,,,,,,,,,,,  -   -,Yes,Serious,W,10172,25,019,D,Ozone_1-hr.1990.Boston,2/28/2026
MASSACHUSETTS,MA,Nantucket County,8-Hour Ozone (1997),Revoked,"Boston-Lawrence-Worcester (E. Mass), MA",FALSE,,,,,,,,,,,,,04,05,06,07,08,09,10,11,12,13,14,,,,,,,,,,,,,  -   -,Yes,Moderate,W,10172,25,019,e,Ozone_8-hr.1997.Boston_MA,2/28/2026
MASSACHUSETTS,MA,Norfolk County,1-Hour Ozone (1979),Revoked,"Boston-Lawrence-Worcester (E. Mass), MA-NH",FALSE,92,93,94,95,96,97,98,99,00,01,02,03,04,,,,,,,,,,,,,,,,,,,,,,,  -   -,Yes,Serious,W,670850,25,021,D,Ozone_1-hr.1990.Boston,2/28/2026
MASSACHUSETTS,MA,Norfolk County,8-Hour Ozone (1997),Revoked,"Boston-Lawrence-Worcester (E. Mass), MA",FALSE,,,,,,,,,,,,,04,05,06,07,08,09,10,11,12,13,14,,,,,,,,,,,,,  -   -,Yes,Moderate,W,670850,25,021,e,Ozone_8-hr.1997.Boston_MA,2/28/2026
MASSACHUSETTS,MA,Norfolk County,Carbon Monoxide (1971),,"Boston, MA",FALSE,92,93,94,95,,,,,,,,,,,,,,,,,,,,,,,,,,,,,,,,4/1/1996,,Moderate <= 12.7ppm,P,92271,25,021,C,CO.1990.Boston,2/28/2026
MASSACHUSETTS,MA,Plymouth County,1-Hour Ozone (1979),Revoked,"Boston-Lawrence-Worcester (E. Mass), MA-NH",FALSE,92,93,94,95,96,97,98,99,00,01,02,03,04,,,,,,,,,,,,,,,,,,,,,,,  -   -,Yes,Serious,W,494919,25,023,D,Ozone_1-hr.1990.Boston,2/28/2026
MASSACHUSETTS,MA,Plymouth County,8-Hour Ozone (1997),Revoked,"Boston-Lawrence-Worcester (E. Mass), MA",FALSE,,,,,,,,,,,,,04,05,06,07,08,09,10,11,12,13,14,,,,,,,,,,,,,  -   -,Yes,Moderate,W,494919,25,023,e,Ozone_8-hr.1997.Boston_MA,2/28/2026
MASSACHUSETTS,MA,Suffolk County,1-Hour Ozone (1979),Revoked,"Boston-Lawrence-Worcester (E. Mass), MA-NH",FALSE,92,93,94,95,96,97,98,99,00,01,02,03,04,,,,,,,,,,,,,,,,,,,,,,,  -   -,Yes,Serious,W,722023,25,025,D,Ozone_1-hr.1990.Boston,2/28/2026
MASSACHUSETTS,MA,Suffolk County,8-Hour Ozone (1997),Revoked,"Boston-Lawrence-Worcester (E. Mass), MA",FALSE,,,,,,,,,,,,,04,05,06,07,08,09,10,11,12,13,14,,,,,,,,,,,,,  -   -,Yes,Moderate,W,722023,25,025,e,Ozone_8-hr.1997.Boston_MA,2/28/2026
MASSACHUSETTS,MA,Suffolk County,Carbon Monoxide (1971),,"Boston, MA",FALSE,92,93,94,95,,,,,,,,,,,,,,,,,,,,,,,,,,,,,,,,4/1/1996,,Moderate <= 12.7ppm,P,704526,25,025,C,CO.1990.Boston,2/28/2026
MASSACHUSETTS,MA,Worcester County,1-Hour Ozone (1979),Revoked,"Boston-Lawrence-Worcester (E. Mass), MA-NH",FALSE,92,93,94,95,96,97,98,99,00,01,02,03,04,,,,,,,,,,,,,,,,,,,,,,,  -   -,Yes,Serious,W,798552,25,027,D,Ozone_1-hr.1990.Boston,2/28/2026
MASSACHUSETTS,MA,Worcester County,8-Hour Ozone (1997),Revoked,"Boston-Lawrence-Worcester (E. Mass), MA",FALSE,,,,,,,,,,,,,04,05,06,07,08,09,10,11,12,13,14,,,,,,,,,,,,,  -   -,Yes,Moderate,W,798552,25,027,e,Ozone_8-hr.1997.Boston_MA,2/28/2026
MASSACHUSETTS,MA,Worcester County,Carbon Monoxide (1971),,"Worcester, MA",FALSE,92,93,94,95,96,97,98,99,00,01,,,,,,,,,,,,,,,,,,,,,,,,,,4/22/2002,,Not Classified,P,181045,25,027,D,CO.1990.Worcester,2/28/2026
MICHIGAN,MI,Allegan County,1-Hour Ozone (1979),Revoked,"Allegan County, MI",FALSE,92,93,94,95,96,97,98,99,00,,,,,,,,,,,,,,,,,,,,,,,,,,,1/16/2001,,Incomplete Data,W,111408,26,005,K,Ozone_1-hr.1990.Allegan_Co,2/28/2026
MICHIGAN,MI,Allegan County,8-Hour Ozone (1997),Revoked,"Allegan County, MI",FALSE,,,,,,,,,,,,,04,05,06,07,08,09,,,,,,,,,,,,,,,,,,9/24/2010,,Former Subpart 1,W,111408,26,005,g,Ozone_8-hr.1997.Allegan_Co,2/28/2026
MICHIGAN,MI,Allegan County,8-Hour Ozone (2015),,"Allegan County, MI",FALSE,,,,,,,,,,,,,,,,,,,,,,,,,,,18,19,20,21,22,23,24,25,26,  -   -,Yes,Serious,P,46615,26,005,d,Ozone_8-hr.2015.Allegan_Co,2/28/2026
MICHIGAN,MI,Bay County,1-Hour Ozone (1979),Revoked,"Saginaw-Bay City-Midland, MI",FALSE,92,93,94,95,96,97,98,99,00,,,,,,,,,,,,,,,,,,,,,,,,,,,1/16/2001,,Incomplete Data,W,107771,26,017,K,Ozone_1-hr.1990.Saginaw,2/28/2026
MICHIGAN,MI,Benzie County,8-Hour Ozone (1997),Revoked,"Benzie County, MI",FALSE,,,,,,,,,,,,,04,05,06,,,,,,,,,,,,,,,,,,,,,5/16/2007,,Former Subpart 1,W,17525,26,019,g,Ozone_8-hr.1997.Benzie_Co,2/28/2026
MICHIGAN,MI,Berrien County,8-Hour Ozone (1997),Revoked,"Benton Harbor, MI",FALSE,,,,,,,,,,,,,04,05,06,,,,,,,,,,,,,,,,,,,,,5/16/2007,,Former Subpart 1,W,156813,26,021,g,Ozone_8-hr.1997.Benton_Harbor,2/28/2026
MICHIGAN,MI,Berrien County,8-Hour Ozone (2015),,"Berrien County, MI",FALSE,,,,,,,,,,,,,,,,,,,,,,,,,,,18,19,20,21,22,23,24,25,26,  -   -,Yes,Serious,W,156813,26,021,d,Ozone_8-hr.2015.Benton_Harbor,2/28/2026
MICHIGAN,MI,Calhoun County,8-Hour Ozone (1997),Revoked,"Kalamazoo-Battle Creek, MI",FALSE,,,,,,,,,,,,,04,05,06,,,,,,,,,,,,,,,,,,,,,5/16/2007,,Former Subpart 1,W,136146,26,025,g,Ozone_8-hr.1997.Kalamazoo,2/28/2026
MICHIGAN,MI,Cass County,8-Hour Ozone (1997),Revoked,"Cass County, MI",FALSE,,,,,,,,,,,,,04,05,06,,,,,,,,,,,,,,,,,,,,,5/16/2007,,Marginal,W,52293,26,027,f,Ozone_8-hr.1997.Cass_Co,2/28/2026
MICHIGAN,MI,Clinton County,8-Hour Ozone (1997),Revoked,"Lansing-East Lansing, MI",FALSE,,,,,,,,,,,,,04,05,06,,,,,,,,,,,,,,,,,,,,,5/16/2007,,Former Subpart 1,W,75382,26,037,g,Ozone_8-hr.1997.Lansing,2/28/2026
MICHIGAN,MI,Eaton County,8-Hour Ozone (1997),Revoked,"Lansing-East Lansing, MI",FALSE,,,,,,,,,,,,,04,05,06,,,,,,,,,,,,,,,,,,,,,5/16/2007,,Former Subpart 1,W,107759,26,045,g,Ozone_8-hr.1997.Lansing,2/28/2026
MICHIGAN,MI,Genesee County,1-Hour Ozone (1979),Revoked,"Flint, MI",FALSE,92,93,94,95,96,97,98,99,00,,,,,,,,,,,,,,,,,,,,,,,,,,,1/16/2001,,Section 185A,W,425790,26,049,J,Ozone_1-hr.1990.Flint,2/28/2026
MICHIGAN,MI,Genesee County,8-Hour Ozone (1997),Revoked,"Flint, MI",FALSE,,,,,,,,,,,,,04,05,06,,,,,,,,,,,,,,,,,,,,,5/16/2007,,Former Subpart 1,W,425790,26,049,g,Ozone_8-hr.1997.Flint,2/28/2026
MICHIGAN,MI,Huron County,8-Hour Ozone (1997),Revoked,"Huron County, MI",FALSE,,,,,,,,,,,,,04,05,06,,,,,,,,,,,,,,,,,,,,,5/16/2007,,Former Subpart 1,W,33118,26,063,g,Ozone_8-hr.1997.Huron_Co,2/28/2026
MICHIGAN,MI,Ingham County,8-Hour Ozone (1997),Revoked,"Lansing-East Lansing, MI",FALSE,,,,,,,,,,,,,04,05,06,,,,,,,,,,,,,,,,,,,,,5/16/2007,,Former Subpart 1,W,280895,26,065,g,Ozone_8-hr.1997.Lansing,2/28/2026
MICHIGAN,MI,Ionia County,Lead (2008),,"Belding, MI",FALSE,,,,,,,,,,,,,,,,,,,,11,12,13,14,15,16,,,,,,,,,,,7/31/2017,,,P,1890,26,067,A,Lead.2008.Belding,2/28/2026
MICHIGAN,MI,Kalamazoo County,8-Hour Ozone (1997),Revoked,"Kalamazoo-Battle Creek, MI",FALSE,,,,,,,,,,,,,04,05,06,,,,,,,,,,,,,,,,,,,,,5/16/2007,,Former Subpart 1,W,250331,26,077,g,Ozone_8-hr.1997.Kalamazoo,2/28/2026
MICHIGAN,MI,Kent County,1-Hour Ozone (1979),Revoked,"Grand Rapids, MI",FALSE,92,93,94,95,,,,,,,,,,,,,,,,,,,,,,,,,,,,,,,,6/21/1996,,Moderate,W,602622,26,081,E,Ozone_1-hr.1990.Grand_Rapids,2/28/2026
MICHIGAN,MI,Kent County,8-Hour Ozone (1997),Revoked,"Grand Rapids, MI",FALSE,,,,,,,,,,,,,04,05,06,,,,,,,,,,,,,,,,,,,,,5/16/2007,,Former Subpart 1,W,602622,26,081,g,Ozone_8-hr.1997.Grand_Rapids,2/28/2026
MICHIGAN,MI,Lapeer County,8-Hour Ozone (1997),Revoked,"Flint, MI",FALSE,,,,,,,,,,,,,04,05,06,,,,,,,,,,,,,,,,,,,,,5/16/2007,,Former Subpart 1,W,88319,26,087,g,Ozone_8-hr.1997.Flint,2/28/2026
MICHIGAN,MI,Lenawee County,8-Hour Ozone (1997),Revoked,"Detroit-Ann Arbor, MI",FALSE,,,,,,,,,,,,,04,05,06,07,08,,,,,,,,,,,,,,,,,,,6/29/2009,,Marginal,W,99892,26,091,f,Ozone_8-hr.1997.Detroit,2/28/2026
MICHIGAN,MI,Livingston County,1-Hour Ozone (1979),Revoked,"Detroit-Ann Arbor, MI",FALSE,92,93,94,,,,,,,,,,,,,,,,,,,,,,,,,,,,,,,,,4/6/1995,,Moderate,W,180967,26,093,E,Ozone_1-hr.1990.Detroit,2/28/2026
MICHIGAN,MI,Livingston County,8-Hour Ozone (1997),Revoked,"Detroit-Ann Arbor, MI",FALSE,,,,,,,,,,,,,04,05,06,07,08,,,,,,,,,,,,,,,,,,,6/29/2009,,Marginal,W,180967,26,093,f,Ozone_8-hr.1997.Detroit,2/28/2026
MICHIGAN,MI,Livingston County,8-Hour Ozone (2015),,"Detroit, MI",FALSE,,,,,,,,,,,,,,,,,,,,,,,,,,,18,19,20,21,22,,,,,5/19/2023,,Moderate,W,180967,26,093,e,Ozone_8-hr.2015.Detroit,2/28/2026
MICHIGAN,MI,Livingston County,PM-2.5 (1997),,"Detroit-Ann Arbor, MI",FALSE,,,,,,,,,,,,,,05,06,07,08,09,10,11,12,,,,,,,,,,,,,,,8/29/2013,,Former Subpart 1,W,180967,26,093,g,PM-2.5.1997.Detroit,2/28/2026
MICHIGAN,MI,Livingston County,PM-2.5 (2006),,"Detroit-Ann Arbor, MI",FALSE,,,,,,,,,,,,,,,,,,09,10,11,12,,,,,,,,,,,,,,,8/29/2013,,Former Subpart 1,W,180967,26,093,g,PM-2.5.2006.Detroit,2/28/2026
MICHIGAN,MI,Macomb County,1-Hour Ozone (1979),Revoked,"Detroit-Ann Arbor, MI",FALSE,92,93,94,,,,,,,,,,,,,,,,,,,,,,,,,,,,,,,,,4/6/1995,,Moderate,W,840978,26,099,E,Ozone_1-hr.1990.Detroit,2/28/2026
MICHIGAN,MI,Macomb County,8-Hour Ozone (1997),Revoked,"Detroit-Ann Arbor, MI",FALSE,,,,,,,,,,,,,04,05,06,07,08,,,,,,,,,,,,,,,,,,,6/29/2009,,Marginal,W,840978,26,099,f,Ozone_8-hr.1997.Detroit,2/28/2026
MICHIGAN,MI,Macomb County,8-Hour Ozone (2015),,"Detroit, MI",FALSE,,,,,,,,,,,,,,,,,,,,,,,,,,,18,19,20,21,22,,,,,5/19/2023,,Moderate,W,840978,26,099,e,Ozone_8-hr.2015.Detroit,2/28/2026
MICHIGAN,MI,Macomb County,Carbon Monoxide (1971),,"Detroit, MI",FALSE,92,93,94,95,96,97,98,,,,,,,,,,,,,,,,,,,,,,,,,,,,,8/30/1999,,Not Classified,P,295428,26,099,D,CO.1990.Detroit,2/28/2026
MICHIGAN,MI,Macomb County,PM-2.5 (1997),,"Detroit-Ann Arbor, MI",FALSE,,,,,,,,,,,,,,05,06,07,08,09,10,11,12,,,,,,,,,,,,,,,8/29/2013,,Former Subpart 1,W,840978,26,099,g,PM-2.5.1997.Detroit,2/28/2026
MICHIGAN,MI,Macomb County,PM-2.5 (2006),,"Detroit-Ann Arbor, MI",FALSE,,,,,,,,,,,,,,,,,,09,10,11,12,,,,,,,,,,,,,,,8/29/2013,,Former Subpart 1,W,840978,26,099,g,PM-2.5.2006.Detroit,2/28/2026
MICHIGAN,MI,Mason County,8-Hour Ozone (1997),Revoked,"Mason County, MI",FALSE,,,,,,,,,,,,,04,05,06,,,,,,,,,,,,,,,,,,,,,5/16/2007,,Former Subpart 1,W,28705,26,105,g,Ozone_8-hr.1997.Mason_Co,2/28/2026
MICHIGAN,MI,Midland County,1-Hour Ozone (1979),Revoked,"Saginaw-Bay City-Midland, MI",FALSE,92,93,94,95,96,97,98,99,00,,,,,,,,,,,,,,,,,,,,,,,,,,,1/16/2001,,Incomplete Data,W,83629,26,111,K,Ozone_1-hr.1990.Saginaw,2/28/2026
MICHIGAN,MI,Monroe County,1-Hour Ozone (1979),Revoked,"Detroit-Ann Arbor, MI",FALSE,92,93,94,,,,,,,,,,,,,,,,,,,,,,,,,,,,,,,,,4/6/1995,,Moderate,W,152021,26,115,E,Ozone_1-hr.1990.Detroit,2/28/2026
MICHIGAN,MI,Monroe County,8-Hour Ozone (1997),Revoked,"Detroit-Ann Arbor, MI",FALSE,,,,,,,,,,,,,04,05,06,07,08,,,,,,,,,,,,,,,,,,,6/29/2009,,Marginal,W,152021,26,115,f,Ozone_8-hr.1997.Detroit,2/28/2026
MICHIGAN,MI,Monroe County,8-Hour Ozone (2015),,"Detroit, MI",FALSE,,,,,,,,,,,,,,,,,,,,,,,,,,,18,19,20,21,22,,,,,5/19/2023,,Moderate,W,152021,26,115,e,Ozone_8-hr.2015.Detroit,2/28/2026
MICHIGAN,MI,Monroe County,PM-2.5 (1997),,"Detroit-Ann Arbor, MI",FALSE,,,,,,,,,,,,,,05,06,07,08,09,10,11,12,,,,,,,,,,,,,,,8/29/2013,,Former Subpart 1,W,152021,26,115,g,PM-2.5.1997.Detroit,2/28/2026
MICHIGAN,MI,Monroe County,PM-2.5 (2006),,"Detroit-Ann Arbor, MI",FALSE,,,,,,,,,,,,,,,,,,09,10,11,12,,,,,,,,,,,,,,,8/29/2013,,Former Subpart 1,W,152021,26,115,g,PM-2.5.2006.Detroit,2/28/2026
MICHIGAN,MI,Muskegon County,1-Hour Ozone (1979),Revoked,"Muskegon, MI",FALSE,92,93,94,95,96,97,98,99,,,,,,,,,,,,,,,,,,,,,,,,,,,,10/18/2000,,Moderate,W,172188,26,121,E,Ozone_1-hr.1990.Muskegon,2/28/2026
MICHIGAN,MI,Muskegon County,8-Hour Ozone (1997),Revoked,"Muskegon, MI",FALSE,,,,,,,,,,,,,04,05,06,,,,,,,,,,,,,,,,,,,,,5/16/2007,,Marginal,W,172188,26,121,f,Ozone_8-hr.1997.Muskegon,2/28/2026
MICHIGAN,MI,Muskegon County,8-Hour Ozone (2015),,"Muskegon County, MI",FALSE,,,,,,,,,,,,,,,,,,,,,,,,,,,18,19,20,21,22,23,24,25,26,  -   -,Yes,Serious,P,146852,26,121,d,Ozone_8-hr.2015.Muskegon,2/28/2026
MICHIGAN,MI,Oakland County,1-Hour Ozone (1979),Revoked,"Detroit-Ann Arbor, MI",FALSE,92,93,94,,,,,,,,,,,,,,,,,,,,,,,,,,,,,,,,,4/6/1995,,Moderate,W,1202362,26,125,E,Ozone_1-hr.1990.Detroit,2/28/2026
MICHIGAN,MI,Oakland County,8-Hour Ozone (1997),Revoked,"Detroit-Ann Arbor, MI",FALSE,,,,,,,,,,,,,04,05,06,07,08,,,,,,,,,,,,,,,,,,,6/29/2009,,Marginal,W,1202362,26,125,f,Ozone_8-hr.1997.Detroit,2/28/2026
MICHIGAN,MI,Oakland County,8-Hour Ozone (2015),,"Detroit, MI",FALSE,,,,,,,,,,,,,,,,,,,,,,,,,,,18,19,20,21,22,,,,,5/19/2023,,Moderate,W,1202362,26,125,e,Ozone_8-hr.2015.Detroit,2/28/2026
MICHIGAN,MI,Oakland County,Carbon Monoxide (1971),,"Detroit, MI",FALSE,92,93,94,95,96,97,98,,,,,,,,,,,,,,,,,,,,,,,,,,,,,8/30/1999,,Not Classified,P,435027,26,125,D,CO.1990.Detroit,2/28/2026
MICHIGAN,MI,Oakland County,PM-2.5 (1997),,"Detroit-Ann Arbor, MI",FALSE,,,,,,,,,,,,,,05,06,07,08,09,10,11,12,,,,,,,,,,,,,,,8/29/2013,,Former Subpart 1,W,1202362,26,125,g,PM-2.5.1997.Detroit,2/28/2026
MICHIGAN,MI,Oakland County,PM-2.5 (2006),,"Detroit-Ann Arbor, MI",FALSE,,,,,,,,,,,,,,,,,,09,10,11,12,,,,,,,,,,,,,,,8/29/2013,,Former Subpart 1,W,1202362,26,125,g,PM-2.5.2006.Detroit,2/28/2026
MICHIGAN,MI,Ottawa County,1-Hour Ozone (1979),Revoked,"Grand Rapids, MI",FALSE,92,93,94,95,,,,,,,,,,,,,,,,,,,,,,,,,,,,,,,,6/21/1996,,Moderate,W,263801,26,139,E,Ozone_1-hr.1990.Grand_Rapids,2/28/2026
MICHIGAN,MI,Ottawa County,8-Hour Ozone (1997),Revoked,"Grand Rapids, MI",FALSE,,,,,,,,,,,,,04,05,06,,,,,,,,,,,,,,,,,,,,,5/16/2007,,Former Subpart 1,W,263801,26,139,g,Ozone_8-hr.1997.Grand_Rapids,2/28/2026
MICHIGAN,MI,Saginaw County,1-Hour Ozone (1979),Revoked,"Saginaw-Bay City-Midland, MI",FALSE,92,93,94,95,96,97,98,99,00,,,,,,,,,,,,,,,,,,,,,,,,,,,1/16/2001,,Incomplete Data,W,200169,26,145,K,Ozone_1-hr.1990.Saginaw,2/28/2026
MICHIGAN,MI,St. Clair County,1-Hour Ozone (1979),Revoked,"Detroit-Ann Arbor, MI",FALSE,92,93,94,,,,,,,,,,,,,,,,,,,,,,,,,,,,,,,,,4/6/1995,,Moderate,W,163040,26,147,E,Ozone_1-hr.1990.Detroit,2/28/2026
MICHIGAN,MI,St. Clair County,8-Hour Ozone (1997),Revoked,"Detroit-Ann Arbor, MI",FALSE,,,,,,,,,,,,,04,05,06,07,08,,,,,,,,,,,,,,,,,,,6/29/2009,,Marginal,W,163040,26,147,f,Ozone_8-hr.1997.Detroit,2/28/2026
MICHIGAN,MI,St. Clair County,8-Hour Ozone (2015),,"Detroit, MI",FALSE,,,,,,,,,,,,,,,,,,,,,,,,,,,18,19,20,21,22,,,,,5/19/2023,,Moderate,W,163040,26,147,e,Ozone_8-hr.2015.Detroit,2/28/2026
MICHIGAN,MI,St. Clair County,PM-2.5 (1997),,"Detroit-Ann Arbor, MI",FALSE,,,,,,,,,,,,,,05,06,07,08,09,10,11,12,,,,,,,,,,,,,,,8/29/2013,,Former Subpart 1,W,163040,26,147,g,PM-2.5.1997.Detroit,2/28/2026
MICHIGAN,MI,St. Clair County,PM-2.5 (2006),,"Detroit-Ann Arbor, MI",FALSE,,,,,,,,,,,,,,,,,,09,10,11,12,,,,,,,,,,,,,,,8/29/2013,,Former Subpart 1,W,163040,26,147,g,PM-2.5.2006.Detroit,2/28/2026
MICHIGAN,MI,St. Clair County,Sulfur Dioxide (2010),,"St. Clair, MI",FALSE,,,,,,,,,,,,,,,,,,,,,,,,,16,17,18,19,20,21,22,23,24,25,26,  -   -,Yes,,P,52102,26,147,A,SO2.2010.St_Clair,2/28/2026
MICHIGAN,MI,Van Buren County,8-Hour Ozone (1997),Revoked,"Kalamazoo-Battle Creek, MI",FALSE,,,,,,,,,,,,,04,05,06,,,,,,,,,,,,,,,,,,,,,5/16/2007,,Former Subpart 1,W,76258,26,159,g,Ozone_8-hr.1997.Kalamazoo,2/28/2026
MICHIGAN,MI,Washtenaw County,1-Hour Ozone (1979),Revoked,"Detroit-Ann Arbor, MI",FALSE,92,93,94,,,,,,,,,,,,,,,,,,,,,,,,,,,,,,,,,4/6/1995,,Moderate,W,344791,26,161,E,Ozone_1-hr.1990.Detroit,2/28/2026
MICHIGAN,MI,Washtenaw County,8-Hour Ozone (1997),Revoked,"Detroit-Ann Arbor, MI",FALSE,,,,,,,,,,,,,04,05,06,07,08,,,,,,,,,,,,,,,,,,,6/29/2009,,Marginal,W,344791,26,161,f,Ozone_8-hr.1997.Detroit,2/28/2026
MICHIGAN,MI,Washtenaw County,8-Hour Ozone (2015),,"Detroit, MI",FALSE,,,,,,,,,,,,,,,,,,,,,,,,,,,18,19,20,21,22,,,,,5/19/2023,,Moderate,W,344791,26,161,e,Ozone_8-hr.2015.Detroit,2/28/2026
MICHIGAN,MI,Washtenaw County,PM-2.5 (1997),,"Detroit-Ann Arbor, MI",FALSE,,,,,,,,,,,,,,05,06,07,08,09,10,11,12,,,,,,,,,,,,,,,8/29/2013,,Former Subpart 1,W,344791,26,161,g,PM-2.5.1997.Detroit,2/28/2026
MICHIGAN,MI,Washtenaw County,PM-2.5 (2006),,"Detroit-Ann Arbor, MI",FALSE,,,,,,,,,,,,,,,,,,09,10,11,12,,,,,,,,,,,,,,,8/29/2013,,Former Subpart 1,W,344791,26,161,g,PM-2.5.2006.Detroit,2/28/2026
MICHIGAN,MI,Wayne County,1-Hour Ozone (1979),Revoked,"Detroit-Ann Arbor, MI",FALSE,92,93,94,,,,,,,,,,,,,,,,,,,,,,,,,,,,,,,,,4/6/1995,,Moderate,W,1820584,26,163,E,Ozone_1-hr.1990.Detroit,2/28/2026
MICHIGAN,MI,Wayne County,8-Hour Ozone (1997),Revoked,"Detroit-Ann Arbor, MI",FALSE,,,,,,,,,,,,,04,05,06,07,08,,,,,,,,,,,,,,,,,,,6/29/2009,,Marginal,W,1820584,26,163,f,Ozone_8-hr.1997.Detroit,2/28/2026
MICHIGAN,MI,Wayne County,8-Hour Ozone (2015),,"Detroit, MI",FALSE,,,,,,,,,,,,,,,,,,,,,,,,,,,18,19,20,21,22,,,,,5/19/2023,,Moderate,W,1820584,26,163,e,Ozone_8-hr.2015.Detroit,2/28/2026
MICHIGAN,MI,Wayne County,Carbon Monoxide (1971),,"Detroit, MI",FALSE,92,93,94,95,96,97,98,,,,,,,,,,,,,,,,,,,,,,,,,,,,,8/30/1999,,Not Classified,P,651784,26,163,D,CO.1990.Detroit,2/28/2026
MICHIGAN,MI,Wayne County,PM-10 (1987),,"Wayne County, MI",FALSE,92,93,94,95,,,,,,,,,,,,,,,,,,,,,,,,,,,,,,,,10/4/1996,,Moderate,P,713777,26,163,B,PM-10.1990.Detroit,2/28/2026
MICHIGAN,MI,Wayne County,PM-2.5 (1997),,"Detroit-Ann Arbor, MI",FALSE,,,,,,,,,,,,,,05,06,07,08,09,10,11,12,,,,,,,,,,,,,,,8/29/2013,,Former Subpart 1,W,1820584,26,163,g,PM-2.5.1997.Detroit,2/28/2026
MICHIGAN,MI,Wayne County,PM-2.5 (2006),,"Detroit-Ann Arbor, MI",FALSE,,,,,,,,,,,,,,,,,,09,10,11,12,,,,,,,,,,,,,,,8/29/2013,,Former Subpart 1,W,1820584,26,163,g,PM-2.5.2006.Detroit,2/28/2026
MICHIGAN,MI,Wayne County,Sulfur Dioxide (2010),,"Detroit, MI",FALSE,,,,,,,,,,,,,,,,,,,,,,13,14,15,16,17,18,19,20,21,22,23,24,25,26,  -   -,Yes,,P,254079,26,163,A,SO2.2010.Detroit,2/28/2026
MINNESOTA,MN,Anoka County,Carbon Monoxide (1971),,"Minneapolis-St. Paul, MN",FALSE,92,93,94,95,96,97,98,,,,,,,,,,,,,,,,,,,,,,,,,,,,,11/29/1999,,Moderate <= 12.7ppm,W,330844,27,003,C,CO.1990.Minneapolis,2/28/2026
MINNESOTA,MN,Anoka County,Sulfur Dioxide (1971),,"Minneapolis-St. Paul, MN",FALSE,92,93,94,95,96,,,,,,,,,,,,,,,,,,,,,,,,,,,,,,,7/14/1997,,Primary,W,330844,27,003,A,SO2.1978.Minneapolis,2/28/2026
MINNESOTA,MN,Carver County,Carbon Monoxide (1971),,"Minneapolis-St. Paul, MN",FALSE,92,93,94,95,96,97,98,,,,,,,,,,,,,,,,,,,,,,,,,,,,,11/29/1999,,Moderate <= 12.7ppm,P,77969,27,019,C,CO.1990.Minneapolis,2/28/2026
MINNESOTA,MN,Carver County,Sulfur Dioxide (1971),,"Minneapolis-St. Paul, MN",FALSE,92,93,94,95,96,,,,,,,,,,,,,,,,,,,,,,,,,,,,,,,7/14/1997,,Primary,W,91042,27,019,A,SO2.1978.Minneapolis,2/28/2026
MINNESOTA,MN,Dakota County,Carbon Monoxide (1971),,"Minneapolis-St. Paul, MN",FALSE,92,93,94,95,96,97,98,,,,,,,,,,,,,,,,,,,,,,,,,,,,,11/29/1999,,Moderate <= 12.7ppm,P,380675,27,037,C,CO.1990.Minneapolis,2/28/2026
MINNESOTA,MN,Dakota County,Lead (1978),,"Dakota County, MN",FALSE,92,93,,,,,,,,,,,,,,,,,,,,,,,,,,,,,,,,,,12/19/1994,,,P,318833,27,037,A,Lead.1992.Minneapolis,2/28/2026
MINNESOTA,MN,Dakota County,Lead (2008),,"Eagan, MN",FALSE,,,,,,,,,,,,,,,,,,,10,11,12,13,14,15,16,17,18,19,20,21,22,23,24,25,26,  -   -,Yes,,P,8997,27,037,A,Lead.2008.Eagan,2/28/2026
MINNESOTA,MN,Dakota County,Sulfur Dioxide (1971),,"Minneapolis-St. Paul, MN",FALSE,92,93,94,95,96,,,,,,,,,,,,,,,,,,,,,,,,,,,,,,,7/14/1997,,Primary,W,398552,27,037,A,SO2.1978.Minneapolis,2/28/2026
MINNESOTA,MN,Hennepin County,Carbon Monoxide (1971),,"Minneapolis-St. Paul, MN",FALSE,92,93,94,95,96,97,98,,,,,,,,,,,,,,,,,,,,,,,,,,,,,11/29/1999,,Moderate <= 12.7ppm,W,1152425,27,053,C,CO.1990.Minneapolis,2/28/2026
MINNESOTA,MN,Hennepin County,Sulfur Dioxide (1971),,"Minneapolis-St. Paul, MN",FALSE,92,93,94,95,96,,,,,,,,,,,,,,,,,,,,,,,,,,,,,,,7/14/1997,,Primary,W,1152425,27,053,A,SO2.1978.Minneapolis,2/28/2026
MINNESOTA,MN,Olmsted County,PM-10 (1987),,"Olmsted County, MN",FALSE,92,93,94,,,,,,,,,,,,,,,,,,,,,,,,,,,,,,,,,7/31/1995,,Moderate,P,96199,27,109,B,PM-10.1990.Rochester,2/28/2026
MINNESOTA,MN,Olmsted County,Sulfur Dioxide (1971),,"Olmsted County; City of Rochester, MN",FALSE,92,93,94,95,96,97,98,99,00,,,,,,,,,,,,,,,,,,,,,,,,,,,5/8/2001,,Primary,P,106769,27,109,A,SO2.1978.Rochester,2/28/2026
MINNESOTA,MN,Ramsey County,Carbon Monoxide (1971),,"Minneapolis-St. Paul, MN",FALSE,92,93,94,95,96,97,98,,,,,,,,,,,,,,,,,,,,,,,,,,,,,11/29/1999,,Moderate <= 12.7ppm,W,508640,27,123,C,CO.1990.Minneapolis,2/28/2026
MINNESOTA,MN,Ramsey County,PM-10 (1987),,"Ramsey County, MN",FALSE,92,93,94,95,96,97,98,99,00,01,,,,,,,,,,,,,,,,,,,,,,,,,,9/24/2002,,Moderate,P,284783,27,123,B,PM-10.1990.Minneapolis,2/28/2026
MINNESOTA,MN,Ramsey County,Sulfur Dioxide (1971),,"Minneapolis-St. Paul, MN",FALSE,92,93,94,95,96,,,,,,,,,,,,,,,,,,,,,,,,,,,,,,,7/14/1997,,Primary,W,508640,27,123,A,SO2.1978.Minneapolis,2/28/2026
MINNESOTA,MN,Scott County,Carbon Monoxide (1971),,"Minneapolis-St. Paul, MN",FALSE,92,93,94,95,96,97,98,,,,,,,,,,,,,,,,,,,,,,,,,,,,,11/29/1999,,Moderate <= 12.7ppm,P,119772,27,139,C,CO.1990.Minneapolis,2/28/2026
MINNESOTA,MN,Scott County,Sulfur Dioxide (1971),,"Minneapolis-St. Paul, MN",FALSE,92,93,94,95,96,,,,,,,,,,,,,,,,,,,,,,,,,,,,,,,7/14/1997,,Primary,W,129928,27,139,A,SO2.1978.Minneapolis,2/28/2026
MINNESOTA,MN,St. Louis County,Carbon Monoxide (1971),,"Duluth, MN",FALSE,92,93,,,,,,,,,,,,,,,,,,,,,,,,,,,,,,,,,,6/13/1994,,Moderate <= 12.7ppm,P,85857,27,137,C,CO.1990.Duluth,2/28/2026
MINNESOTA,MN,Washington County,Carbon Monoxide (1971),,"Minneapolis-St. Paul, MN",FALSE,92,93,94,95,96,97,98,,,,,,,,,,,,,,,,,,,,,,,,,,,,,11/29/1999,,Moderate <= 12.7ppm,P,236399,27,163,C,CO.1990.Minneapolis,2/28/2026
MINNESOTA,MN,Washington County,Sulfur Dioxide (1971),,"Minneapolis-St. Paul, MN",FALSE,92,93,94,95,96,,,,,,,,,,,,,,,,,,,,,,,,,,,,,,,7/14/1997,,Primary,W,238136,27,163,A,SO2.1978.Minneapolis,2/28/2026
MINNESOTA,MN,Wright County,Carbon Monoxide (1971),,"Minneapolis-St. Paul, MN",FALSE,92,93,94,95,96,97,98,,,,,,,,,,,,,,,,,,,,,,,,,,,,,11/29/1999,,Moderate <= 12.7ppm,P,113454,27,171,C,CO.1990.Minneapolis,2/28/2026
MISSISSIPPI,MS,DeSoto County,8-Hour Ozone (2008),,"Memphis, TN-MS-AR",FALSE,,,,,,,,,,,,,,,,,,,,,12,13,14,15,,,,,,,,,,,,5/9/2016,,Marginal,P,148923,28,033,f,Ozone_8-hr.2008.Memphis,2/28/2026
MISSOURI,MO,Clay County,1-Hour Ozone (1979),Revoked,"Kansas City, MO-KS",FALSE,,,,,,,,,,,,,,,,,,,,,,,,,,,,,,,,,,,,7/23/1992,,Other,W,221939,29,047,I,Ozone_1-hr.1990.Kansas_City,2/28/2026
MISSOURI,MO,Dent County,Lead (2008),,"Iron, Dent, and Reynolds Counties, MO",FALSE,,,,,,,,,,,,,,,,,,,10,11,12,13,14,15,16,17,18,19,20,21,22,23,24,25,26,  -   -,Yes,,P,106,29,065,A,Lead.2008.Iron,2/28/2026
MISSOURI,MO,Franklin County,1-Hour Ozone (1979),Revoked,"St. Louis, MO-IL",FALSE,92,93,94,95,96,97,98,99,00,01,02,,,,,,,,,,,,,,,,,,,,,,,,,5/12/2003,,Serious,W,101492,29,071,D,Ozone_1-hr.1990.St_Louis,2/28/2026
MISSOURI,MO,Franklin County,8-Hour Ozone (1997),Revoked,"St. Louis, MO-IL",FALSE,,,,,,,,,,,,,04,05,06,07,08,09,10,11,12,13,14,,,,,,,,,,,,,2/20/2015,,Moderate,W,101492,29,071,e,Ozone_8-hr.1997.St_Louis,2/28/2026
MISSOURI,MO,Franklin County,8-Hour Ozone (2008),,"St. Louis-St. Charles-Farmington, MO-IL",FALSE,,,,,,,,,,,,,,,,,,,,,12,13,14,15,16,17,,,,,,,,,,9/20/2018,,Marginal,W,101492,29,071,f,Ozone_8-hr.2008.St_Louis,2/28/2026
MISSOURI,MO,Franklin County,8-Hour Ozone (2015),,"St. Louis, MO-IL",FALSE,,,,,,,,,,,,,,,,,,,,,,,,,,,18,19,20,21,22,23,24,25,26,  -   -,Yes,Serious,P,18108,29,071,d,Ozone_8-hr.2015.St_Louis,2/28/2026
MISSOURI,MO,Franklin County,PM-2.5 (1997),,"St. Louis, MO-IL",FALSE,,,,,,,,,,,,,,05,06,07,08,09,10,11,12,13,14,15,16,17,,,,,,,,,,10/2/2018,,Moderate,W,101492,29,071,e,PM-2.5.1997.St_Louis,2/28/2026
MISSOURI,MO,Iron County,Lead (1978),,"Iron County (part); Dent Township, MO",FALSE,92,93,94,95,96,97,98,99,,,,,,,,,,,,,,,,,,,,,,,,,,,,12/18/2000,,,P,1194,29,093,A,Lead.1992.Dent,2/28/2026
MISSOURI,MO,Iron County,Lead (1978),,"Iron County (part); Liberty and Arcadia, MO",FALSE,92,93,94,95,96,97,98,99,00,01,02,03,,,,,,,,,,,,,,,,,,,,,,,,11/29/2004,,,P,6066,29,093,A,Lead.1992.Liberty,2/28/2026
MISSOURI,MO,Iron County,Lead (2008),,"Iron, Dent, and Reynolds Counties, MO",FALSE,,,,,,,,,,,,,,,,,,,10,11,12,13,14,15,16,17,18,19,20,21,22,23,24,25,26,  -   -,Yes,,P,253,29,093,A,Lead.2008.Iron,2/28/2026
MISSOURI,MO,Jackson County,1-Hour Ozone (1979),Revoked,"Kansas City, MO-KS",FALSE,,,,,,,,,,,,,,,,,,,,,,,,,,,,,,,,,,,,7/23/1992,,Other,W,674158,29,095,I,Ozone_1-hr.1990.Kansas_City,2/28/2026
MISSOURI,MO,Jackson County,Sulfur Dioxide (2010),,"Jackson County, MO",FALSE,,,,,,,,,,,,,,,,,,,,,,13,14,15,16,17,18,19,20,21,,,,,,3/2/2022,,,P,57293,29,095,A,SO2.2010.Kansas_City,2/28/2026
MISSOURI,MO,Jefferson County,1-Hour Ozone (1979),Revoked,"St. Louis, MO-IL",FALSE,92,93,94,95,96,97,98,99,00,01,02,,,,,,,,,,,,,,,,,,,,,,,,,5/12/2003,,Serious,W,218733,29,099,D,Ozone_1-hr.1990.St_Louis,2/28/2026
MISSOURI,MO,Jefferson County,8-Hour Ozone (1997),Revoked,"St. Louis, MO-IL",FALSE,,,,,,,,,,,,,04,05,06,07,08,09,10,11,12,13,14,,,,,,,,,,,,,2/20/2015,,Moderate,W,218733,29,099,e,Ozone_8-hr.1997.St_Louis,2/28/2026
MISSOURI,MO,Jefferson County,8-Hour Ozone (2008),,"St. Louis-St. Charles-Farmington, MO-IL",FALSE,,,,,,,,,,,,,,,,,,,,,12,13,14,15,16,17,,,,,,,,,,9/20/2018,,Marginal,W,218733,29,099,f,Ozone_8-hr.2008.St_Louis,2/28/2026
MISSOURI,MO,Jefferson County,8-Hour Ozone (2015),,"St. Louis, MO-IL",FALSE,,,,,,,,,,,,,,,,,,,,,,,,,,,18,19,20,21,22,23,24,25,26,  -   -,Yes,Serious,W,218733,29,099,d,Ozone_8-hr.2015.St_Louis,2/28/2026
MISSOURI,MO,Jefferson County,Lead (1978),,"Jefferson County (part); Herculaneum, MO",FALSE,92,93,94,95,96,97,98,99,00,01,02,03,04,05,06,07,08,09,10,11,12,13,14,15,16,17,18,19,20,21,22,23,24,25,26,  -   -,Yes,,P,2560,29,099,A,Lead.1992.Herculaneum,2/28/2026
MISSOURI,MO,Jefferson County,Lead (2008),,"Jefferson County, MO",FALSE,,,,,,,,,,,,,,,,,,,10,11,12,13,14,15,16,17,18,19,20,21,22,23,24,25,26,  -   -,Yes,,P,4814,29,099,A,Lead.2008.Herculaneum,2/28/2026
MISSOURI,MO,Jefferson County,PM-2.5 (1997),,"St. Louis, MO-IL",FALSE,,,,,,,,,,,,,,05,06,07,08,09,10,11,12,13,14,15,16,17,,,,,,,,,,10/2/2018,,Moderate,W,218733,29,099,e,PM-2.5.1997.St_Louis,2/28/2026
MISSOURI,MO,Jefferson County,Sulfur Dioxide (2010),,"Jefferson County, MO",FALSE,,,,,,,,,,,,,,,,,,,,,,13,14,15,16,17,18,19,20,21,,,,,,2/28/2022,,,P,61933,29,099,A,SO2.2010.Herculaneum,2/28/2026
MISSOURI,MO,New Madrid County,Sulfur Dioxide (2010),,"New Madrid County, MO",FALSE,,,,,,,,,,,,,,,,,,,,,,,,,,,,,,21,22,23,24,25,26,  -   -,Yes,,P,2,29,143,A,SO2.2010.New_Madrid_Co,2/28/2026
MISSOURI,MO,Platte County,1-Hour Ozone (1979),Revoked,"Kansas City, MO-KS",FALSE,,,,,,,,,,,,,,,,,,,,,,,,,,,,,,,,,,,,7/23/1992,,Other,W,89322,29,165,I,Ozone_1-hr.1990.Kansas_City,2/28/2026
MISSOURI,MO,Reynolds County,Lead (2008),,"Iron, Dent, and Reynolds Counties, MO",FALSE,,,,,,,,,,,,,,,,,,,10,11,12,13,14,15,16,17,18,19,20,21,22,23,24,25,26,  -   -,Yes,,P,101,29,179,A,Lead.2008.Iron,2/28/2026
MISSOURI,MO,St. Charles County,1-Hour Ozone (1979),Revoked,"St. Louis, MO-IL",FALSE,92,93,94,95,96,97,98,99,00,01,02,,,,,,,,,,,,,,,,,,,,,,,,,5/12/2003,,Serious,W,360485,29,183,D,Ozone_1-hr.1990.St_Louis,2/28/2026
MISSOURI,MO,St. Charles County,8-Hour Ozone (1997),Revoked,"St. Louis, MO-IL",FALSE,,,,,,,,,,,,,04,05,06,07,08,09,10,11,12,13,14,,,,,,,,,,,,,2/20/2015,,Moderate,W,360485,29,183,e,Ozone_8-hr.1997.St_Louis,2/28/2026
MISSOURI,MO,St. Charles County,8-Hour Ozone (2008),,"St. Louis-St. Charles-Farmington, MO-IL",FALSE,,,,,,,,,,,,,,,,,,,,,12,13,14,15,16,17,,,,,,,,,,9/20/2018,,Marginal,W,360485,29,183,f,Ozone_8-hr.2008.St_Louis,2/28/2026
MISSOURI,MO,St. Charles County,8-Hour Ozone (2015),,"St. Louis, MO-IL",FALSE,,,,,,,,,,,,,,,,,,,,,,,,,,,18,19,20,21,22,23,24,25,26,  -   -,Yes,Serious,W,360485,29,183,d,Ozone_8-hr.2015.St_Louis,2/28/2026
MISSOURI,MO,St. Charles County,PM-2.5 (1997),,"St. Louis, MO-IL",FALSE,,,,,,,,,,,,,,05,06,07,08,09,10,11,12,13,14,15,16,17,,,,,,,,,,10/2/2018,,Moderate,W,360485,29,183,e,PM-2.5.1997.St_Louis,2/28/2026
MISSOURI,MO,St. Louis County,1-Hour Ozone (1979),Revoked,"St. Louis, MO-IL",FALSE,92,93,94,95,96,97,98,99,00,01,02,,,,,,,,,,,,,,,,,,,,,,,,,5/12/2003,,Serious,W,998954,29,189,D,Ozone_1-hr.1990.St_Louis,2/28/2026
MISSOURI,MO,St. Louis County,8-Hour Ozone (1997),Revoked,"St. Louis, MO-IL",FALSE,,,,,,,,,,,,,04,05,06,07,08,09,10,11,12,13,14,,,,,,,,,,,,,2/20/2015,,Moderate,W,998954,29,189,e,Ozone_8-hr.1997.St_Louis,2/28/2026
MISSOURI,MO,St. Louis County,8-Hour Ozone (2008),,"St. Louis-St. Charles-Farmington, MO-IL",FALSE,,,,,,,,,,,,,,,,,,,,,12,13,14,15,16,17,,,,,,,,,,9/20/2018,,Marginal,W,998954,29,189,f,Ozone_8-hr.2008.St_Louis,2/28/2026
MISSOURI,MO,St. Louis County,8-Hour Ozone (2015),,"St. Louis, MO-IL",FALSE,,,,,,,,,,,,,,,,,,,,,,,,,,,18,19,20,21,22,23,24,25,26,  -   -,Yes,Serious,W,998954,29,189,d,Ozone_8-hr.2015.St_Louis,2/28/2026
MISSOURI,MO,St. Louis County,Carbon Monoxide (1971),,"St. Louis, MO",FALSE,92,93,94,95,96,97,98,,,,,,,,,,,,,,,,,,,,,,,,,,,,,3/29/1999,,Not Classified,P,908233,29,189,D,CO.1990.St_Louis,2/28/2026
MISSOURI,MO,St. Louis County,PM-2.5 (1997),,"St. Louis, MO-IL",FALSE,,,,,,,,,,,,,,05,06,07,08,09,10,11,12,13,14,15,16,17,,,,,,,,,,10/2/2018,,Moderate,W,998954,29,189,e,PM-2.5.1997.St_Louis,2/28/2026
MISSOURI,MO,St. Louis city,1-Hour Ozone (1979),Revoked,"St. Louis, MO-IL",FALSE,92,93,94,95,96,97,98,99,00,01,02,,,,,,,,,,,,,,,,,,,,,,,,,5/12/2003,,Serious,W,319294,29,510,D,Ozone_1-hr.1990.St_Louis,2/28/2026
MISSOURI,MO,St. Louis city,8-Hour Ozone (1997),Revoked,"St. Louis, MO-IL",FALSE,,,,,,,,,,,,,04,05,06,07,08,09,10,11,12,13,14,,,,,,,,,,,,,2/20/2015,,Moderate,W,319294,29,510,e,Ozone_8-hr.1997.St_Louis,2/28/2026
MISSOURI,MO,St. Louis city,8-Hour Ozone (2008),,"St. Louis-St. Charles-Farmington, MO-IL",FALSE,,,,,,,,,,,,,,,,,,,,,12,13,14,15,16,17,,,,,,,,,,9/20/2018,,Marginal,W,319294,29,510,f,Ozone_8-hr.2008.St_Louis,2/28/2026
MISSOURI,MO,St. Louis city,8-Hour Ozone (2015),,"St. Louis, MO-IL",FALSE,,,,,,,,,,,,,,,,,,,,,,,,,,,18,19,20,21,22,23,24,25,26,  -   -,Yes,Serious,W,319294,29,510,d,Ozone_8-hr.2015.St_Louis,2/28/2026
MISSOURI,MO,St. Louis city,Carbon Monoxide (1971),,"St. Louis, MO",FALSE,92,93,94,95,96,97,98,,,,,,,,,,,,,,,,,,,,,,,,,,,,,3/29/1999,,Not Classified,W,319294,29,510,D,CO.1990.St_Louis,2/28/2026
MISSOURI,MO,St. Louis city,PM-2.5 (1997),,"St. Louis, MO-IL",FALSE,,,,,,,,,,,,,,05,06,07,08,09,10,11,12,13,14,15,16,17,,,,,,,,,,10/2/2018,,Moderate,W,319294,29,510,e,PM-2.5.1997.St_Louis,2/28/2026
MONTANA,MT,Cascade County,Carbon Monoxide (1971),,"Great Falls, MT",FALSE,92,93,94,95,96,97,98,99,00,01,,,,,,,,,,,,,,,,,,,,,,,,,,7/8/2002,,Not Classified,P,57573,30,013,D,CO.1990.Great_Falls,2/28/2026
MONTANA,MT,Flathead County,PM-10 (1987),,"Flathead County; Columbia Falls and vicinity, MT",FALSE,92,93,94,95,96,97,98,99,00,01,02,03,04,05,06,07,08,09,10,11,12,13,14,15,16,17,18,19,,,,,,,,7/27/2020,,Moderate,P,4610,30,029,B,PM-10.1990.Columbia_Falls,2/28/2026
MONTANA,MT,Flathead County,PM-10 (1987),,"Flathead County; Kalispell and vicinity, MT",FALSE,92,93,94,95,96,97,98,99,00,01,02,03,04,05,06,07,08,09,10,11,12,13,14,15,16,17,18,19,,,,,,,,7/27/2020,,Moderate,P,18422,30,029,B,PM-10.1990.Kalispell,2/28/2026
MONTANA,MT,Flathead County,PM-10 (1987),,"Flathead County; Whitefish and vicinity, MT",FALSE,,93,94,95,96,97,98,99,00,01,02,03,04,05,06,07,08,09,10,11,12,13,14,15,16,17,18,19,20,21,,,,,,7/8/2022,,Moderate,P,6138,30,029,B,PM-10.1990.Whitefish,2/28/2026
MONTANA,MT,Lake County,PM-10 (1987),,"Lake County; Polson, MT",FALSE,92,93,94,95,96,97,98,99,00,01,02,03,04,05,06,07,08,09,10,11,12,13,14,15,16,17,18,19,20,21,22,23,24,25,26,  -   -,Yes,Moderate,P,4099,30,047,B,PM-10.1990.Polson,2/28/2026
MONTANA,MT,Lake County,PM-10 (1987),,"Lake County; Ronan, MT",FALSE,92,93,94,95,96,97,98,99,00,01,02,03,04,05,06,07,08,09,10,11,12,13,14,15,16,17,18,19,20,21,22,23,24,25,26,  -   -,Yes,Moderate,P,2734,30,047,B,PM-10.1990.Ronan,2/28/2026
MONTANA,MT,Lewis and Clark County,Lead (1978),,"Lewis & Clark County (part); City of East Helena and vicinity, MT",FALSE,92,93,94,95,96,97,98,99,00,01,02,03,04,05,06,07,08,09,10,11,12,13,14,15,16,17,18,,,,,,,,,10/11/2019,,,P,2669,30,049,A,Lead.1992.East_Helena,2/28/2026
MONTANA,MT,Lewis and Clark County,Sulfur Dioxide (1971),,"East Helena Area, MT",FALSE,92,93,94,95,96,97,98,99,00,01,02,03,04,05,06,07,08,09,10,11,12,13,14,15,16,17,18,,,,,,,,,10/11/2019,,"Primary, Secondary",P,2669,30,049,B,SO2.1978.East_Helena,2/28/2026
MONTANA,MT,Lincoln County,PM-10 (1987),,"Lincoln County; Libby and vicinity, MT",FALSE,92,93,94,95,96,97,98,99,00,01,02,03,04,05,06,07,08,09,10,11,12,13,14,15,16,17,18,19,,,,,,,,7/27/2020,,Moderate,P,3378,30,053,B,PM-10.1990.Libby,2/28/2026
MONTANA,MT,Lincoln County,PM-2.5 (1997),,"Libby, MT",FALSE,,,,,,,,,,,,,,05,06,07,08,09,10,11,12,13,14,15,16,17,18,19,20,21,22,,,,,8/23/2023,,Moderate,P,9429,30,053,e,PM-2.5.1997.Libby,2/28/2026
MONTANA,MT,Missoula County,Carbon Monoxide (1971),,"Missoula, MT",FALSE,92,93,94,95,96,97,98,99,00,01,02,03,04,05,06,,,,,,,,,,,,,,,,,,,,,9/17/2007,,Moderate <= 12.7ppm,P,59733,30,063,C,CO.1990.Missoula,2/28/2026
MONTANA,MT,Missoula County,PM-10 (1987),,"Missoula, MT",FALSE,92,93,94,95,96,97,98,99,00,01,02,03,04,05,06,07,08,09,10,11,12,13,14,15,16,17,18,,,,,,,,,6/24/2019,,Moderate,P,59733,30,063,B,PM-10.1990.Missoula,2/28/2026
MONTANA,MT,Rosebud County,PM-10 (1987),,"Rosebud County; Lame Deer, MT",FALSE,92,93,94,95,96,97,98,99,00,01,02,03,04,05,06,07,08,09,10,11,12,13,14,15,16,17,18,19,20,21,22,23,24,25,26,  -   -,Yes,Moderate,P,527,30,087,B,PM-10.1990.Lame_Deer,2/28/2026
MONTANA,MT,Sanders County,PM-10 (1987),,"Sanders County (part); Thompson Falls and vicinity, MT",FALSE,,,94,95,96,97,98,99,00,01,02,03,04,05,06,07,08,09,10,11,12,13,14,15,16,17,18,19,20,21,,,,,,7/8/2022,,Moderate,P,1317,30,089,B,PM-10.1990.Thompson_Falls,2/28/2026
MONTANA,MT,Silver Bow County,PM-10 (1987),,"Silver Bow County; Butte, MT",FALSE,92,93,94,95,96,97,98,99,00,01,02,03,04,05,06,07,08,09,10,11,12,13,14,15,16,17,18,19,20,,,,,,,7/26/2021,,Moderate,P,34201,30,093,B,PM-10.1990.Butte,2/28/2026
MONTANA,MT,Yellowstone County,Carbon Monoxide (1971),,"Billings, MT",FALSE,92,93,94,95,96,97,98,99,00,01,,,,,,,,,,,,,,,,,,,,,,,,,,4/22/2002,,Not Classified,P,104360,30,111,D,CO.1990.Billings,2/28/2026
MONTANA,MT,Yellowstone County,Sulfur Dioxide (1971),,"Laurel Area (Yellowstone County), MT",FALSE,92,93,94,95,96,97,98,99,00,01,02,03,04,05,06,07,08,09,10,11,12,13,14,15,16,17,18,19,20,21,22,23,24,25,26,  -   -,Yes,Primary,P,6525,30,111,A,SO2.1978.Laurel,2/28/2026
MONTANA,MT,Yellowstone County,Sulfur Dioxide (2010),,"Billings, MT",FALSE,,,,,,,,,,,,,,,,,,,,,,13,14,15,,,,,,,,,,,,6/9/2016,,,P,2621,30,111,A,SO2.2010.Billings,2/28/2026
NEBRASKA,NE,Douglas County,Lead (1978),,"Douglas County (part); Portion of city of Omaha, NE",FALSE,92,93,94,95,96,97,98,99,00,,,,,,,,,,,,,,,,,,,,,,,,,,,6/19/2001,,,P,1242,31,055,A,Lead.1992.Omaha,2/28/2026
NEVADA,NV,Carson City,Carbon Monoxide (1971),,"Lake Tahoe, NV",FALSE,92,93,94,95,96,97,98,99,00,01,02,03,,,,,,,,,,,,,,,,,,,,,,,,2/13/2004,,Not Classified,P,10342,32,510,D,CO.1990.Lake_Tahoe,2/28/2026
NEVADA,NV,Clark County,8-Hour Ozone (1997),Revoked,"Las Vegas, NV",FALSE,,,,,,,,,,,,,04,05,06,07,08,09,10,11,12,,,,,,,,,,,,,,,2/7/2013,,Marginal,P,1918819,32,003,f,Ozone_8-hr.1997.Las_Vegas,2/28/2026
NEVADA,NV,Clark County,8-Hour Ozone (2015),,"Las Vegas, NV",FALSE,,,,,,,,,,,,,,,,,,,,,,,,,,,18,19,20,21,22,23,24,25,26,  -   -,Yes,Serious,P,1892250,32,003,d,Ozone_8-hr.2015.Las_Vegas,2/28/2026
NEVADA,NV,Clark County,Carbon Monoxide (1971),,"Las Vegas, NV",FALSE,92,93,94,95,96,97,98,99,00,01,02,03,04,05,06,07,08,09,,,,,,,,,,,,,,,,,,9/27/2010,,Serious,P,679034,32,003,A,CO.1990.Las_Vegas,2/28/2026
NEVADA,NV,Clark County,PM-10 (1987),,"Clark County; Las Vegas planning area, NV",FALSE,92,93,94,95,96,97,98,99,00,01,02,03,04,05,06,07,08,09,10,11,12,13,,,,,,,,,,,,,,11/5/2014,,Serious,P,1951248,32,003,A,PM-10.1990.Las_Vegas,2/28/2026
NEVADA,NV,Douglas County,Carbon Monoxide (1971),,"Lake Tahoe, NV",FALSE,92,93,94,95,96,97,98,99,00,01,02,03,,,,,,,,,,,,,,,,,,,,,,,,2/13/2004,,Not Classified,P,10401,32,005,D,CO.1990.Lake_Tahoe,2/28/2026
NEVADA,NV,Washoe County,1-Hour Ozone (1979),Revoked,"Reno, NV",FALSE,92,93,94,95,96,97,98,99,00,01,02,03,04,,,,,,,,,,,,,,,,,,,,,,,  -   -,Yes,Marginal,W,421407,32,031,G,Ozone_1-hr.1990.Reno,2/28/2026
NEVADA,NV,Washoe County,Carbon Monoxide (1971),,"Lake Tahoe, NV",FALSE,92,93,94,95,96,97,98,99,00,01,02,03,,,,,,,,,,,,,,,,,,,,,,,,2/13/2004,,Not Classified,P,12516,32,031,D,CO.1990.Lake_Tahoe,2/28/2026
NEVADA,NV,Washoe County,Carbon Monoxide (1971),,"Reno, NV",FALSE,92,93,94,95,96,97,98,99,00,01,02,03,04,05,06,07,,,,,,,,,,,,,,,,,,,,8/4/2008,,Moderate <= 12.7ppm,P,221743,32,031,C,CO.1990.Reno,2/28/2026
NEVADA,NV,Washoe County,PM-10 (1987),,"Washoe County; Reno planning area, NV",FALSE,,,,,,,,,,01,02,03,04,05,06,07,08,09,10,11,12,13,14,15,,,,,,,,,,,,1/7/2016,,Serious,P,421404,32,031,A,PM-10.1990.Reno,2/28/2026
NEVADA,NV,White Pine County,Sulfur Dioxide (1971),,"Central Steptoe Valley, NV",FALSE,92,93,94,95,96,97,98,99,00,01,,,,,,,,,,,,,,,,,,,,,,,,,,6/11/2002,,Primary,P,2165,32,033,A,SO2.1978.Central_Steptoe_Valley,2/28/2026
NEW HAMPSHIRE,NH,Cheshire County,1-Hour Ozone (1979),Revoked,"Cheshire County, NH",FALSE,92,93,94,95,96,97,98,99,00,01,02,03,04,,,,,,,,,,,,,,,,,,,,,,,  -   -,Yes,Incomplete Data,W,77117,33,005,K,Ozone_1-hr.1990.Cheshire_Co,2/28/2026
NEW HAMPSHIRE,NH,Hillsborough County,1-Hour Ozone (1979),Revoked,"Boston-Lawrence-Worcester (E. Mass), MA-NH",FALSE,92,93,94,95,96,97,98,99,00,01,02,03,04,,,,,,,,,,,,,,,,,,,,,,,  -   -,Yes,Serious,P,202700,33,011,D,Ozone_1-hr.1990.Boston,2/28/2026
NEW HAMPSHIRE,NH,Hillsborough County,1-Hour Ozone (1979),Revoked,"Manchester, NH",FALSE,92,93,94,95,96,97,98,99,00,01,02,03,04,,,,,,,,,,,,,,,,,,,,,,,  -   -,Yes,Marginal,P,198021,33,011,G,Ozone_1-hr.1990.Manchester,2/28/2026
NEW HAMPSHIRE,NH,Hillsborough County,8-Hour Ozone (1997),Revoked,"Boston-Manchester-Portsmouth (SE), NH",FALSE,,,,,,,,,,,,,04,05,06,07,08,09,10,11,12,,,,,,,,,,,,,,,3/4/2013,,Moderate,P,347992,33,011,e,Ozone_8-hr.1997.Boston_NH,2/28/2026
NEW HAMPSHIRE,NH,Hillsborough County,Carbon Monoxide (1971),,"Manchester, NH",FALSE,92,93,94,95,96,97,98,99,00,,,,,,,,,,,,,,,,,,,,,,,,,,,1/29/2001,,Not Classified,P,109565,33,011,D,CO.1990.Manchester,2/28/2026
NEW HAMPSHIRE,NH,Hillsborough County,Carbon Monoxide (1971),,"Nashua, NH",FALSE,92,93,94,95,96,97,98,99,00,,,,,,,,,,,,,,,,,,,,,,,,,,,1/29/2001,,Not Classified,P,86494,33,011,D,CO.1990.Nashua,2/28/2026
NEW HAMPSHIRE,NH,Hillsborough County,Sulfur Dioxide (2010),,"Central New Hampshire, NH",FALSE,,,,,,,,,,,,,,,,,,,,,,13,14,15,16,17,18,,,,,,,,,9/20/2019,,,P,17651,33,011,A,SO2.2010.Concord,2/28/2026
NEW HAMPSHIRE,NH,Merrimack County,1-Hour Ozone (1979),Revoked,"Manchester, NH",FALSE,92,93,94,95,96,97,98,99,00,01,02,03,04,,,,,,,,,,,,,,,,,,,,,,,  -   -,Yes,Marginal,W,146445,33,013,G,Ozone_1-hr.1990.Manchester,2/28/2026
NEW HAMPSHIRE,NH,Merrimack County,8-Hour Ozone (1997),Revoked,"Boston-Manchester-Portsmouth (SE), NH",FALSE,,,,,,,,,,,,,04,05,06,07,08,09,10,11,12,,,,,,,,,,,,,,,3/4/2013,,Moderate,P,15013,33,013,e,Ozone_8-hr.1997.Boston_NH,2/28/2026
NEW HAMPSHIRE,NH,Merrimack County,Sulfur Dioxide (2010),,"Central New Hampshire, NH",FALSE,,,,,,,,,,,,,,,,,,,,,,13,14,15,16,17,18,,,,,,,,,9/20/2019,,,P,94372,33,013,A,SO2.2010.Concord,2/28/2026
NEW HAMPSHIRE,NH,Rockingham County,1-Hour Ozone (1979),Revoked,"Boston-Lawrence-Worcester (E. Mass), MA-NH",FALSE,92,93,94,95,96,97,98,99,00,01,02,03,04,,,,,,,,,,,,,,,,,,,,,,,  -   -,Yes,Serious,P,164200,33,015,D,Ozone_1-hr.1990.Boston,2/28/2026
NEW HAMPSHIRE,NH,Rockingham County,1-Hour Ozone (1979),Revoked,"Manchester, NH",FALSE,92,93,94,95,96,97,98,99,00,01,02,03,04,,,,,,,,,,,,,,,,,,,,,,,  -   -,Yes,Marginal,P,47768,33,015,G,Ozone_1-hr.1990.Manchester,2/28/2026
NEW HAMPSHIRE,NH,Rockingham County,1-Hour Ozone (1979),Revoked,"Portsmouth-Dover-Rochester, NH",FALSE,92,93,94,95,96,97,98,99,00,01,02,03,04,,,,,,,,,,,,,,,,,,,,,,,  -   -,Yes,Serious,P,83255,33,015,D,Ozone_1-hr.1990.Portsmouth,2/28/2026
NEW HAMPSHIRE,NH,Rockingham County,8-Hour Ozone (1997),Revoked,"Boston-Manchester-Portsmouth (SE), NH",FALSE,,,,,,,,,,,,,04,05,06,07,08,09,10,11,12,,,,,,,,,,,,,,,3/4/2013,,Moderate,P,286035,33,015,e,Ozone_8-hr.1997.Boston_NH,2/28/2026
NEW HAMPSHIRE,NH,Rockingham County,Sulfur Dioxide (2010),,"Central New Hampshire, NH",FALSE,,,,,,,,,,,,,,,,,,,,,,13,14,15,16,17,18,,,,,,,,,9/20/2019,,,P,12430,33,015,A,SO2.2010.Concord,2/28/2026
NEW HAMPSHIRE,NH,Strafford County,1-Hour Ozone (1979),Revoked,"Portsmouth-Dover-Rochester, NH",FALSE,92,93,94,95,96,97,98,99,00,01,02,03,04,,,,,,,,,,,,,,,,,,,,,,,  -   -,Yes,Serious,W,123143,33,017,D,Ozone_1-hr.1990.Portsmouth,2/28/2026
NEW HAMPSHIRE,NH,Strafford County,8-Hour Ozone (1997),Revoked,"Boston-Manchester-Portsmouth (SE), NH",FALSE,,,,,,,,,,,,,04,05,06,07,08,09,10,11,12,,,,,,,,,,,,,,,3/4/2013,,Moderate,P,91516,33,017,e,Ozone_8-hr.1997.Boston_NH,2/28/2026
NEW JERSEY,NJ,Atlantic County,1-Hour Ozone (1979),Revoked,"Atlantic City, NJ",FALSE,92,93,94,95,96,97,98,99,00,01,02,03,04,,,,,,,,,,,,,,,,,,,,,,,  -   -,Yes,Moderate,W,274549,34,001,E,Ozone_1-hr.1990.Atlantic_City,2/28/2026
NEW JERSEY,NJ,Atlantic County,8-Hour Ozone (1997),Revoked,"Philadelphia-Wilmington-Atlantic City, PA-NJ-MD-DE",FALSE,,,,,,,,,,,,,04,05,06,07,08,09,10,11,12,13,14,,,,,,,,,,,,,  -   -,Yes,Moderate,W,274549,34,001,e,Ozone_8-hr.1997.Philadelphia,2/28/2026
NEW JERSEY,NJ,Atlantic County,8-Hour Ozone (2008),,"Philadelphia-Wilmington-Atlantic City, PA-NJ-MD-DE",FALSE,,,,,,,,,,,,,,,,,,,,,12,13,14,15,16,17,18,19,20,21,22,23,24,25,26,  -   -,Yes,Marginal,W,274549,34,001,f,Ozone_8-hr.2008.Philadelphia,2/28/2026
NEW JERSEY,NJ,Atlantic County,8-Hour Ozone (2015),,"Philadelphia-Wilmington-Atlantic City, PA-NJ-MD-DE",FALSE,,,,,,,,,,,,,,,,,,,,,,,,,,,18,19,20,21,22,23,24,25,26,  -   -,Yes,Serious,W,274549,34,001,d,Ozone_8-hr.2015.Philadelphia,2/28/2026
NEW JERSEY,NJ,Atlantic County,Carbon Monoxide (1971),,"Atlantic City, NJ",FALSE,92,93,94,95,,,,,,,,,,,,,,,,,,,,,,,,,,,,,,,,2/5/1996,,Not Classified,P,44944,34,001,D,CO.1990.Atlantic_City,2/28/2026
NEW JERSEY,NJ,Bergen County,1-Hour Ozone (1979),Revoked,"New York-N. New Jersey-Long Island, NY-NJ-CT",FALSE,92,93,94,95,96,97,98,99,00,01,02,03,04,,,,,,,,,,,,,,,,,,,,,,,  -   -,Yes,Severe-17,W,905116,34,003,B,Ozone_1-hr.1990.New_York,2/28/2026
NEW JERSEY,NJ,Bergen County,8-Hour Ozone (1997),Revoked,"New York-N. New Jersey-Long Island, NY-NJ-CT",FALSE,,,,,,,,,,,,,04,05,06,07,08,09,10,11,12,13,14,,,,,,,,,,,,,  -   -,Yes,Moderate,W,905116,34,003,e,Ozone_8-hr.1997.New_York,2/28/2026
NEW JERSEY,NJ,Bergen County,8-Hour Ozone (2008),,"New York-N. New Jersey-Long Island, NY-NJ-CT",FALSE,,,,,,,,,,,,,,,,,,,,,12,13,14,15,16,17,18,19,20,21,22,23,24,25,26,  -   -,Yes,Severe 15,W,905116,34,003,c,Ozone_8-hr.2008.New_York,2/28/2026
NEW JERSEY,NJ,Bergen County,8-Hour Ozone (2015),,"New York-Northern New Jersey-Long Island, NY-NJ-CT",FALSE,,,,,,,,,,,,,,,,,,,,,,,,,,,18,19,20,21,22,23,24,25,26,  -   -,Yes,Serious,W,905116,34,003,d,Ozone_8-hr.2015.New_York,2/28/2026
NEW JERSEY,NJ,Bergen County,Carbon Monoxide (1971),,"New York-N. New Jersey-Long Island, NY-NJ-CT",FALSE,92,93,94,95,96,97,98,99,00,01,,,,,,,,,,,,,,,,,,,,,,,,,,10/22/2002,,Moderate > 12.7ppm,W,905116,34,003,B,CO.1990.New_York,2/28/2026
NEW JERSEY,NJ,Bergen County,PM-2.5 (1997),,"New York-N. New Jersey-Long Island, NY-NJ-CT",FALSE,,,,,,,,,,,,,,05,06,07,08,09,10,11,12,,,,,,,,,,,,,,,9/4/2013,,Former Subpart 1,W,905116,34,003,g,PM-2.5.1997.New_York,2/28/2026
NEW JERSEY,NJ,Bergen County,PM-2.5 (2006),,"New York-N. New Jersey-Long Island, NY-NJ-CT",FALSE,,,,,,,,,,,,,,,,,,09,10,11,12,,,,,,,,,,,,,,,9/4/2013,,Former Subpart 1,W,905116,34,003,g,PM-2.5.2006.New_York,2/28/2026
NEW JERSEY,NJ,Burlington County,1-Hour Ozone (1979),Revoked,"Philadelphia-Wilmington-Trenton, PA-NJ-DE-MD",FALSE,92,93,94,95,96,97,98,99,00,01,02,03,04,,,,,,,,,,,,,,,,,,,,,,,  -   -,Yes,Severe-15,W,448734,34,005,C,Ozone_1-hr.1990.Philadelphia,2/28/2026
NEW JERSEY,NJ,Burlington County,8-Hour Ozone (1997),Revoked,"Philadelphia-Wilmington-Atlantic City, PA-NJ-MD-DE",FALSE,,,,,,,,,,,,,04,05,06,07,08,09,10,11,12,13,14,,,,,,,,,,,,,  -   -,Yes,Moderate,W,448734,34,005,e,Ozone_8-hr.1997.Philadelphia,2/28/2026
NEW JERSEY,NJ,Burlington County,8-Hour Ozone (2008),,"Philadelphia-Wilmington-Atlantic City, PA-NJ-MD-DE",FALSE,,,,,,,,,,,,,,,,,,,,,12,13,14,15,16,17,18,19,20,21,22,23,24,25,26,  -   -,Yes,Marginal,W,448734,34,005,f,Ozone_8-hr.2008.Philadelphia,2/28/2026
NEW JERSEY,NJ,Burlington County,8-Hour Ozone (2015),,"Philadelphia-Wilmington-Atlantic City, PA-NJ-MD-DE",FALSE,,,,,,,,,,,,,,,,,,,,,,,,,,,18,19,20,21,22,23,24,25,26,  -   -,Yes,Serious,W,448734,34,005,d,Ozone_8-hr.2015.Philadelphia,2/28/2026
NEW JERSEY,NJ,Burlington County,Carbon Monoxide (1971),,"Burlington, NJ",FALSE,92,93,94,95,,,,,,,,,,,,,,,,,,,,,,,,,,,,,,,,2/5/1996,,Not Classified,P,10993,34,005,D,CO.1990.Burlington,2/28/2026
NEW JERSEY,NJ,Burlington County,PM-2.5 (1997),,"Philadelphia-Wilmington, PA-NJ-DE",FALSE,,,,,,,,,,,,,,05,06,07,08,09,10,11,12,,,,,,,,,,,,,,,9/4/2013,,Former Subpart 1,W,448734,34,005,g,PM-2.5.1997.Philadelphia,2/28/2026
NEW JERSEY,NJ,Burlington County,PM-2.5 (2006),,"Philadelphia-Wilmington, PA-NJ-DE",FALSE,,,,,,,,,,,,,,,,,,09,10,11,12,,,,,,,,,,,,,,,9/4/2013,,Former Subpart 1,W,448734,34,005,g,PM-2.5.2006.Philadelphia,2/28/2026
NEW JERSEY,NJ,Camden County,1-Hour Ozone (1979),Revoked,"Philadelphia-Wilmington-Trenton, PA-NJ-DE-MD",FALSE,92,93,94,95,96,97,98,99,00,01,02,03,04,,,,,,,,,,,,,,,,,,,,,,,  -   -,Yes,Severe-15,W,513657,34,007,C,Ozone_1-hr.1990.Philadelphia,2/28/2026
NEW JERSEY,NJ,Camden County,8-Hour Ozone (1997),Revoked,"Philadelphia-Wilmington-Atlantic City, PA-NJ-MD-DE",FALSE,,,,,,,,,,,,,04,05,06,07,08,09,10,11,12,13,14,,,,,,,,,,,,,  -   -,Yes,Moderate,W,513657,34,007,e,Ozone_8-hr.1997.Philadelphia,2/28/2026
NEW JERSEY,NJ,Camden County,8-Hour Ozone (2008),,"Philadelphia-Wilmington-Atlantic City, PA-NJ-MD-DE",FALSE,,,,,,,,,,,,,,,,,,,,,12,13,14,15,16,17,18,19,20,21,22,23,24,25,26,  -   -,Yes,Marginal,W,513657,34,007,f,Ozone_8-hr.2008.Philadelphia,2/28/2026
NEW JERSEY,NJ,Camden County,8-Hour Ozone (2015),,"Philadelphia-Wilmington-Atlantic City, PA-NJ-MD-DE",FALSE,,,,,,,,,,,,,,,,,,,,,,,,,,,18,19,20,21,22,23,24,25,26,  -   -,Yes,Serious,W,513657,34,007,d,Ozone_8-hr.2015.Philadelphia,2/28/2026
NEW JERSEY,NJ,Camden County,Carbon Monoxide (1971),,"Philadelphia-Camden County, PA-NJ",FALSE,92,93,94,95,,,,,,,,,,,,,,,,,,,,,,,,,,,,,,,,2/5/1996,,Moderate <= 12.7ppm,W,513657,34,007,C,CO.1990.Philadelphia,2/28/2026
NEW JERSEY,NJ,Camden County,PM-2.5 (1997),,"Philadelphia-Wilmington, PA-NJ-DE",FALSE,,,,,,,,,,,,,,05,06,07,08,09,10,11,12,,,,,,,,,,,,,,,9/4/2013,,Former Subpart 1,W,513657,34,007,g,PM-2.5.1997.Philadelphia,2/28/2026
NEW JERSEY,NJ,Camden County,PM-2.5 (2006),,"Philadelphia-Wilmington, PA-NJ-DE",FALSE,,,,,,,,,,,,,,,,,,09,10,11,12,,,,,,,,,,,,,,,9/4/2013,,Former Subpart 1,W,513657,34,007,g,PM-2.5.2006.Philadelphia,2/28/2026
NEW JERSEY,NJ,Cape May County,1-Hour Ozone (1979),Revoked,"Atlantic City, NJ",FALSE,92,93,94,95,96,97,98,99,00,01,02,03,04,,,,,,,,,,,,,,,,,,,,,,,  -   -,Yes,Moderate,W,97265,34,009,E,Ozone_1-hr.1990.Atlantic_City,2/28/2026
NEW JERSEY,NJ,Cape May County,8-Hour Ozone (1997),Revoked,"Philadelphia-Wilmington-Atlantic City, PA-NJ-MD-DE",FALSE,,,,,,,,,,,,,04,05,06,07,08,09,10,11,12,13,14,,,,,,,,,,,,,  -   -,Yes,Moderate,W,97265,34,009,e,Ozone_8-hr.1997.Philadelphia,2/28/2026
NEW JERSEY,NJ,Cape May County,8-Hour Ozone (2008),,"Philadelphia-Wilmington-Atlantic City, PA-NJ-MD-DE",FALSE,,,,,,,,,,,,,,,,,,,,,12,13,14,15,16,17,18,19,20,21,22,23,24,25,26,  -   -,Yes,Marginal,W,97265,34,009,f,Ozone_8-hr.2008.Philadelphia,2/28/2026
NEW JERSEY,NJ,Cape May County,8-Hour Ozone (2015),,"Philadelphia-Wilmington-Atlantic City, PA-NJ-MD-DE",FALSE,,,,,,,,,,,,,,,,,,,,,,,,,,,18,19,20,21,22,23,24,25,26,  -   -,Yes,Serious,W,97265,34,009,d,Ozone_8-hr.2015.Philadelphia,2/28/2026
NEW JERSEY,NJ,Cumberland County,1-Hour Ozone (1979),Revoked,"Philadelphia-Wilmington-Trenton, PA-NJ-DE-MD",FALSE,92,93,94,95,96,97,98,99,00,01,02,03,04,,,,,,,,,,,,,,,,,,,,,,,  -   -,Yes,Severe-15,W,156898,34,011,C,Ozone_1-hr.1990.Philadelphia,2/28/2026
NEW JERSEY,NJ,Cumberland County,8-Hour Ozone (1997),Revoked,"Philadelphia-Wilmington-Atlantic City, PA-NJ-MD-DE",FALSE,,,,,,,,,,,,,04,05,06,07,08,09,10,11,12,13,14,,,,,,,,,,,,,  -   -,Yes,Moderate,W,156898,34,011,e,Ozone_8-hr.1997.Philadelphia,2/28/2026
NEW JERSEY,NJ,Cumberland County,8-Hour Ozone (2008),,"Philadelphia-Wilmington-Atlantic City, PA-NJ-MD-DE",FALSE,,,,,,,,,,,,,,,,,,,,,12,13,14,15,16,17,18,19,20,21,22,23,24,25,26,  -   -,Yes,Marginal,W,156898,34,011,f,Ozone_8-hr.2008.Philadelphia,2/28/2026
NEW JERSEY,NJ,Cumberland County,8-Hour Ozone (2015),,"Philadelphia-Wilmington-Atlantic City, PA-NJ-MD-DE",FALSE,,,,,,,,,,,,,,,,,,,,,,,,,,,18,19,20,21,22,23,24,25,26,  -   -,Yes,Serious,W,156898,34,011,d,Ozone_8-hr.2015.Philadelphia,2/28/2026
NEW JERSEY,NJ,Essex County,1-Hour Ozone (1979),Revoked,"New York-N. New Jersey-Long Island, NY-NJ-CT",FALSE,92,93,94,95,96,97,98,99,00,01,02,03,04,,,,,,,,,,,,,,,,,,,,,,,  -   -,Yes,Severe-17,W,783969,34,013,B,Ozone_1-hr.1990.New_York,2/28/2026
NEW JERSEY,NJ,Essex County,8-Hour Ozone (1997),Revoked,"New York-N. New Jersey-Long Island, NY-NJ-CT",FALSE,,,,,,,,,,,,,04,05,06,07,08,09,10,11,12,13,14,,,,,,,,,,,,,  -   -,Yes,Moderate,W,783969,34,013,e,Ozone_8-hr.1997.New_York,2/28/2026
NEW JERSEY,NJ,Essex County,8-Hour Ozone (2008),,"New York-N. New Jersey-Long Island, NY-NJ-CT",FALSE,,,,,,,,,,,,,,,,,,,,,12,13,14,15,16,17,18,19,20,21,22,23,24,25,26,  -   -,Yes,Severe 15,W,783969,34,013,c,Ozone_8-hr.2008.New_York,2/28/2026
NEW JERSEY,NJ,Essex County,8-Hour Ozone (2015),,"New York-Northern New Jersey-Long Island, NY-NJ-CT",FALSE,,,,,,,,,,,,,,,,,,,,,,,,,,,18,19,20,21,22,23,24,25,26,  -   -,Yes,Serious,W,783969,34,013,d,Ozone_8-hr.2015.New_York,2/28/2026
NEW JERSEY,NJ,Essex County,Carbon Monoxide (1971),,"New York-N. New Jersey-Long Island, NY-NJ-CT",FALSE,92,93,94,95,96,97,98,99,00,01,,,,,,,,,,,,,,,,,,,,,,,,,,10/22/2002,,Moderate > 12.7ppm,W,783969,34,013,B,CO.1990.New_York,2/28/2026
NEW JERSEY,NJ,Essex County,PM-2.5 (1997),,"New York-N. New Jersey-Long Island, NY-NJ-CT",FALSE,,,,,,,,,,,,,,05,06,07,08,09,10,11,12,,,,,,,,,,,,,,,9/4/2013,,Former Subpart 1,W,783969,34,013,g,PM-2.5.1997.New_York,2/28/2026
NEW JERSEY,NJ,Essex County,PM-2.5 (2006),,"New York-N. New Jersey-Long Island, NY-NJ-CT",FALSE,,,,,,,,,,,,,,,,,,09,10,11,12,,,,,,,,,,,,,,,9/4/2013,,Former Subpart 1,W,783969,34,013,g,PM-2.5.2006.New_York,2/28/2026
NEW JERSEY,NJ,Gloucester County,1-Hour Ozone (1979),Revoked,"Philadelphia-Wilmington-Trenton, PA-NJ-DE-MD",FALSE,92,93,94,95,96,97,98,99,00,01,02,03,04,,,,,,,,,,,,,,,,,,,,,,,  -   -,Yes,Severe-15,W,288288,34,015,C,Ozone_1-hr.1990.Philadelphia,2/28/2026
NEW JERSEY,NJ,Gloucester County,8-Hour Ozone (1997),Revoked,"Philadelphia-Wilmington-Atlantic City, PA-NJ-MD-DE",FALSE,,,,,,,,,,,,,04,05,06,07,08,09,10,11,12,13,14,,,,,,,,,,,,,  -   -,Yes,Moderate,W,288288,34,015,e,Ozone_8-hr.1997.Philadelphia,2/28/2026
NEW JERSEY,NJ,Gloucester County,8-Hour Ozone (2008),,"Philadelphia-Wilmington-Atlantic City, PA-NJ-MD-DE",FALSE,,,,,,,,,,,,,,,,,,,,,12,13,14,15,16,17,18,19,20,21,22,23,24,25,26,  -   -,Yes,Marginal,W,288288,34,015,f,Ozone_8-hr.2008.Philadelphia,2/28/2026
NEW JERSEY,NJ,Gloucester County,8-Hour Ozone (2015),,"Philadelphia-Wilmington-Atlantic City, PA-NJ-MD-DE",FALSE,,,,,,,,,,,,,,,,,,,,,,,,,,,18,19,20,21,22,23,24,25,26,  -   -,Yes,Serious,W,288288,34,015,d,Ozone_8-hr.2015.Philadelphia,2/28/2026
NEW JERSEY,NJ,Gloucester County,PM-2.5 (1997),,"Philadelphia-Wilmington, PA-NJ-DE",FALSE,,,,,,,,,,,,,,05,06,07,08,09,10,11,12,,,,,,,,,,,,,,,9/4/2013,,Former Subpart 1,W,288288,34,015,g,PM-2.5.1997.Philadelphia,2/28/2026
NEW JERSEY,NJ,Gloucester County,PM-2.5 (2006),,"Philadelphia-Wilmington, PA-NJ-DE",FALSE,,,,,,,,,,,,,,,,,,09,10,11,12,,,,,,,,,,,,,,,9/4/2013,,Former Subpart 1,W,288288,34,015,g,PM-2.5.2006.Philadelphia,2/28/2026
NEW JERSEY,NJ,Hudson County,1-Hour Ozone (1979),Revoked,"New York-N. New Jersey-Long Island, NY-NJ-CT",FALSE,92,93,94,95,96,97,98,99,00,01,02,03,04,,,,,,,,,,,,,,,,,,,,,,,  -   -,Yes,Severe-17,W,634266,34,017,B,Ozone_1-hr.1990.New_York,2/28/2026
NEW JERSEY,NJ,Hudson County,8-Hour Ozone (1997),Revoked,"New York-N. New Jersey-Long Island, NY-NJ-CT",FALSE,,,,,,,,,,,,,04,05,06,07,08,09,10,11,12,13,14,,,,,,,,,,,,,  -   -,Yes,Moderate,W,634266,34,017,e,Ozone_8-hr.1997.New_York,2/28/2026
NEW JERSEY,NJ,Hudson County,8-Hour Ozone (2008),,"New York-N. New Jersey-Long Island, NY-NJ-CT",FALSE,,,,,,,,,,,,,,,,,,,,,12,13,14,15,16,17,18,19,20,21,22,23,24,25,26,  -   -,Yes,Severe 15,W,634266,34,017,c,Ozone_8-hr.2008.New_York,2/28/2026
NEW JERSEY,NJ,Hudson County,8-Hour Ozone (2015),,"New York-Northern New Jersey-Long Island, NY-NJ-CT",FALSE,,,,,,,,,,,,,,,,,,,,,,,,,,,18,19,20,21,22,23,24,25,26,  -   -,Yes,Serious,W,634266,34,017,d,Ozone_8-hr.2015.New_York,2/28/2026
NEW JERSEY,NJ,Hudson County,Carbon Monoxide (1971),,"New York-N. New Jersey-Long Island, NY-NJ-CT",FALSE,92,93,94,95,96,97,98,99,00,01,,,,,,,,,,,,,,,,,,,,,,,,,,10/22/2002,,Moderate > 12.7ppm,W,634266,34,017,B,CO.1990.New_York,2/28/2026
NEW JERSEY,NJ,Hudson County,PM-2.5 (1997),,"New York-N. New Jersey-Long Island, NY-NJ-CT",FALSE,,,,,,,,,,,,,,05,06,07,08,09,10,11,12,,,,,,,,,,,,,,,9/4/2013,,Former Subpart 1,W,634266,34,017,g,PM-2.5.1997.New_York,2/28/2026
NEW JERSEY,NJ,Hudson County,PM-2.5 (2006),,"New York-N. New Jersey-Long Island, NY-NJ-CT",FALSE,,,,,,,,,,,,,,,,,,09,10,11,12,,,,,,,,,,,,,,,9/4/2013,,Former Subpart 1,W,634266,34,017,g,PM-2.5.2006.New_York,2/28/2026
NEW JERSEY,NJ,Hunterdon County,1-Hour Ozone (1979),Revoked,"New York-N. New Jersey-Long Island, NY-NJ-CT",FALSE,92,93,94,95,96,97,98,99,00,01,02,03,04,,,,,,,,,,,,,,,,,,,,,,,  -   -,Yes,Severe-17,W,128349,34,019,B,Ozone_1-hr.1990.New_York,2/28/2026
NEW JERSEY,NJ,Hunterdon County,8-Hour Ozone (1997),Revoked,"New York-N. New Jersey-Long Island, NY-NJ-CT",FALSE,,,,,,,,,,,,,04,05,06,07,08,09,10,11,12,13,14,,,,,,,,,,,,,  -   -,Yes,Moderate,W,128349,34,019,e,Ozone_8-hr.1997.New_York,2/28/2026
NEW JERSEY,NJ,Hunterdon County,8-Hour Ozone (2008),,"New York-N. New Jersey-Long Island, NY-NJ-CT",FALSE,,,,,,,,,,,,,,,,,,,,,12,13,14,15,16,17,18,19,20,21,22,23,24,25,26,  -   -,Yes,Severe 15,W,128349,34,019,c,Ozone_8-hr.2008.New_York,2/28/2026
NEW JERSEY,NJ,Hunterdon County,8-Hour Ozone (2015),,"New York-Northern New Jersey-Long Island, NY-NJ-CT",FALSE,,,,,,,,,,,,,,,,,,,,,,,,,,,18,19,20,21,22,23,24,25,26,  -   -,Yes,Serious,W,128349,34,019,d,Ozone_8-hr.2015.New_York,2/28/2026
NEW JERSEY,NJ,Mercer County,1-Hour Ozone (1979),Revoked,"Philadelphia-Wilmington-Trenton, PA-NJ-DE-MD",FALSE,92,93,94,95,96,97,98,99,00,01,02,03,04,,,,,,,,,,,,,,,,,,,,,,,  -   -,Yes,Severe-15,W,366513,34,021,C,Ozone_1-hr.1990.Philadelphia,2/28/2026
NEW JERSEY,NJ,Mercer County,8-Hour Ozone (1997),Revoked,"Philadelphia-Wilmington-Atlantic City, PA-NJ-MD-DE",FALSE,,,,,,,,,,,,,04,05,06,07,08,09,10,11,12,13,14,,,,,,,,,,,,,  -   -,Yes,Moderate,W,366513,34,021,e,Ozone_8-hr.1997.Philadelphia,2/28/2026
NEW JERSEY,NJ,Mercer County,8-Hour Ozone (2008),,"Philadelphia-Wilmington-Atlantic City, PA-NJ-MD-DE",FALSE,,,,,,,,,,,,,,,,,,,,,12,13,14,15,16,17,18,19,20,21,22,23,24,25,26,  -   -,Yes,Marginal,W,366513,34,021,f,Ozone_8-hr.2008.Philadelphia,2/28/2026
NEW JERSEY,NJ,Mercer County,8-Hour Ozone (2015),,"Philadelphia-Wilmington-Atlantic City, PA-NJ-MD-DE",FALSE,,,,,,,,,,,,,,,,,,,,,,,,,,,18,19,20,21,22,23,24,25,26,  -   -,Yes,Serious,W,366513,34,021,d,Ozone_8-hr.2015.Philadelphia,2/28/2026
NEW JERSEY,NJ,Mercer County,Carbon Monoxide (1971),,"Trenton, NJ",FALSE,92,93,94,95,,,,,,,,,,,,,,,,,,,,,,,,,,,,,,,,2/5/1996,,Not Classified,P,97712,34,021,D,CO.1990.Trenton,2/28/2026
NEW JERSEY,NJ,Mercer County,PM-2.5 (1997),,"New York-N. New Jersey-Long Island, NY-NJ-CT",FALSE,,,,,,,,,,,,,,05,06,07,08,09,10,11,12,,,,,,,,,,,,,,,9/4/2013,,Former Subpart 1,W,366513,34,021,g,PM-2.5.1997.New_York,2/28/2026
NEW JERSEY,NJ,Mercer County,PM-2.5 (2006),,"New York-N. New Jersey-Long Island, NY-NJ-CT",FALSE,,,,,,,,,,,,,,,,,,09,10,11,12,,,,,,,,,,,,,,,9/4/2013,,Former Subpart 1,W,366513,34,021,g,PM-2.5.2006.New_York,2/28/2026
NEW JERSEY,NJ,Middlesex County,1-Hour Ozone (1979),Revoked,"New York-N. New Jersey-Long Island, NY-NJ-CT",FALSE,92,93,94,95,96,97,98,99,00,01,02,03,04,,,,,,,,,,,,,,,,,,,,,,,  -   -,Yes,Severe-17,W,809858,34,023,B,Ozone_1-hr.1990.New_York,2/28/2026
NEW JERSEY,NJ,Middlesex County,8-Hour Ozone (1997),Revoked,"New York-N. New Jersey-Long Island, NY-NJ-CT",FALSE,,,,,,,,,,,,,04,05,06,07,08,09,10,11,12,13,14,,,,,,,,,,,,,  -   -,Yes,Moderate,W,809858,34,023,e,Ozone_8-hr.1997.New_York,2/28/2026
NEW JERSEY,NJ,Middlesex County,8-Hour Ozone (2008),,"New York-N. New Jersey-Long Island, NY-NJ-CT",FALSE,,,,,,,,,,,,,,,,,,,,,12,13,14,15,16,17,18,19,20,21,22,23,24,25,26,  -   -,Yes,Severe 15,W,809858,34,023,c,Ozone_8-hr.2008.New_York,2/28/2026
NEW JERSEY,NJ,Middlesex County,8-Hour Ozone (2015),,"New York-Northern New Jersey-Long Island, NY-NJ-CT",FALSE,,,,,,,,,,,,,,,,,,,,,,,,,,,18,19,20,21,22,23,24,25,26,  -   -,Yes,Serious,W,809858,34,023,d,Ozone_8-hr.2015.New_York,2/28/2026
NEW JERSEY,NJ,Middlesex County,Carbon Monoxide (1971),,"Perth Amboy, NJ",FALSE,92,93,94,95,,,,,,,,,,,,,,,,,,,,,,,,,,,,,,,,2/5/1996,,Not Classified,P,49645,34,023,D,CO.1990.Perth_Amboy,2/28/2026
NEW JERSEY,NJ,Middlesex County,PM-2.5 (1997),,"New York-N. New Jersey-Long Island, NY-NJ-CT",FALSE,,,,,,,,,,,,,,05,06,07,08,09,10,11,12,,,,,,,,,,,,,,,9/4/2013,,Former Subpart 1,W,809858,34,023,g,PM-2.5.1997.New_York,2/28/2026
NEW JERSEY,NJ,Middlesex County,PM-2.5 (2006),,"New York-N. New Jersey-Long Island, NY-NJ-CT",FALSE,,,,,,,,,,,,,,,,,,09,10,11,12,,,,,,,,,,,,,,,9/4/2013,,Former Subpart 1,W,809858,34,023,g,PM-2.5.2006.New_York,2/28/2026
NEW JERSEY,NJ,Monmouth County,1-Hour Ozone (1979),Revoked,"New York-N. New Jersey-Long Island, NY-NJ-CT",FALSE,92,93,94,95,96,97,98,99,00,01,02,03,04,,,,,,,,,,,,,,,,,,,,,,,  -   -,Yes,Severe-17,W,630380,34,025,B,Ozone_1-hr.1990.New_York,2/28/2026
NEW JERSEY,NJ,Monmouth County,8-Hour Ozone (1997),Revoked,"New York-N. New Jersey-Long Island, NY-NJ-CT",FALSE,,,,,,,,,,,,,04,05,06,07,08,09,10,11,12,13,14,,,,,,,,,,,,,  -   -,Yes,Moderate,W,630380,34,025,e,Ozone_8-hr.1997.New_York,2/28/2026
NEW JERSEY,NJ,Monmouth County,8-Hour Ozone (2008),,"New York-N. New Jersey-Long Island, NY-NJ-CT",FALSE,,,,,,,,,,,,,,,,,,,,,12,13,14,15,16,17,18,19,20,21,22,23,24,25,26,  -   -,Yes,Severe 15,W,630380,34,025,c,Ozone_8-hr.2008.New_York,2/28/2026
NEW JERSEY,NJ,Monmouth County,8-Hour Ozone (2015),,"New York-Northern New Jersey-Long Island, NY-NJ-CT",FALSE,,,,,,,,,,,,,,,,,,,,,,,,,,,18,19,20,21,22,23,24,25,26,  -   -,Yes,Serious,W,630380,34,025,d,Ozone_8-hr.2015.New_York,2/28/2026
NEW JERSEY,NJ,Monmouth County,Carbon Monoxide (1971),,"Freehold, NJ",FALSE,92,93,94,95,,,,,,,,,,,,,,,,,,,,,,,,,,,,,,,,2/5/1996,,Not Classified,P,12734,34,025,D,CO.1990.Freehold,2/28/2026
NEW JERSEY,NJ,Monmouth County,PM-2.5 (1997),,"New York-N. New Jersey-Long Island, NY-NJ-CT",FALSE,,,,,,,,,,,,,,05,06,07,08,09,10,11,12,,,,,,,,,,,,,,,9/4/2013,,Former Subpart 1,W,630380,34,025,g,PM-2.5.1997.New_York,2/28/2026
NEW JERSEY,NJ,Monmouth County,PM-2.5 (2006),,"New York-N. New Jersey-Long Island, NY-NJ-CT",FALSE,,,,,,,,,,,,,,,,,,09,10,11,12,,,,,,,,,,,,,,,9/4/2013,,Former Subpart 1,W,630380,34,025,g,PM-2.5.2006.New_York,2/28/2026
NEW JERSEY,NJ,Morris County,1-Hour Ozone (1979),Revoked,"New York-N. New Jersey-Long Island, NY-NJ-CT",FALSE,92,93,94,95,96,97,98,99,00,01,02,03,04,,,,,,,,,,,,,,,,,,,,,,,  -   -,Yes,Severe-17,W,492276,34,027,B,Ozone_1-hr.1990.New_York,2/28/2026
NEW JERSEY,NJ,Morris County,8-Hour Ozone (1997),Revoked,"New York-N. New Jersey-Long Island, NY-NJ-CT",FALSE,,,,,,,,,,,,,04,05,06,07,08,09,10,11,12,13,14,,,,,,,,,,,,,  -   -,Yes,Moderate,W,492276,34,027,e,Ozone_8-hr.1997.New_York,2/28/2026
NEW JERSEY,NJ,Morris County,8-Hour Ozone (2008),,"New York-N. New Jersey-Long Island, NY-NJ-CT",FALSE,,,,,,,,,,,,,,,,,,,,,12,13,14,15,16,17,18,19,20,21,22,23,24,25,26,  -   -,Yes,Severe 15,W,492276,34,027,c,Ozone_8-hr.2008.New_York,2/28/2026
NEW JERSEY,NJ,Morris County,8-Hour Ozone (2015),,"New York-Northern New Jersey-Long Island, NY-NJ-CT",FALSE,,,,,,,,,,,,,,,,,,,,,,,,,,,18,19,20,21,22,23,24,25,26,  -   -,Yes,Serious,W,492276,34,027,d,Ozone_8-hr.2015.New_York,2/28/2026
NEW JERSEY,NJ,Morris County,Carbon Monoxide (1971),,"Morristown, NJ",FALSE,92,93,94,95,,,,,,,,,,,,,,,,,,,,,,,,,,,,,,,,2/5/1996,,Not Classified,P,21955,34,027,D,CO.1990.Morristown,2/28/2026
NEW JERSEY,NJ,Morris County,PM-2.5 (1997),,"New York-N. New Jersey-Long Island, NY-NJ-CT",FALSE,,,,,,,,,,,,,,05,06,07,08,09,10,11,12,,,,,,,,,,,,,,,9/4/2013,,Former Subpart 1,W,492276,34,027,g,PM-2.5.1997.New_York,2/28/2026
NEW JERSEY,NJ,Morris County,PM-2.5 (2006),,"New York-N. New Jersey-Long Island, NY-NJ-CT",FALSE,,,,,,,,,,,,,,,,,,09,10,11,12,,,,,,,,,,,,,,,9/4/2013,,Former Subpart 1,W,492276,34,027,g,PM-2.5.2006.New_York,2/28/2026
NEW JERSEY,NJ,Ocean County,1-Hour Ozone (1979),Revoked,"New York-N. New Jersey-Long Island, NY-NJ-CT",FALSE,92,93,94,95,96,97,98,99,00,01,02,03,04,,,,,,,,,,,,,,,,,,,,,,,  -   -,Yes,Severe-17,W,576567,34,029,B,Ozone_1-hr.1990.New_York,2/28/2026
NEW JERSEY,NJ,Ocean County,8-Hour Ozone (1997),Revoked,"Philadelphia-Wilmington-Atlantic City, PA-NJ-MD-DE",FALSE,,,,,,,,,,,,,04,05,06,07,08,09,10,11,12,13,14,,,,,,,,,,,,,  -   -,Yes,Moderate,W,576567,34,029,e,Ozone_8-hr.1997.Philadelphia,2/28/2026
NEW JERSEY,NJ,Ocean County,8-Hour Ozone (2008),,"Philadelphia-Wilmington-Atlantic City, PA-NJ-MD-DE",FALSE,,,,,,,,,,,,,,,,,,,,,12,13,14,15,16,17,18,19,20,21,22,23,24,25,26,  -   -,Yes,Marginal,W,576567,34,029,f,Ozone_8-hr.2008.Philadelphia,2/28/2026
NEW JERSEY,NJ,Ocean County,8-Hour Ozone (2015),,"Philadelphia-Wilmington-Atlantic City, PA-NJ-MD-DE",FALSE,,,,,,,,,,,,,,,,,,,,,,,,,,,18,19,20,21,22,23,24,25,26,  -   -,Yes,Serious,W,576567,34,029,d,Ozone_8-hr.2015.Philadelphia,2/28/2026
NEW JERSEY,NJ,Ocean County,Carbon Monoxide (1971),,"Toms River, NJ",FALSE,92,93,94,95,,,,,,,,,,,,,,,,,,,,,,,,,,,,,,,,2/5/1996,,Not Classified,P,10667,34,029,D,CO.1990.Toms_River,2/28/2026
NEW JERSEY,NJ,Passaic County,1-Hour Ozone (1979),Revoked,"New York-N. New Jersey-Long Island, NY-NJ-CT",FALSE,92,93,94,95,96,97,98,99,00,01,02,03,04,,,,,,,,,,,,,,,,,,,,,,,  -   -,Yes,Severe-17,W,501226,34,031,B,Ozone_1-hr.1990.New_York,2/28/2026
NEW JERSEY,NJ,Passaic County,8-Hour Ozone (1997),Revoked,"New York-N. New Jersey-Long Island, NY-NJ-CT",FALSE,,,,,,,,,,,,,04,05,06,07,08,09,10,11,12,13,14,,,,,,,,,,,,,  -   -,Yes,Moderate,W,501226,34,031,e,Ozone_8-hr.1997.New_York,2/28/2026
NEW JERSEY,NJ,Passaic County,8-Hour Ozone (2008),,"New York-N. New Jersey-Long Island, NY-NJ-CT",FALSE,,,,,,,,,,,,,,,,,,,,,12,13,14,15,16,17,18,19,20,21,22,23,24,25,26,  -   -,Yes,Severe 15,W,501226,34,031,c,Ozone_8-hr.2008.New_York,2/28/2026
NEW JERSEY,NJ,Passaic County,8-Hour Ozone (2015),,"New York-Northern New Jersey-Long Island, NY-NJ-CT",FALSE,,,,,,,,,,,,,,,,,,,,,,,,,,,18,19,20,21,22,23,24,25,26,  -   -,Yes,Serious,W,501226,34,031,d,Ozone_8-hr.2015.New_York,2/28/2026
NEW JERSEY,NJ,Passaic County,Carbon Monoxide (1971),,"New York-N. New Jersey-Long Island, NY-NJ-CT",FALSE,92,93,94,95,96,97,98,99,00,01,,,,,,,,,,,,,,,,,,,,,,,,,,10/22/2002,,Moderate > 12.7ppm,P,300116,34,031,B,CO.1990.New_York,2/28/2026
NEW JERSEY,NJ,Passaic County,PM-2.5 (1997),,"New York-N. New Jersey-Long Island, NY-NJ-CT",FALSE,,,,,,,,,,,,,,05,06,07,08,09,10,11,12,,,,,,,,,,,,,,,9/4/2013,,Former Subpart 1,W,501226,34,031,g,PM-2.5.1997.New_York,2/28/2026
NEW JERSEY,NJ,Passaic County,PM-2.5 (2006),,"New York-N. New Jersey-Long Island, NY-NJ-CT",FALSE,,,,,,,,,,,,,,,,,,09,10,11,12,,,,,,,,,,,,,,,9/4/2013,,Former Subpart 1,W,501226,34,031,g,PM-2.5.2006.New_York,2/28/2026
NEW JERSEY,NJ,Salem County,1-Hour Ozone (1979),Revoked,"Philadelphia-Wilmington-Trenton, PA-NJ-DE-MD",FALSE,92,93,94,95,96,97,98,99,00,01,02,03,04,,,,,,,,,,,,,,,,,,,,,,,  -   -,Yes,Severe-15,W,66083,34,033,C,Ozone_1-hr.1990.Philadelphia,2/28/2026
NEW JERSEY,NJ,Salem County,8-Hour Ozone (1997),Revoked,"Philadelphia-Wilmington-Atlantic City, PA-NJ-MD-DE",FALSE,,,,,,,,,,,,,04,05,06,07,08,09,10,11,12,13,14,,,,,,,,,,,,,  -   -,Yes,Moderate,W,66083,34,033,e,Ozone_8-hr.1997.Philadelphia,2/28/2026
NEW JERSEY,NJ,Salem County,8-Hour Ozone (2008),,"Philadelphia-Wilmington-Atlantic City, PA-NJ-MD-DE",FALSE,,,,,,,,,,,,,,,,,,,,,12,13,14,15,16,17,18,19,20,21,22,23,24,25,26,  -   -,Yes,Marginal,W,66083,34,033,f,Ozone_8-hr.2008.Philadelphia,2/28/2026
NEW JERSEY,NJ,Salem County,8-Hour Ozone (2015),,"Philadelphia-Wilmington-Atlantic City, PA-NJ-MD-DE",FALSE,,,,,,,,,,,,,,,,,,,,,,,,,,,18,19,20,21,22,23,24,25,26,  -   -,Yes,Serious,W,66083,34,033,d,Ozone_8-hr.2015.Philadelphia,2/28/2026
NEW JERSEY,NJ,Salem County,Carbon Monoxide (1971),,"Penns Grove, NJ",FALSE,92,93,94,95,,,,,,,,,,,,,,,,,,,,,,,,,,,,,,,,2/5/1996,,Not Classified,P,5201,34,033,D,CO.1990.Penns_Grove,2/28/2026
NEW JERSEY,NJ,Somerset County,1-Hour Ozone (1979),Revoked,"New York-N. New Jersey-Long Island, NY-NJ-CT",FALSE,92,93,94,95,96,97,98,99,00,01,02,03,04,,,,,,,,,,,,,,,,,,,,,,,  -   -,Yes,Severe-17,W,323444,34,035,B,Ozone_1-hr.1990.New_York,2/28/2026
NEW JERSEY,NJ,Somerset County,8-Hour Ozone (1997),Revoked,"New York-N. New Jersey-Long Island, NY-NJ-CT",FALSE,,,,,,,,,,,,,04,05,06,07,08,09,10,11,12,13,14,,,,,,,,,,,,,  -   -,Yes,Moderate,W,323444,34,035,e,Ozone_8-hr.1997.New_York,2/28/2026
NEW JERSEY,NJ,Somerset County,8-Hour Ozone (2008),,"New York-N. New Jersey-Long Island, NY-NJ-CT",FALSE,,,,,,,,,,,,,,,,,,,,,12,13,14,15,16,17,18,19,20,21,22,23,24,25,26,  -   -,Yes,Severe 15,W,323444,34,035,c,Ozone_8-hr.2008.New_York,2/28/2026
NEW JERSEY,NJ,Somerset County,8-Hour Ozone (2015),,"New York-Northern New Jersey-Long Island, NY-NJ-CT",FALSE,,,,,,,,,,,,,,,,,,,,,,,,,,,18,19,20,21,22,23,24,25,26,  -   -,Yes,Serious,W,323444,34,035,d,Ozone_8-hr.2015.New_York,2/28/2026
NEW JERSEY,NJ,Somerset County,Carbon Monoxide (1971),,"Somerville, NJ",FALSE,92,93,94,95,,,,,,,,,,,,,,,,,,,,,,,,,,,,,,,,2/5/1996,,Not Classified,P,15557,34,035,D,CO.1990.Somerville,2/28/2026
NEW JERSEY,NJ,Somerset County,PM-2.5 (1997),,"New York-N. New Jersey-Long Island, NY-NJ-CT",FALSE,,,,,,,,,,,,,,05,06,07,08,09,10,11,12,,,,,,,,,,,,,,,9/4/2013,,Former Subpart 1,W,323444,34,035,g,PM-2.5.1997.New_York,2/28/2026
NEW JERSEY,NJ,Somerset County,PM-2.5 (2006),,"New York-N. New Jersey-Long Island, NY-NJ-CT",FALSE,,,,,,,,,,,,,,,,,,09,10,11,12,,,,,,,,,,,,,,,9/4/2013,,Former Subpart 1,W,323444,34,035,g,PM-2.5.2006.New_York,2/28/2026
NEW JERSEY,NJ,Sussex County,1-Hour Ozone (1979),Revoked,"New York-N. New Jersey-Long Island, NY-NJ-CT",FALSE,92,93,94,95,96,97,98,99,00,01,02,03,04,,,,,,,,,,,,,,,,,,,,,,,  -   -,Yes,Severe-17,W,149265,34,037,B,Ozone_1-hr.1990.New_York,2/28/2026
NEW JERSEY,NJ,Sussex County,8-Hour Ozone (1997),Revoked,"New York-N. New Jersey-Long Island, NY-NJ-CT",FALSE,,,,,,,,,,,,,04,05,06,07,08,09,10,11,12,13,14,,,,,,,,,,,,,  -   -,Yes,Moderate,W,149265,34,037,e,Ozone_8-hr.1997.New_York,2/28/2026
NEW JERSEY,NJ,Sussex County,8-Hour Ozone (2008),,"New York-N. New Jersey-Long Island, NY-NJ-CT",FALSE,,,,,,,,,,,,,,,,,,,,,12,13,14,15,16,17,18,19,20,21,22,23,24,25,26,  -   -,Yes,Severe 15,W,149265,34,037,c,Ozone_8-hr.2008.New_York,2/28/2026
NEW JERSEY,NJ,Sussex County,8-Hour Ozone (2015),,"New York-Northern New Jersey-Long Island, NY-NJ-CT",FALSE,,,,,,,,,,,,,,,,,,,,,,,,,,,18,19,20,21,22,23,24,25,26,  -   -,Yes,Serious,W,149265,34,037,d,Ozone_8-hr.2015.New_York,2/28/2026
NEW JERSEY,NJ,Union County,1-Hour Ozone (1979),Revoked,"New York-N. New Jersey-Long Island, NY-NJ-CT",FALSE,92,93,94,95,96,97,98,99,00,01,02,03,04,,,,,,,,,,,,,,,,,,,,,,,  -   -,Yes,Severe-17,W,536499,34,039,B,Ozone_1-hr.1990.New_York,2/28/2026
NEW JERSEY,NJ,Union County,8-Hour Ozone (1997),Revoked,"New York-N. New Jersey-Long Island, NY-NJ-CT",FALSE,,,,,,,,,,,,,04,05,06,07,08,09,10,11,12,13,14,,,,,,,,,,,,,  -   -,Yes,Moderate,W,536499,34,039,e,Ozone_8-hr.1997.New_York,2/28/2026
NEW JERSEY,NJ,Union County,8-Hour Ozone (2008),,"New York-N. New Jersey-Long Island, NY-NJ-CT",FALSE,,,,,,,,,,,,,,,,,,,,,12,13,14,15,16,17,18,19,20,21,22,23,24,25,26,  -   -,Yes,Severe 15,W,536499,34,039,c,Ozone_8-hr.2008.New_York,2/28/2026
NEW JERSEY,NJ,Union County,8-Hour Ozone (2015),,"New York-Northern New Jersey-Long Island, NY-NJ-CT",FALSE,,,,,,,,,,,,,,,,,,,,,,,,,,,18,19,20,21,22,23,24,25,26,  -   -,Yes,Serious,W,536499,34,039,d,Ozone_8-hr.2015.New_York,2/28/2026
NEW JERSEY,NJ,Union County,Carbon Monoxide (1971),,"New York-N. New Jersey-Long Island, NY-NJ-CT",FALSE,92,93,94,95,96,97,98,99,00,01,,,,,,,,,,,,,,,,,,,,,,,,,,10/22/2002,,Moderate > 12.7ppm,W,536499,34,039,B,CO.1990.New_York,2/28/2026
NEW JERSEY,NJ,Union County,PM-2.5 (1997),,"New York-N. New Jersey-Long Island, NY-NJ-CT",FALSE,,,,,,,,,,,,,,05,06,07,08,09,10,11,12,,,,,,,,,,,,,,,9/4/2013,,Former Subpart 1,W,536499,34,039,g,PM-2.5.1997.New_York,2/28/2026
NEW JERSEY,NJ,Union County,PM-2.5 (2006),,"New York-N. New Jersey-Long Island, NY-NJ-CT",FALSE,,,,,,,,,,,,,,,,,,09,10,11,12,,,,,,,,,,,,,,,9/4/2013,,Former Subpart 1,W,536499,34,039,g,PM-2.5.2006.New_York,2/28/2026
NEW JERSEY,NJ,Warren County,1-Hour Ozone (1979),Revoked,"Allentown-Bethlehem-Easton, PA-NJ",FALSE,92,93,94,95,96,97,98,99,00,01,02,03,04,,,,,,,,,,,,,,,,,,,,,,,  -   -,Yes,Marginal,W,108692,34,041,G,Ozone_1-hr.1990.Allentown,2/28/2026
NEW JERSEY,NJ,Warren County,8-Hour Ozone (1997),Revoked,"New York-N. New Jersey-Long Island, NY-NJ-CT",FALSE,,,,,,,,,,,,,04,05,06,07,08,09,10,11,12,13,14,,,,,,,,,,,,,  -   -,Yes,Moderate,W,108692,34,041,e,Ozone_8-hr.1997.New_York,2/28/2026
NEW JERSEY,NJ,Warren County,8-Hour Ozone (2008),,"New York-N. New Jersey-Long Island, NY-NJ-CT",FALSE,,,,,,,,,,,,,,,,,,,,,12,13,14,15,16,17,18,19,20,21,22,23,24,25,26,  -   -,Yes,Severe 15,W,108692,34,041,c,Ozone_8-hr.2008.New_York,2/28/2026
NEW JERSEY,NJ,Warren County,8-Hour Ozone (2015),,"New York-Northern New Jersey-Long Island, NY-NJ-CT",FALSE,,,,,,,,,,,,,,,,,,,,,,,,,,,18,19,20,21,22,23,24,25,26,  -   -,Yes,Serious,W,108692,34,041,d,Ozone_8-hr.2015.New_York,2/28/2026
NEW JERSEY,NJ,Warren County,Sulfur Dioxide (1971),,"Warren County, NJ",FALSE,,,94,95,96,97,98,99,00,01,02,03,04,05,06,07,08,09,10,11,12,13,14,15,16,17,18,19,20,21,22,,,,,10/2/2023,,"Primary, Secondary",P,108696,34,041,B,SO2.1978.Warren_Co,2/28/2026
NEW MEXICO,NM,Bernalillo County,Carbon Monoxide (1971),,"Albuquerque, NM",FALSE,92,93,94,95,,,,,,,,,,,,,,,,,,,,,,,,,,,,,,,,7/15/1996,,Moderate <= 12.7ppm,W,662564,35,001,C,CO.1990.Albuquerque,2/28/2026
NEW MEXICO,NM,Dona Ana County,1-Hour Ozone (1979),Revoked,"Dona Ana County (part); Sunland Park, NM",FALSE,,,,95,96,97,98,99,00,01,02,03,04,,,,,,,,,,,,,,,,,,,,,,,  -   -,Yes,Marginal,P,12345,35,013,G,Ozone_1-hr.1990.Sunland_Park,2/28/2026
NEW MEXICO,NM,Dona Ana County,8-Hour Ozone (2015),,"El Paso-Las Cruces, TX-NM",FALSE,,,,,,,,,,,,,,,,,,,,,,,,,,,18,19,20,21,22,23,24,25,26,  -   -,Yes,Marginal,P,12675,35,013,f,Ozone_8-hr.2015.El_Paso,2/28/2026
NEW MEXICO,NM,Dona Ana County,PM-10 (1987),,"Dona Ana County; Anthony, NM",FALSE,92,93,94,95,96,97,98,99,00,01,02,03,04,05,06,07,08,09,10,11,12,13,14,15,16,17,18,19,20,21,22,23,24,25,26,  -   -,Yes,Moderate,P,3096,35,013,B,PM-10.1990.Anthony,2/28/2026
NEW MEXICO,NM,Grant County,Sulfur Dioxide (1971),,"Grant County, NM",FALSE,92,93,94,95,96,97,98,99,00,01,02,,,,,,,,,,,,,,,,,,,,,,,,,11/17/2003,,Primary,P,29514,35,017,A,SO2.1978.Grant_Co,2/28/2026
NEW YORK,NY,Albany County,1-Hour Ozone (1979),Revoked,"Albany-Schenectady-Troy, NY",FALSE,92,93,94,95,96,97,98,99,00,01,02,03,04,,,,,,,,,,,,,,,,,,,,,,,  -   -,Yes,Marginal,W,304204,36,001,G,Ozone_1-hr.1990.Albany,2/28/2026
NEW YORK,NY,Albany County,8-Hour Ozone (1997),Revoked,"Albany-Schenectady-Troy, NY",FALSE,,,,,,,,,,,,,04,05,06,07,08,09,10,11,12,13,14,,,,,,,,,,,,,  -   -,Yes,Marginal,W,304204,36,001,f,Ozone_8-hr.1997.Albany,2/28/2026
NEW YORK,NY,Bronx County,1-Hour Ozone (1979),Revoked,"New York-N. New Jersey-Long Island, NY-NJ-CT",FALSE,92,93,94,95,96,97,98,99,00,01,02,03,04,,,,,,,,,,,,,,,,,,,,,,,  -   -,Yes,Severe-17,W,1385108,36,005,B,Ozone_1-hr.1990.New_York,2/28/2026
NEW YORK,NY,Bronx County,8-Hour Ozone (1997),Revoked,"New York-N. New Jersey-Long Island, NY-NJ-CT",FALSE,,,,,,,,,,,,,04,05,06,07,08,09,10,11,12,13,14,,,,,,,,,,,,,  -   -,Yes,Moderate,W,1385108,36,005,e,Ozone_8-hr.1997.New_York,2/28/2026
NEW YORK,NY,Bronx County,8-Hour Ozone (2008),,"New York-N. New Jersey-Long Island, NY-NJ-CT",FALSE,,,,,,,,,,,,,,,,,,,,,12,13,14,15,16,17,18,19,20,21,22,23,24,25,26,  -   -,Yes,Severe 15,W,1385108,36,005,c,Ozone_8-hr.2008.New_York,2/28/2026
NEW YORK,NY,Bronx County,8-Hour Ozone (2015),,"New York-Northern New Jersey-Long Island, NY-NJ-CT",FALSE,,,,,,,,,,,,,,,,,,,,,,,,,,,18,19,20,21,22,23,24,25,26,  -   -,Yes,Serious,W,1385108,36,005,d,Ozone_8-hr.2015.New_York,2/28/2026
NEW YORK,NY,Bronx County,Carbon Monoxide (1971),,"New York-N. New Jersey-Long Island, NY-NJ-CT",FALSE,92,93,94,95,96,97,98,99,00,01,,,,,,,,,,,,,,,,,,,,,,,,,,5/20/2002,,Moderate > 12.7ppm,W,1385108,36,005,B,CO.1990.New_York,2/28/2026
NEW YORK,NY,Bronx County,PM-2.5 (1997),,"New York-N. New Jersey-Long Island, NY-NJ-CT",FALSE,,,,,,,,,,,,,,05,06,07,08,09,10,11,12,13,,,,,,,,,,,,,,4/18/2014,,Former Subpart 1,W,1385108,36,005,g,PM-2.5.1997.New_York,2/28/2026
NEW YORK,NY,Bronx County,PM-2.5 (2006),,"New York-N. New Jersey-Long Island, NY-NJ-CT",FALSE,,,,,,,,,,,,,,,,,,09,10,11,12,13,,,,,,,,,,,,,,4/18/2014,,Former Subpart 1,W,1385108,36,005,g,PM-2.5.2006.New_York,2/28/2026
NEW YORK,NY,Chautauqua County,8-Hour Ozone (1997),Revoked,"Jamestown, NY",FALSE,,,,,,,,,,,,,04,05,06,07,08,09,10,11,12,13,14,,,,,,,,,,,,,  -   -,Yes,Moderate,W,134905,36,013,e,Ozone_8-hr.1997.Jamestown,2/28/2026
NEW YORK,NY,Chautauqua County,8-Hour Ozone (2008),,"Jamestown, NY",FALSE,,,,,,,,,,,,,,,,,,,,,12,13,14,15,16,17,18,19,20,21,22,23,24,25,26,  -   -,Yes,Marginal,W,134905,36,013,f,Ozone_8-hr.2008.Jamestown,2/28/2026
NEW YORK,NY,Dutchess County,1-Hour Ozone (1979),Revoked,"Poughkeepsie, NY",FALSE,92,93,94,95,96,97,98,99,00,01,02,03,04,,,,,,,,,,,,,,,,,,,,,,,  -   -,Yes,Moderate,W,297488,36,027,E,Ozone_1-hr.1990.Poughkeepsie,2/28/2026
NEW YORK,NY,Dutchess County,8-Hour Ozone (1997),Revoked,"Poughkeepsie, NY",FALSE,,,,,,,,,,,,,04,05,06,07,08,09,10,11,12,13,14,,,,,,,,,,,,,  -   -,Yes,Moderate,W,297488,36,027,e,Ozone_8-hr.1997.Poughkeepsie,2/28/2026
NEW YORK,NY,Erie County,1-Hour Ozone (1979),Revoked,"Buffalo-Niagara Falls, NY",FALSE,92,93,94,95,96,97,98,99,00,01,02,03,04,,,,,,,,,,,,,,,,,,,,,,,  -   -,Yes,Marginal,W,919040,36,029,G,Ozone_1-hr.1990.Buffalo,2/28/2026
NEW YORK,NY,Erie County,8-Hour Ozone (1997),Revoked,"Buffalo-Niagara Falls, NY",FALSE,,,,,,,,,,,,,04,05,06,07,08,09,10,11,12,13,14,,,,,,,,,,,,,  -   -,Yes,Moderate,W,919040,36,029,e,Ozone_8-hr.1997.Buffalo,2/28/2026
NEW YORK,NY,Essex County,1-Hour Ozone (1979),Revoked,"Essex County; Whiteface Mountain, NY",FALSE,92,93,94,95,96,97,98,99,00,01,02,03,04,,,,,,,,,,,,,,,,,,,,,,,  -   -,Yes,Rural Transport (Marginal),P,0,36,031,H,Ozone_1-hr.1990.Whiteface_Mountain,2/28/2026
NEW YORK,NY,Essex County,8-Hour Ozone (1997),Revoked,"Essex County (Whiteface Mtn.), NY",FALSE,,,,,,,,,,,,,04,05,06,07,08,09,10,11,12,13,14,,,,,,,,,,,,,  -   -,Yes,Marginal,P,465,36,031,f,Ozone_8-hr.1997.Whiteface_Mountain,2/28/2026
NEW YORK,NY,Genesee County,8-Hour Ozone (1997),Revoked,"Rochester, NY",FALSE,,,,,,,,,,,,,04,05,06,07,08,09,10,11,12,13,14,,,,,,,,,,,,,  -   -,Yes,Marginal,W,60079,36,037,f,Ozone_8-hr.1997.Rochester,2/28/2026
NEW YORK,NY,Greene County,1-Hour Ozone (1979),Revoked,"Albany-Schenectady-Troy, NY",FALSE,92,93,94,95,96,97,98,99,00,01,02,03,04,,,,,,,,,,,,,,,,,,,,,,,  -   -,Yes,Marginal,W,49221,36,039,G,Ozone_1-hr.1990.Albany,2/28/2026
NEW YORK,NY,Greene County,8-Hour Ozone (1997),Revoked,"Albany-Schenectady-Troy, NY",FALSE,,,,,,,,,,,,,04,05,06,07,08,09,10,11,12,13,14,,,,,,,,,,,,,  -   -,Yes,Marginal,W,49221,36,039,f,Ozone_8-hr.1997.Albany,2/28/2026
NEW YORK,NY,Jefferson County,1-Hour Ozone (1979),Revoked,"Jefferson County, NY",FALSE,92,93,94,95,96,97,98,99,00,01,02,03,04,,,,,,,,,,,,,,,,,,,,,,,  -   -,Yes,Marginal,W,116229,36,045,G,Ozone_1-hr.1990.Jefferson_Co,2/28/2026
NEW YORK,NY,Jefferson County,8-Hour Ozone (1997),Revoked,"Jefferson County, NY",FALSE,,,,,,,,,,,,,04,05,06,07,08,09,10,11,12,13,14,,,,,,,,,,,,,  -   -,Yes,Moderate,W,116229,36,045,e,Ozone_8-hr.1997.Jefferson_Co,2/28/2026
NEW YORK,NY,Kings County,1-Hour Ozone (1979),Revoked,"New York-N. New Jersey-Long Island, NY-NJ-CT",FALSE,92,93,94,95,96,97,98,99,00,01,02,03,04,,,,,,,,,,,,,,,,,,,,,,,  -   -,Yes,Severe-17,W,2504700,36,047,B,Ozone_1-hr.1990.New_York,2/28/2026
NEW YORK,NY,Kings County,8-Hour Ozone (1997),Revoked,"New York-N. New Jersey-Long Island, NY-NJ-CT",FALSE,,,,,,,,,,,,,04,05,06,07,08,09,10,11,12,13,14,,,,,,,,,,,,,  -   -,Yes,Moderate,W,2504700,36,047,e,Ozone_8-hr.1997.New_York,2/28/2026
NEW YORK,NY,Kings County,8-Hour Ozone (2008),,"New York-N. New Jersey-Long Island, NY-NJ-CT",FALSE,,,,,,,,,,,,,,,,,,,,,12,13,14,15,16,17,18,19,20,21,22,23,24,25,26,  -   -,Yes,Severe 15,W,2504700,36,047,c,Ozone_8-hr.2008.New_York,2/28/2026
NEW YORK,NY,Kings County,8-Hour Ozone (2015),,"New York-Northern New Jersey-Long Island, NY-NJ-CT",FALSE,,,,,,,,,,,,,,,,,,,,,,,,,,,18,19,20,21,22,23,24,25,26,  -   -,Yes,Serious,W,2504700,36,047,d,Ozone_8-hr.2015.New_York,2/28/2026
NEW YORK,NY,Kings County,Carbon Monoxide (1971),,"New York-N. New Jersey-Long Island, NY-NJ-CT",FALSE,92,93,94,95,96,97,98,99,00,01,,,,,,,,,,,,,,,,,,,,,,,,,,5/20/2002,,Moderate > 12.7ppm,W,2504700,36,047,B,CO.1990.New_York,2/28/2026
NEW YORK,NY,Kings County,PM-2.5 (1997),,"New York-N. New Jersey-Long Island, NY-NJ-CT",FALSE,,,,,,,,,,,,,,05,06,07,08,09,10,11,12,13,,,,,,,,,,,,,,4/18/2014,,Former Subpart 1,W,2504700,36,047,g,PM-2.5.1997.New_York,2/28/2026
NEW YORK,NY,Kings County,PM-2.5 (2006),,"New York-N. New Jersey-Long Island, NY-NJ-CT",FALSE,,,,,,,,,,,,,,,,,,09,10,11,12,13,,,,,,,,,,,,,,4/18/2014,,Former Subpart 1,W,2504700,36,047,g,PM-2.5.2006.New_York,2/28/2026
NEW YORK,NY,Livingston County,8-Hour Ozone (1997),Revoked,"Rochester, NY",FALSE,,,,,,,,,,,,,04,05,06,07,08,09,10,11,12,13,14,,,,,,,,,,,,,  -   -,Yes,Marginal,W,65393,36,051,f,Ozone_8-hr.1997.Rochester,2/28/2026
NEW YORK,NY,Monroe County,8-Hour Ozone (1997),Revoked,"Rochester, NY",FALSE,,,,,,,,,,,,,04,05,06,07,08,09,10,11,12,13,14,,,,,,,,,,,,,  -   -,Yes,Marginal,W,744344,36,055,f,Ozone_8-hr.1997.Rochester,2/28/2026
NEW YORK,NY,Montgomery County,1-Hour Ozone (1979),Revoked,"Albany-Schenectady-Troy, NY",FALSE,92,93,94,95,96,97,98,99,00,01,02,03,04,,,,,,,,,,,,,,,,,,,,,,,  -   -,Yes,Marginal,W,50219,36,057,G,Ozone_1-hr.1990.Albany,2/28/2026
NEW YORK,NY,Montgomery County,8-Hour Ozone (1997),Revoked,"Albany-Schenectady-Troy, NY",FALSE,,,,,,,,,,,,,04,05,06,07,08,09,10,11,12,13,14,,,,,,,,,,,,,  -   -,Yes,Marginal,W,50219,36,057,f,Ozone_8-hr.1997.Albany,2/28/2026
NEW YORK,NY,Nassau County,1-Hour Ozone (1979),Revoked,"New York-N. New Jersey-Long Island, NY-NJ-CT",FALSE,92,93,94,95,96,97,98,99,00,01,02,03,04,,,,,,,,,,,,,,,,,,,,,,,  -   -,Yes,Severe-17,W,1339532,36,059,B,Ozone_1-hr.1990.New_York,2/28/2026
NEW YORK,NY,Nassau County,8-Hour Ozone (1997),Revoked,"New York-N. New Jersey-Long Island, NY-NJ-CT",FALSE,,,,,,,,,,,,,04,05,06,07,08,09,10,11,12,13,14,,,,,,,,,,,,,  -   -,Yes,Moderate,W,1339532,36,059,e,Ozone_8-hr.1997.New_York,2/28/2026
NEW YORK,NY,Nassau County,8-Hour Ozone (2008),,"New York-N. New Jersey-Long Island, NY-NJ-CT",FALSE,,,,,,,,,,,,,,,,,,,,,12,13,14,15,16,17,18,19,20,21,22,23,24,25,26,  -   -,Yes,Severe 15,W,1339532,36,059,c,Ozone_8-hr.2008.New_York,2/28/2026
NEW YORK,NY,Nassau County,8-Hour Ozone (2015),,"New York-Northern New Jersey-Long Island, NY-NJ-CT",FALSE,,,,,,,,,,,,,,,,,,,,,,,,,,,18,19,20,21,22,23,24,25,26,  -   -,Yes,Serious,W,1339532,36,059,d,Ozone_8-hr.2015.New_York,2/28/2026
NEW YORK,NY,Nassau County,Carbon Monoxide (1971),,"New York-N. New Jersey-Long Island, NY-NJ-CT",FALSE,92,93,94,95,96,97,98,99,00,01,,,,,,,,,,,,,,,,,,,,,,,,,,5/20/2002,,Moderate > 12.7ppm,W,1339532,36,059,B,CO.1990.New_York,2/28/2026
NEW YORK,NY,Nassau County,PM-2.5 (1997),,"New York-N. New Jersey-Long Island, NY-NJ-CT",FALSE,,,,,,,,,,,,,,05,06,07,08,09,10,11,12,13,,,,,,,,,,,,,,4/18/2014,,Former Subpart 1,W,1339532,36,059,g,PM-2.5.1997.New_York,2/28/2026
NEW YORK,NY,Nassau County,PM-2.5 (2006),,"New York-N. New Jersey-Long Island, NY-NJ-CT",FALSE,,,,,,,,,,,,,,,,,,09,10,11,12,13,,,,,,,,,,,,,,4/18/2014,,Former Subpart 1,W,1339532,36,059,g,PM-2.5.2006.New_York,2/28/2026
NEW YORK,NY,New York County,1-Hour Ozone (1979),Revoked,"New York-N. New Jersey-Long Island, NY-NJ-CT",FALSE,92,93,94,95,96,97,98,99,00,01,02,03,04,,,,,,,,,,,,,,,,,,,,,,,  -   -,Yes,Severe-17,W,1585873,36,061,B,Ozone_1-hr.1990.New_York,2/28/2026
NEW YORK,NY,New York County,8-Hour Ozone (1997),Revoked,"New York-N. New Jersey-Long Island, NY-NJ-CT",FALSE,,,,,,,,,,,,,04,05,06,07,08,09,10,11,12,13,14,,,,,,,,,,,,,  -   -,Yes,Moderate,W,1585873,36,061,e,Ozone_8-hr.1997.New_York,2/28/2026
NEW YORK,NY,New York County,8-Hour Ozone (2008),,"New York-N. New Jersey-Long Island, NY-NJ-CT",FALSE,,,,,,,,,,,,,,,,,,,,,12,13,14,15,16,17,18,19,20,21,22,23,24,25,26,  -   -,Yes,Severe 15,W,1585873,36,061,c,Ozone_8-hr.2008.New_York,2/28/2026
NEW YORK,NY,New York County,8-Hour Ozone (2015),,"New York-Northern New Jersey-Long Island, NY-NJ-CT",FALSE,,,,,,,,,,,,,,,,,,,,,,,,,,,18,19,20,21,22,23,24,25,26,  -   -,Yes,Serious,W,1585873,36,061,d,Ozone_8-hr.2015.New_York,2/28/2026
NEW YORK,NY,New York County,Carbon Monoxide (1971),,"New York-N. New Jersey-Long Island, NY-NJ-CT",FALSE,92,93,94,95,96,97,98,99,00,01,,,,,,,,,,,,,,,,,,,,,,,,,,5/20/2002,,Moderate > 12.7ppm,W,1585873,36,061,B,CO.1990.New_York,2/28/2026
NEW YORK,NY,New York County,PM-10 (1987),,"New York County, NY",FALSE,,,94,95,96,97,98,99,00,01,02,03,04,05,06,07,08,09,10,11,12,13,14,15,16,17,18,19,20,21,22,23,24,25,26,  -   -,Yes,Moderate,W,1585873,36,061,B,PM-10.1990.New_York,2/28/2026
NEW YORK,NY,New York County,PM-2.5 (1997),,"New York-N. New Jersey-Long Island, NY-NJ-CT",FALSE,,,,,,,,,,,,,,05,06,07,08,09,10,11,12,13,,,,,,,,,,,,,,4/18/2014,,Former Subpart 1,W,1585873,36,061,g,PM-2.5.1997.New_York,2/28/2026
NEW YORK,NY,New York County,PM-2.5 (2006),,"New York-N. New Jersey-Long Island, NY-NJ-CT",FALSE,,,,,,,,,,,,,,,,,,09,10,11,12,13,,,,,,,,,,,,,,4/18/2014,,Former Subpart 1,W,1585873,36,061,g,PM-2.5.2006.New_York,2/28/2026
NEW YORK,NY,Niagara County,1-Hour Ozone (1979),Revoked,"Buffalo-Niagara Falls, NY",FALSE,92,93,94,95,96,97,98,99,00,01,02,03,04,,,,,,,,,,,,,,,,,,,,,,,  -   -,Yes,Marginal,W,216469,36,063,G,Ozone_1-hr.1990.Buffalo,2/28/2026
NEW YORK,NY,Niagara County,8-Hour Ozone (1997),Revoked,"Buffalo-Niagara Falls, NY",FALSE,,,,,,,,,,,,,04,05,06,07,08,09,10,11,12,13,14,,,,,,,,,,,,,  -   -,Yes,Moderate,W,216469,36,063,e,Ozone_8-hr.1997.Buffalo,2/28/2026
NEW YORK,NY,Onondaga County,Carbon Monoxide (1971),,"Syracuse, NY",FALSE,92,,,,,,,,,,,,,,,,,,,,,,,,,,,,,,,,,,,9/29/1993,,Moderate <= 12.7ppm,W,467026,36,067,C,CO.1990.Syracuse,2/28/2026
NEW YORK,NY,Ontario County,8-Hour Ozone (1997),Revoked,"Rochester, NY",FALSE,,,,,,,,,,,,,04,05,06,07,08,09,10,11,12,13,14,,,,,,,,,,,,,  -   -,Yes,Marginal,W,107931,36,069,f,Ozone_8-hr.1997.Rochester,2/28/2026
NEW YORK,NY,Orange County,1-Hour Ozone (1979),Revoked,"New York-N. New Jersey-Long Island, NY-NJ-CT",FALSE,92,93,94,95,96,97,98,99,00,01,02,03,04,,,,,,,,,,,,,,,,,,,,,,,  -   -,Yes,Severe-17,P,129455,36,071,B,Ozone_1-hr.1990.New_York,2/28/2026
NEW YORK,NY,Orange County,1-Hour Ozone (1979),Revoked,"Poughkeepsie, NY",FALSE,92,93,94,95,96,97,98,99,00,01,02,03,04,,,,,,,,,,,,,,,,,,,,,,,  -   -,Yes,Moderate,P,243358,36,071,E,Ozone_1-hr.1990.Poughkeepsie,2/28/2026
NEW YORK,NY,Orange County,8-Hour Ozone (1997),Revoked,"Poughkeepsie, NY",FALSE,,,,,,,,,,,,,04,05,06,07,08,09,10,11,12,13,14,,,,,,,,,,,,,  -   -,Yes,Moderate,W,372813,36,071,e,Ozone_8-hr.1997.Poughkeepsie,2/28/2026
NEW YORK,NY,Orange County,PM-2.5 (1997),,"New York-N. New Jersey-Long Island, NY-NJ-CT",FALSE,,,,,,,,,,,,,,05,06,07,08,09,10,11,12,13,,,,,,,,,,,,,,4/18/2014,,Former Subpart 1,W,372813,36,071,g,PM-2.5.1997.New_York,2/28/2026
NEW YORK,NY,Orange County,PM-2.5 (2006),,"New York-N. New Jersey-Long Island, NY-NJ-CT",FALSE,,,,,,,,,,,,,,,,,,09,10,11,12,13,,,,,,,,,,,,,,4/18/2014,,Former Subpart 1,W,372813,36,071,g,PM-2.5.2006.New_York,2/28/2026
NEW YORK,NY,Orleans County,8-Hour Ozone (1997),Revoked,"Rochester, NY",FALSE,,,,,,,,,,,,,04,05,06,07,08,09,10,11,12,13,14,,,,,,,,,,,,,  -   -,Yes,Marginal,W,42883,36,073,f,Ozone_8-hr.1997.Rochester,2/28/2026
NEW YORK,NY,Putnam County,1-Hour Ozone (1979),Revoked,"Poughkeepsie, NY",FALSE,92,93,94,95,96,97,98,99,00,01,02,03,04,,,,,,,,,,,,,,,,,,,,,,,  -   -,Yes,Moderate,W,99710,36,079,E,Ozone_1-hr.1990.Poughkeepsie,2/28/2026
NEW YORK,NY,Putnam County,8-Hour Ozone (1997),Revoked,"Poughkeepsie, NY",FALSE,,,,,,,,,,,,,04,05,06,07,08,09,10,11,12,13,14,,,,,,,,,,,,,  -   -,Yes,Moderate,W,99710,36,079,e,Ozone_8-hr.1997.Poughkeepsie,2/28/2026
NEW YORK,NY,Queens County,1-Hour Ozone (1979),Revoked,"New York-N. New Jersey-Long Island, NY-NJ-CT",FALSE,92,93,94,95,96,97,98,99,00,01,02,03,04,,,,,,,,,,,,,,,,,,,,,,,  -   -,Yes,Severe-17,W,2230722,36,081,B,Ozone_1-hr.1990.New_York,2/28/2026
NEW YORK,NY,Queens County,8-Hour Ozone (1997),Revoked,"New York-N. New Jersey-Long Island, NY-NJ-CT",FALSE,,,,,,,,,,,,,04,05,06,07,08,09,10,11,12,13,14,,,,,,,,,,,,,  -   -,Yes,Moderate,W,2230722,36,081,e,Ozone_8-hr.1997.New_York,2/28/2026
NEW YORK,NY,Queens County,8-Hour Ozone (2008),,"New York-N. New Jersey-Long Island, NY-NJ-CT",FALSE,,,,,,,,,,,,,,,,,,,,,12,13,14,15,16,17,18,19,20,21,22,23,24,25,26,  -   -,Yes,Severe 15,W,2230722,36,081,c,Ozone_8-hr.2008.New_York,2/28/2026
NEW YORK,NY,Queens County,8-Hour Ozone (2015),,"New York-Northern New Jersey-Long Island, NY-NJ-CT",FALSE,,,,,,,,,,,,,,,,,,,,,,,,,,,18,19,20,21,22,23,24,25,26,  -   -,Yes,Serious,W,2230722,36,081,d,Ozone_8-hr.2015.New_York,2/28/2026
NEW YORK,NY,Queens County,Carbon Monoxide (1971),,"New York-N. New Jersey-Long Island, NY-NJ-CT",FALSE,92,93,94,95,96,97,98,99,00,01,,,,,,,,,,,,,,,,,,,,,,,,,,5/20/2002,,Moderate > 12.7ppm,W,2230722,36,081,B,CO.1990.New_York,2/28/2026
NEW YORK,NY,Queens County,PM-2.5 (1997),,"New York-N. New Jersey-Long Island, NY-NJ-CT",FALSE,,,,,,,,,,,,,,05,06,07,08,09,10,11,12,13,,,,,,,,,,,,,,4/18/2014,,Former Subpart 1,W,2230722,36,081,g,PM-2.5.1997.New_York,2/28/2026
NEW YORK,NY,Queens County,PM-2.5 (2006),,"New York-N. New Jersey-Long Island, NY-NJ-CT",FALSE,,,,,,,,,,,,,,,,,,09,10,11,12,13,,,,,,,,,,,,,,4/18/2014,,Former Subpart 1,W,2230722,36,081,g,PM-2.5.2006.New_York,2/28/2026
NEW YORK,NY,Rensselaer County,1-Hour Ozone (1979),Revoked,"Albany-Schenectady-Troy, NY",FALSE,92,93,94,95,96,97,98,99,00,01,02,03,04,,,,,,,,,,,,,,,,,,,,,,,  -   -,Yes,Marginal,W,159429,36,083,G,Ozone_1-hr.1990.Albany,2/28/2026
NEW YORK,NY,Rensselaer County,8-Hour Ozone (1997),Revoked,"Albany-Schenectady-Troy, NY",FALSE,,,,,,,,,,,,,04,05,06,07,08,09,10,11,12,13,14,,,,,,,,,,,,,  -   -,Yes,Marginal,W,159429,36,083,f,Ozone_8-hr.1997.Albany,2/28/2026
NEW YORK,NY,Richmond County,1-Hour Ozone (1979),Revoked,"New York-N. New Jersey-Long Island, NY-NJ-CT",FALSE,92,93,94,95,96,97,98,99,00,01,02,03,04,,,,,,,,,,,,,,,,,,,,,,,  -   -,Yes,Severe-17,W,468730,36,085,B,Ozone_1-hr.1990.New_York,2/28/2026
NEW YORK,NY,Richmond County,8-Hour Ozone (1997),Revoked,"New York-N. New Jersey-Long Island, NY-NJ-CT",FALSE,,,,,,,,,,,,,04,05,06,07,08,09,10,11,12,13,14,,,,,,,,,,,,,  -   -,Yes,Moderate,W,468730,36,085,e,Ozone_8-hr.1997.New_York,2/28/2026
NEW YORK,NY,Richmond County,8-Hour Ozone (2008),,"New York-N. New Jersey-Long Island, NY-NJ-CT",FALSE,,,,,,,,,,,,,,,,,,,,,12,13,14,15,16,17,18,19,20,21,22,23,24,25,26,  -   -,Yes,Severe 15,W,468730,36,085,c,Ozone_8-hr.2008.New_York,2/28/2026
NEW YORK,NY,Richmond County,8-Hour Ozone (2015),,"New York-Northern New Jersey-Long Island, NY-NJ-CT",FALSE,,,,,,,,,,,,,,,,,,,,,,,,,,,18,19,20,21,22,23,24,25,26,  -   -,Yes,Serious,W,468730,36,085,d,Ozone_8-hr.2015.New_York,2/28/2026
NEW YORK,NY,Richmond County,Carbon Monoxide (1971),,"New York-N. New Jersey-Long Island, NY-NJ-CT",FALSE,92,93,94,95,96,97,98,99,00,01,,,,,,,,,,,,,,,,,,,,,,,,,,5/20/2002,,Moderate > 12.7ppm,W,468730,36,085,B,CO.1990.New_York,2/28/2026
NEW YORK,NY,Richmond County,PM-2.5 (1997),,"New York-N. New Jersey-Long Island, NY-NJ-CT",FALSE,,,,,,,,,,,,,,05,06,07,08,09,10,11,12,13,,,,,,,,,,,,,,4/18/2014,,Former Subpart 1,W,468730,36,085,g,PM-2.5.1997.New_York,2/28/2026
NEW YORK,NY,Richmond County,PM-2.5 (2006),,"New York-N. New Jersey-Long Island, NY-NJ-CT",FALSE,,,,,,,,,,,,,,,,,,09,10,11,12,13,,,,,,,,,,,,,,4/18/2014,,Former Subpart 1,W,468730,36,085,g,PM-2.5.2006.New_York,2/28/2026
NEW YORK,NY,Rockland County,1-Hour Ozone (1979),Revoked,"New York-N. New Jersey-Long Island, NY-NJ-CT",FALSE,92,93,94,95,96,97,98,99,00,01,02,03,04,,,,,,,,,,,,,,,,,,,,,,,  -   -,Yes,Severe-17,W,311687,36,087,B,Ozone_1-hr.1990.New_York,2/28/2026
NEW YORK,NY,Rockland County,8-Hour Ozone (1997),Revoked,"New York-N. New Jersey-Long Island, NY-NJ-CT",FALSE,,,,,,,,,,,,,04,05,06,07,08,09,10,11,12,13,14,,,,,,,,,,,,,  -   -,Yes,Moderate,W,311687,36,087,e,Ozone_8-hr.1997.New_York,2/28/2026
NEW YORK,NY,Rockland County,8-Hour Ozone (2008),,"New York-N. New Jersey-Long Island, NY-NJ-CT",FALSE,,,,,,,,,,,,,,,,,,,,,12,13,14,15,16,17,18,19,20,21,22,23,24,25,26,  -   -,Yes,Severe 15,W,311687,36,087,c,Ozone_8-hr.2008.New_York,2/28/2026
NEW YORK,NY,Rockland County,8-Hour Ozone (2015),,"New York-Northern New Jersey-Long Island, NY-NJ-CT",FALSE,,,,,,,,,,,,,,,,,,,,,,,,,,,18,19,20,21,22,23,24,25,26,  -   -,Yes,Serious,W,311687,36,087,d,Ozone_8-hr.2015.New_York,2/28/2026
NEW YORK,NY,Rockland County,PM-2.5 (1997),,"New York-N. New Jersey-Long Island, NY-NJ-CT",FALSE,,,,,,,,,,,,,,05,06,07,08,09,10,11,12,13,,,,,,,,,,,,,,4/18/2014,,Former Subpart 1,W,311687,36,087,g,PM-2.5.1997.New_York,2/28/2026
NEW YORK,NY,Rockland County,PM-2.5 (2006),,"New York-N. New Jersey-Long Island, NY-NJ-CT",FALSE,,,,,,,,,,,,,,,,,,09,10,11,12,13,,,,,,,,,,,,,,4/18/2014,,Former Subpart 1,W,311687,36,087,g,PM-2.5.2006.New_York,2/28/2026
NEW YORK,NY,Saratoga County,1-Hour Ozone (1979),Revoked,"Albany-Schenectady-Troy, NY",FALSE,92,93,94,95,96,97,98,99,00,01,02,03,04,,,,,,,,,,,,,,,,,,,,,,,  -   -,Yes,Marginal,W,219607,36,091,G,Ozone_1-hr.1990.Albany,2/28/2026
NEW YORK,NY,Saratoga County,8-Hour Ozone (1997),Revoked,"Albany-Schenectady-Troy, NY",FALSE,,,,,,,,,,,,,04,05,06,07,08,09,10,11,12,13,14,,,,,,,,,,,,,  -   -,Yes,Marginal,W,219607,36,091,f,Ozone_8-hr.1997.Albany,2/28/2026
NEW YORK,NY,Schenectady County,1-Hour Ozone (1979),Revoked,"Albany-Schenectady-Troy, NY",FALSE,92,93,94,95,96,97,98,99,00,01,02,03,04,,,,,,,,,,,,,,,,,,,,,,,  -   -,Yes,Marginal,W,154727,36,093,G,Ozone_1-hr.1990.Albany,2/28/2026
NEW YORK,NY,Schenectady County,8-Hour Ozone (1997),Revoked,"Albany-Schenectady-Troy, NY",FALSE,,,,,,,,,,,,,04,05,06,07,08,09,10,11,12,13,14,,,,,,,,,,,,,  -   -,Yes,Marginal,W,154727,36,093,f,Ozone_8-hr.1997.Albany,2/28/2026
NEW YORK,NY,Schoharie County,8-Hour Ozone (1997),Revoked,"Albany-Schenectady-Troy, NY",FALSE,,,,,,,,,,,,,04,05,06,07,08,09,10,11,12,13,14,,,,,,,,,,,,,  -   -,Yes,Marginal,W,32749,36,095,f,Ozone_8-hr.1997.Albany,2/28/2026
NEW YORK,NY,St. Lawrence County,Sulfur Dioxide (2010),,"St. Lawrence County, NY",FALSE,,,,,,,,,,,,,,,,,,,,,,,,,,,,,,21,22,23,24,25,26,  -   -,Yes,,P,11922,36,089,A,SO2.2010.St_Lawrence_Co,2/28/2026
NEW YORK,NY,Suffolk County,1-Hour Ozone (1979),Revoked,"New York-N. New Jersey-Long Island, NY-NJ-CT",FALSE,92,93,94,95,96,97,98,99,00,01,02,03,04,,,,,,,,,,,,,,,,,,,,,,,  -   -,Yes,Severe-17,W,1493350,36,103,B,Ozone_1-hr.1990.New_York,2/28/2026
NEW YORK,NY,Suffolk County,8-Hour Ozone (1997),Revoked,"New York-N. New Jersey-Long Island, NY-NJ-CT",FALSE,,,,,,,,,,,,,04,05,06,07,08,09,10,11,12,13,14,,,,,,,,,,,,,  -   -,Yes,Moderate,W,1493350,36,103,e,Ozone_8-hr.1997.New_York,2/28/2026
NEW YORK,NY,Suffolk County,8-Hour Ozone (2008),,"New York-N. New Jersey-Long Island, NY-NJ-CT",FALSE,,,,,,,,,,,,,,,,,,,,,12,13,14,15,16,17,18,19,20,21,22,23,24,25,26,  -   -,Yes,Severe 15,W,1493350,36,103,c,Ozone_8-hr.2008.New_York,2/28/2026
NEW YORK,NY,Suffolk County,8-Hour Ozone (2015),,"New York-Northern New Jersey-Long Island, NY-NJ-CT",FALSE,,,,,,,,,,,,,,,,,,,,,,,,,,,18,19,20,21,22,23,24,25,26,  -   -,Yes,Serious,W,1493350,36,103,d,Ozone_8-hr.2015.New_York,2/28/2026
NEW YORK,NY,Suffolk County,PM-2.5 (1997),,"New York-N. New Jersey-Long Island, NY-NJ-CT",FALSE,,,,,,,,,,,,,,05,06,07,08,09,10,11,12,13,,,,,,,,,,,,,,4/18/2014,,Former Subpart 1,W,1493350,36,103,g,PM-2.5.1997.New_York,2/28/2026
NEW YORK,NY,Suffolk County,PM-2.5 (2006),,"New York-N. New Jersey-Long Island, NY-NJ-CT",FALSE,,,,,,,,,,,,,,,,,,09,10,11,12,13,,,,,,,,,,,,,,4/18/2014,,Former Subpart 1,W,1493350,36,103,g,PM-2.5.2006.New_York,2/28/2026
NEW YORK,NY,Wayne County,8-Hour Ozone (1997),Revoked,"Rochester, NY",FALSE,,,,,,,,,,,,,04,05,06,07,08,09,10,11,12,13,14,,,,,,,,,,,,,  -   -,Yes,Marginal,W,93772,36,117,f,Ozone_8-hr.1997.Rochester,2/28/2026
NEW YORK,NY,Westchester County,1-Hour Ozone (1979),Revoked,"New York-N. New Jersey-Long Island, NY-NJ-CT",FALSE,92,93,94,95,96,97,98,99,00,01,02,03,04,,,,,,,,,,,,,,,,,,,,,,,  -   -,Yes,Severe-17,W,949113,36,119,B,Ozone_1-hr.1990.New_York,2/28/2026
NEW YORK,NY,Westchester County,8-Hour Ozone (1997),Revoked,"New York-N. New Jersey-Long Island, NY-NJ-CT",FALSE,,,,,,,,,,,,,04,05,06,07,08,09,10,11,12,13,14,,,,,,,,,,,,,  -   -,Yes,Moderate,W,949113,36,119,e,Ozone_8-hr.1997.New_York,2/28/2026
NEW YORK,NY,Westchester County,8-Hour Ozone (2008),,"New York-N. New Jersey-Long Island, NY-NJ-CT",FALSE,,,,,,,,,,,,,,,,,,,,,12,13,14,15,16,17,18,19,20,21,22,23,24,25,26,  -   -,Yes,Severe 15,W,949113,36,119,c,Ozone_8-hr.2008.New_York,2/28/2026
NEW YORK,NY,Westchester County,8-Hour Ozone (2015),,"New York-Northern New Jersey-Long Island, NY-NJ-CT",FALSE,,,,,,,,,,,,,,,,,,,,,,,,,,,18,19,20,21,22,23,24,25,26,  -   -,Yes,Serious,W,949113,36,119,d,Ozone_8-hr.2015.New_York,2/28/2026
NEW YORK,NY,Westchester County,Carbon Monoxide (1971),,"New York-N. New Jersey-Long Island, NY-NJ-CT",FALSE,92,93,94,95,96,97,98,99,00,01,,,,,,,,,,,,,,,,,,,,,,,,,,5/20/2002,,Moderate > 12.7ppm,W,949113,36,119,B,CO.1990.New_York,2/28/2026
NEW YORK,NY,Westchester County,PM-2.5 (1997),,"New York-N. New Jersey-Long Island, NY-NJ-CT",FALSE,,,,,,,,,,,,,,05,06,07,08,09,10,11,12,13,,,,,,,,,,,,,,4/18/2014,,Former Subpart 1,W,949113,36,119,g,PM-2.5.1997.New_York,2/28/2026
NEW YORK,NY,Westchester County,PM-2.5 (2006),,"New York-N. New Jersey-Long Island, NY-NJ-CT",FALSE,,,,,,,,,,,,,,,,,,09,10,11,12,13,,,,,,,,,,,,,,4/18/2014,,Former Subpart 1,W,949113,36,119,g,PM-2.5.2006.New_York,2/28/2026
NORTH CAROLINA,NC,Cabarrus County,8-Hour Ozone (1997),Revoked,"Charlotte-Gastonia-Rock Hill, NC-SC",FALSE,,,,,,,,,,,,,04,05,06,07,08,09,10,11,12,13,,,,,,,,,,,,,,1/2/2014,,Moderate,W,178011,37,025,e,Ozone_8-hr.1997.Charlotte,2/28/2026
NORTH CAROLINA,NC,Cabarrus County,8-Hour Ozone (2008),,"Charlotte-Rock Hill, NC-SC",FALSE,,,,,,,,,,,,,,,,,,,,,12,13,14,,,,,,,,,,,,,8/27/2015,,Marginal,P,176928,37,025,f,Ozone_8-hr.2008.Charlotte,2/28/2026
NORTH CAROLINA,NC,Catawba County,PM-2.5 (1997),,"Hickory-Morganton-Lenoir, NC",FALSE,,,,,,,,,,,,,,05,06,07,08,09,10,,,,,,,,,,,,,,,,,12/19/2011,,Former Subpart 1,W,154358,37,035,g,PM-2.5.1997.Hickory,2/28/2026
NORTH CAROLINA,NC,Chatham County,8-Hour Ozone (1997),Revoked,"Raleigh-Durham-Chapel Hill, NC",FALSE,,,,,,,,,,,,,04,05,06,,,,,,,,,,,,,,,,,,,,,12/26/2007,,Former Subpart 1,P,32372,37,037,g,Ozone_8-hr.1997.Raleigh,2/28/2026
NORTH CAROLINA,NC,Davidson County,1-Hour Ozone (1979),Revoked,"Greensboro-Winston-Salem-High Point, NC",FALSE,92,,,,,,,,,,,,,,,,,,,,,,,,,,,,,,,,,,,11/8/1993,,Moderate,W,162878,37,057,E,Ozone_1-hr.1990.Greensboro,2/28/2026
NORTH CAROLINA,NC,Davidson County,PM-2.5 (1997),,"Greensboro-Winston Salem-High Point, NC",FALSE,,,,,,,,,,,,,,05,06,07,08,09,10,,,,,,,,,,,,,,,,,12/19/2011,,Former Subpart 1,W,162878,37,057,g,PM-2.5.1997.Greensboro,2/28/2026
NORTH CAROLINA,NC,Davie County,1-Hour Ozone (1979),Revoked,"Greensboro-Winston-Salem-High Point, NC",FALSE,92,,,,,,,,,,,,,,,,,,,,,,,,,,,,,,,,,,,11/8/1993,,Moderate,P,1,37,059,E,Ozone_1-hr.1990.Greensboro,2/28/2026
NORTH CAROLINA,NC,Durham County,1-Hour Ozone (1979),Revoked,"Raleigh-Durham, NC",FALSE,92,93,,,,,,,,,,,,,,,,,,,,,,,,,,,,,,,,,,6/17/1994,,Moderate,W,267587,37,063,E,Ozone_1-hr.1990.Raleigh,2/28/2026
NORTH CAROLINA,NC,Durham County,8-Hour Ozone (1997),Revoked,"Raleigh-Durham-Chapel Hill, NC",FALSE,,,,,,,,,,,,,04,05,06,,,,,,,,,,,,,,,,,,,,,12/26/2007,,Former Subpart 1,W,267587,37,063,g,Ozone_8-hr.1997.Raleigh,2/28/2026
NORTH CAROLINA,NC,Durham County,Carbon Monoxide (1971),,"Raleigh-Durham, NC",FALSE,92,93,94,,,,,,,,,,,,,,,,,,,,,,,,,,,,,,,,,9/18/1995,,Moderate <= 12.7ppm,W,267587,37,063,C,CO.1990.Raleigh,2/28/2026
NORTH CAROLINA,NC,Edgecombe County,8-Hour Ozone (1997),Revoked,"Rocky Mount, NC",FALSE,,,,,,,,,,,,,04,05,06,,,,,,,,,,,,,,,,,,,,,1/5/2007,,Former Subpart 1,W,56552,37,065,g,Ozone_8-hr.1997.Rocky_Mount,2/28/2026
NORTH CAROLINA,NC,Forsyth County,1-Hour Ozone (1979),Revoked,"Greensboro-Winston-Salem-High Point, NC",FALSE,92,,,,,,,,,,,,,,,,,,,,,,,,,,,,,,,,,,,11/8/1993,,Moderate,W,350670,37,067,E,Ozone_1-hr.1990.Greensboro,2/28/2026
NORTH CAROLINA,NC,Forsyth County,Carbon Monoxide (1971),,"Winston-Salem, NC",FALSE,92,93,,,,,,,,,,,,,,,,,,,,,,,,,,,,,,,,,,11/7/1994,,Moderate <= 12.7ppm,W,350670,37,067,C,CO.1990.Winston-Salem,2/28/2026
NORTH CAROLINA,NC,Franklin County,8-Hour Ozone (1997),Revoked,"Raleigh-Durham-Chapel Hill, NC",FALSE,,,,,,,,,,,,,04,05,06,,,,,,,,,,,,,,,,,,,,,12/26/2007,,Former Subpart 1,W,60619,37,069,g,Ozone_8-hr.1997.Raleigh,2/28/2026
NORTH CAROLINA,NC,Gaston County,1-Hour Ozone (1979),Revoked,"Charlotte-Gastonia, NC",FALSE,92,93,94,,,,,,,,,,,,,,,,,,,,,,,,,,,,,,,,,7/5/1995,,Moderate,W,206086,37,071,E,Ozone_1-hr.1990.Charlotte,2/28/2026
NORTH CAROLINA,NC,Gaston County,8-Hour Ozone (1997),Revoked,"Charlotte-Gastonia-Rock Hill, NC-SC",FALSE,,,,,,,,,,,,,04,05,06,07,08,09,10,11,12,13,,,,,,,,,,,,,,1/2/2014,,Moderate,W,206086,37,071,e,Ozone_8-hr.1997.Charlotte,2/28/2026
NORTH CAROLINA,NC,Gaston County,8-Hour Ozone (2008),,"Charlotte-Rock Hill, NC-SC",FALSE,,,,,,,,,,,,,,,,,,,,,12,13,14,,,,,,,,,,,,,8/27/2015,,Marginal,P,190849,37,071,f,Ozone_8-hr.2008.Charlotte,2/28/2026
NORTH CAROLINA,NC,Granville County,1-Hour Ozone (1979),Revoked,"Raleigh-Durham, NC",FALSE,92,93,,,,,,,,,,,,,,,,,,,,,,,,,,,,,,,,,,6/17/1994,,Moderate,P,17725,37,077,E,Ozone_1-hr.1990.Raleigh,2/28/2026
NORTH CAROLINA,NC,Granville County,8-Hour Ozone (1997),Revoked,"Raleigh-Durham-Chapel Hill, NC",FALSE,,,,,,,,,,,,,04,05,06,,,,,,,,,,,,,,,,,,,,,12/26/2007,,Former Subpart 1,W,59916,37,077,g,Ozone_8-hr.1997.Raleigh,2/28/2026
NORTH CAROLINA,NC,Guilford County,1-Hour Ozone (1979),Revoked,"Greensboro-Winston-Salem-High Point, NC",FALSE,92,,,,,,,,,,,,,,,,,,,,,,,,,,,,,,,,,,,11/8/1993,,Moderate,W,488406,37,081,E,Ozone_1-hr.1990.Greensboro,2/28/2026
NORTH CAROLINA,NC,Guilford County,PM-2.5 (1997),,"Greensboro-Winston Salem-High Point, NC",FALSE,,,,,,,,,,,,,,05,06,07,08,09,10,,,,,,,,,,,,,,,,,12/19/2011,,Former Subpart 1,W,488406,37,081,g,PM-2.5.1997.Greensboro,2/28/2026
NORTH CAROLINA,NC,Haywood County,8-Hour Ozone (1997),Revoked,"Haywood and Swain Counties (Great Smoky NP), NC",FALSE,,,,,,,,,,,,,04,05,06,07,08,09,,,,,,,,,,,,,,,,,,1/6/2010,,Former Subpart 1,P,985,37,087,g,Ozone_8-hr.1997.Haywood_and_Swain_Cos,2/28/2026
NORTH CAROLINA,NC,Iredell County,8-Hour Ozone (1997),Revoked,"Charlotte-Gastonia-Rock Hill, NC-SC",FALSE,,,,,,,,,,,,,04,05,06,07,08,09,10,11,12,13,,,,,,,,,,,,,,1/2/2014,,Moderate,P,68089,37,097,e,Ozone_8-hr.1997.Charlotte,2/28/2026
NORTH CAROLINA,NC,Iredell County,8-Hour Ozone (2008),,"Charlotte-Rock Hill, NC-SC",FALSE,,,,,,,,,,,,,,,,,,,,,12,13,14,,,,,,,,,,,,,8/27/2015,,Marginal,P,65899,37,097,f,Ozone_8-hr.2008.Charlotte,2/28/2026
NORTH CAROLINA,NC,Johnston County,8-Hour Ozone (1997),Revoked,"Raleigh-Durham-Chapel Hill, NC",FALSE,,,,,,,,,,,,,04,05,06,,,,,,,,,,,,,,,,,,,,,12/26/2007,,Former Subpart 1,W,168878,37,101,g,Ozone_8-hr.1997.Raleigh,2/28/2026
NORTH CAROLINA,NC,Lincoln County,8-Hour Ozone (1997),Revoked,"Charlotte-Gastonia-Rock Hill, NC-SC",FALSE,,,,,,,,,,,,,04,05,06,07,08,09,10,11,12,13,,,,,,,,,,,,,,1/2/2014,,Moderate,W,78265,37,109,e,Ozone_8-hr.1997.Charlotte,2/28/2026
NORTH CAROLINA,NC,Lincoln County,8-Hour Ozone (2008),,"Charlotte-Rock Hill, NC-SC",FALSE,,,,,,,,,,,,,,,,,,,,,12,13,14,,,,,,,,,,,,,8/27/2015,,Marginal,P,64189,37,109,f,Ozone_8-hr.2008.Charlotte,2/28/2026
NORTH CAROLINA,NC,Mecklenburg County,1-Hour Ozone (1979),Revoked,"Charlotte-Gastonia, NC",FALSE,92,93,94,,,,,,,,,,,,,,,,,,,,,,,,,,,,,,,,,7/5/1995,,Moderate,W,919628,37,119,E,Ozone_1-hr.1990.Charlotte,2/28/2026
NORTH CAROLINA,NC,Mecklenburg County,8-Hour Ozone (1997),Revoked,"Charlotte-Gastonia-Rock Hill, NC-SC",FALSE,,,,,,,,,,,,,04,05,06,07,08,09,10,11,12,13,,,,,,,,,,,,,,1/2/2014,,Moderate,W,919628,37,119,e,Ozone_8-hr.1997.Charlotte,2/28/2026
NORTH CAROLINA,NC,Mecklenburg County,8-Hour Ozone (2008),,"Charlotte-Rock Hill, NC-SC",FALSE,,,,,,,,,,,,,,,,,,,,,12,13,14,,,,,,,,,,,,,8/27/2015,,Marginal,W,919628,37,119,f,Ozone_8-hr.2008.Charlotte,2/28/2026
NORTH CAROLINA,NC,Mecklenburg County,Carbon Monoxide (1971),,"Charlotte, NC",FALSE,92,93,94,,,,,,,,,,,,,,,,,,,,,,,,,,,,,,,,,9/18/1995,,Not Classified,W,919628,37,119,D,CO.1990.Charlotte,2/28/2026
NORTH CAROLINA,NC,Nash County,8-Hour Ozone (1997),Revoked,"Rocky Mount, NC",FALSE,,,,,,,,,,,,,04,05,06,,,,,,,,,,,,,,,,,,,,,1/5/2007,,Former Subpart 1,W,95840,37,127,g,Ozone_8-hr.1997.Rocky_Mount,2/28/2026
NORTH CAROLINA,NC,Orange County,8-Hour Ozone (1997),Revoked,"Raleigh-Durham-Chapel Hill, NC",FALSE,,,,,,,,,,,,,04,05,06,,,,,,,,,,,,,,,,,,,,,12/26/2007,,Former Subpart 1,W,133801,37,135,g,Ozone_8-hr.1997.Raleigh,2/28/2026
NORTH CAROLINA,NC,Person County,8-Hour Ozone (1997),Revoked,"Raleigh-Durham-Chapel Hill, NC",FALSE,,,,,,,,,,,,,04,05,06,,,,,,,,,,,,,,,,,,,,,12/26/2007,,Former Subpart 1,W,39464,37,145,g,Ozone_8-hr.1997.Raleigh,2/28/2026
NORTH CAROLINA,NC,Rowan County,8-Hour Ozone (1997),Revoked,"Charlotte-Gastonia-Rock Hill, NC-SC",FALSE,,,,,,,,,,,,,04,05,06,07,08,09,10,11,12,13,,,,,,,,,,,,,,1/2/2014,,Moderate,W,138428,37,159,e,Ozone_8-hr.1997.Charlotte,2/28/2026
NORTH CAROLINA,NC,Rowan County,8-Hour Ozone (2008),,"Charlotte-Rock Hill, NC-SC",FALSE,,,,,,,,,,,,,,,,,,,,,12,13,14,,,,,,,,,,,,,8/27/2015,,Marginal,P,130057,37,159,f,Ozone_8-hr.2008.Charlotte,2/28/2026
NORTH CAROLINA,NC,Swain County,8-Hour Ozone (1997),Revoked,"Haywood and Swain Counties (Great Smoky NP), NC",FALSE,,,,,,,,,,,,,04,05,06,07,08,09,,,,,,,,,,,,,,,,,,1/6/2010,,Former Subpart 1,P,3288,37,173,g,Ozone_8-hr.1997.Haywood_and_Swain_Cos,2/28/2026
NORTH CAROLINA,NC,Union County,8-Hour Ozone (1997),Revoked,"Charlotte-Gastonia-Rock Hill, NC-SC",FALSE,,,,,,,,,,,,,04,05,06,07,08,09,10,11,12,13,,,,,,,,,,,,,,1/2/2014,,Moderate,W,201292,37,179,e,Ozone_8-hr.1997.Charlotte,2/28/2026
NORTH CAROLINA,NC,Union County,8-Hour Ozone (2008),,"Charlotte-Rock Hill, NC-SC",FALSE,,,,,,,,,,,,,,,,,,,,,12,13,14,,,,,,,,,,,,,8/27/2015,,Marginal,P,176055,37,179,f,Ozone_8-hr.2008.Charlotte,2/28/2026
NORTH CAROLINA,NC,Wake County,1-Hour Ozone (1979),Revoked,"Raleigh-Durham, NC",FALSE,92,93,,,,,,,,,,,,,,,,,,,,,,,,,,,,,,,,,,6/17/1994,,Moderate,W,900993,37,183,E,Ozone_1-hr.1990.Raleigh,2/28/2026
NORTH CAROLINA,NC,Wake County,8-Hour Ozone (1997),Revoked,"Raleigh-Durham-Chapel Hill, NC",FALSE,,,,,,,,,,,,,04,05,06,,,,,,,,,,,,,,,,,,,,,12/26/2007,,Former Subpart 1,W,900993,37,183,g,Ozone_8-hr.1997.Raleigh,2/28/2026
NORTH CAROLINA,NC,Wake County,Carbon Monoxide (1971),,"Raleigh-Durham, NC",FALSE,92,93,94,,,,,,,,,,,,,,,,,,,,,,,,,,,,,,,,,9/18/1995,,Moderate <= 12.7ppm,W,900993,37,183,C,CO.1990.Raleigh,2/28/2026
OHIO,OH,Adams County,PM-2.5 (1997),,"Huntington-Ashland, WV-KY-OH",FALSE,,,,,,,,,,,,,,05,06,07,08,09,10,11,,,,,,,,,,,,,,,,12/31/2012,,Former Subpart 1,P,3355,39,001,g,PM-2.5.1997.Huntington,2/28/2026
OHIO,OH,Allen County,8-Hour Ozone (1997),Revoked,"Lima, OH",FALSE,,,,,,,,,,,,,04,05,06,,,,,,,,,,,,,,,,,,,,,6/15/2007,,Former Subpart 1,W,106331,39,003,g,Ozone_8-hr.1997.Lima,2/28/2026
OHIO,OH,Ashtabula County,1-Hour Ozone (1979),Revoked,"Cleveland-Akron-Lorain, OH",FALSE,92,93,94,95,,,,,,,,,,,,,,,,,,,,,,,,,,,,,,,,5/7/1996,,Moderate,W,101497,39,007,E,Ozone_1-hr.1990.Cleveland,2/28/2026
OHIO,OH,Ashtabula County,8-Hour Ozone (1997),Revoked,"Cleveland-Akron-Lorain, OH",FALSE,,,,,,,,,,,,,04,05,06,07,08,,,,,,,,,,,,,,,,,,,9/15/2009,,Moderate,W,101497,39,007,e,Ozone_8-hr.1997.Cleveland,2/28/2026
OHIO,OH,Ashtabula County,8-Hour Ozone (2008),,"Cleveland-Akron-Lorain, OH",FALSE,,,,,,,,,,,,,,,,,,,,,12,13,14,15,16,,,,,,,,,,,1/6/2017,,Marginal,W,101497,39,007,f,Ozone_8-hr.2008.Cleveland,2/28/2026
OHIO,OH,Ashtabula County,PM-2.5 (1997),,"Cleveland-Akron-Lorain, OH",FALSE,,,,,,,,,,,,,,05,06,07,08,09,10,11,12,,,,,,,,,,,,,,,9/18/2013,,Former Subpart 1,P,22514,39,007,g,PM-2.5.1997.Cleveland,2/28/2026
OHIO,OH,Belmont County,8-Hour Ozone (1997),Revoked,"Wheeling, WV-OH",FALSE,,,,,,,,,,,,,04,05,06,,,,,,,,,,,,,,,,,,,,,6/15/2007,,Former Subpart 1,W,70400,39,013,g,Ozone_8-hr.1997.Wheeling,2/28/2026
OHIO,OH,Belmont County,PM-2.5 (1997),,"Wheeling, WV-OH",FALSE,,,,,,,,,,,,,,05,06,07,08,09,10,11,12,,,,,,,,,,,,,,,8/29/2013,,Former Subpart 1,W,70400,39,013,g,PM-2.5.1997.Wheeling,2/28/2026
OHIO,OH,Butler County,1-Hour Ozone (1979),Revoked,"Cincinnati-Hamilton, OH-KY",FALSE,92,93,94,95,96,97,98,99,00,01,02,03,04,,,,,,,,,,,,,,,,,,,,,,,6/14/2005,,Moderate,W,368130,39,017,E,Ozone_1-hr.1990.Cincinnati,2/28/2026
OHIO,OH,Butler County,8-Hour Ozone (1997),Revoked,"Cincinnati-Hamilton, OH-KY-IN",FALSE,,,,,,,,,,,,,04,05,06,07,08,09,,,,,,,,,,,,,,,,,,5/11/2010,,Former Subpart 1,W,368130,39,017,g,Ozone_8-hr.1997.Cincinnati,2/28/2026
OHIO,OH,Butler County,8-Hour Ozone (2008),,"Cincinnati, OH-KY-IN",FALSE,,,,,,,,,,,,,,,,,,,,,12,13,14,15,,,,,,,,,,,,12/16/2016,,Marginal,W,368130,39,017,f,Ozone_8-hr.2008.Cincinnati,2/28/2026
OHIO,OH,Butler County,8-Hour Ozone (2015),,"Cincinnati, OH-KY",FALSE,,,,,,,,,,,,,,,,,,,,,,,,,,,18,19,20,21,,,,,,6/9/2022,,Marginal,W,368130,39,017,f,Ozone_8-hr.2015.Cincinnati,2/28/2026
OHIO,OH,Butler County,PM-2.5 (1997),,"Cincinnati-Hamilton, OH-KY-IN",FALSE,,,,,,,,,,,,,,05,06,07,08,09,10,11,12,13,14,15,16,,,,,,,,,,,4/7/2017,,Former Subpart 1,W,368130,39,017,g,PM-2.5.1997.Cincinnati,2/28/2026
OHIO,OH,Clark County,1-Hour Ozone (1979),Revoked,"Dayton-Springfield, OH",FALSE,92,93,94,,,,,,,,,,,,,,,,,,,,,,,,,,,,,,,,,7/5/1995,,Moderate,W,138333,39,023,E,Ozone_1-hr.1990.Dayton,2/28/2026
OHIO,OH,Clark County,8-Hour Ozone (1997),Revoked,"Dayton-Springfield, OH",FALSE,,,,,,,,,,,,,04,05,06,,,,,,,,,,,,,,,,,,,,,8/13/2007,,Former Subpart 1,W,138333,39,023,g,Ozone_8-hr.1997.Dayton,2/28/2026
OHIO,OH,Clark County,PM-2.5 (1997),,"Dayton-Springfield, OH",FALSE,,,,,,,,,,,,,,05,06,07,08,09,10,11,12,,,,,,,,,,,,,,,9/26/2013,,Former Subpart 1,W,138333,39,023,g,PM-2.5.1997.Dayton,2/28/2026
OHIO,OH,Clermont County,1-Hour Ozone (1979),Revoked,"Cincinnati-Hamilton, OH-KY",FALSE,92,93,94,95,96,97,98,99,00,01,02,03,04,,,,,,,,,,,,,,,,,,,,,,,6/14/2005,,Moderate,W,197363,39,025,E,Ozone_1-hr.1990.Cincinnati,2/28/2026
OHIO,OH,Clermont County,8-Hour Ozone (1997),Revoked,"Cincinnati-Hamilton, OH-KY-IN",FALSE,,,,,,,,,,,,,04,05,06,07,08,09,,,,,,,,,,,,,,,,,,5/11/2010,,Former Subpart 1,W,197363,39,025,g,Ozone_8-hr.1997.Cincinnati,2/28/2026
OHIO,OH,Clermont County,8-Hour Ozone (2008),,"Cincinnati, OH-KY-IN",FALSE,,,,,,,,,,,,,,,,,,,,,12,13,14,15,,,,,,,,,,,,12/16/2016,,Marginal,W,197363,39,025,f,Ozone_8-hr.2008.Cincinnati,2/28/2026
OHIO,OH,Clermont County,8-Hour Ozone (2015),,"Cincinnati, OH-KY",FALSE,,,,,,,,,,,,,,,,,,,,,,,,,,,18,19,20,21,,,,,,6/9/2022,,Marginal,W,197363,39,025,f,Ozone_8-hr.2015.Cincinnati,2/28/2026
OHIO,OH,Clermont County,PM-2.5 (1997),,"Cincinnati-Hamilton, OH-KY-IN",FALSE,,,,,,,,,,,,,,05,06,07,08,09,10,11,12,13,14,15,16,,,,,,,,,,,4/7/2017,,Former Subpart 1,W,197363,39,025,g,PM-2.5.1997.Cincinnati,2/28/2026
OHIO,OH,Clermont County,Sulfur Dioxide (2010),,"Campbell-Clermont Counties, KY-OH",FALSE,,,,,,,,,,,,,,,,,,,,,,13,14,15,,,,,,,,,,,,11/21/2016,,,P,14349,39,025,A,SO2.2010.Cincinnati,2/28/2026
OHIO,OH,Clinton County,1-Hour Ozone (1979),Revoked,"Clinton County, OH",FALSE,92,93,94,95,,,,,,,,,,,,,,,,,,,,,,,,,,,,,,,,3/21/1996,,Section 185A,W,42040,39,027,J,Ozone_1-hr.1990.Clinton_Co,2/28/2026
OHIO,OH,Clinton County,8-Hour Ozone (1997),Revoked,"Cincinnati-Hamilton, OH-KY-IN",FALSE,,,,,,,,,,,,,04,05,06,07,08,09,,,,,,,,,,,,,,,,,,5/11/2010,,Former Subpart 1,W,42040,39,027,g,Ozone_8-hr.1997.Cincinnati,2/28/2026
OHIO,OH,Clinton County,8-Hour Ozone (2008),,"Cincinnati, OH-KY-IN",FALSE,,,,,,,,,,,,,,,,,,,,,12,13,14,15,,,,,,,,,,,,12/16/2016,,Marginal,W,42040,39,027,f,Ozone_8-hr.2008.Cincinnati,2/28/2026
OHIO,OH,Columbiana County,1-Hour Ozone (1979),Revoked,"Columbiana County, OH",FALSE,92,93,94,,,,,,,,,,,,,,,,,,,,,,,,,,,,,,,,,3/10/1995,,Incomplete Data,W,107841,39,029,K,Ozone_1-hr.1990.Columbiana_Co,2/28/2026
OHIO,OH,Columbiana County,8-Hour Ozone (1997),Revoked,"Youngstown-Warren-Sharon, OH-PA",FALSE,,,,,,,,,,,,,04,05,06,,,,,,,,,,,,,,,,,,,,,6/12/2007,,Former Subpart 1,W,107841,39,029,g,Ozone_8-hr.1997.Youngstown,2/28/2026
OHIO,OH,Coshocton County,PM-2.5 (1997),,"Columbus, OH",FALSE,,,,,,,,,,,,,,05,06,07,08,09,10,11,12,,,,,,,,,,,,,,,11/7/2013,,Former Subpart 1,P,1535,39,031,g,PM-2.5.1997.Columbus,2/28/2026
OHIO,OH,Coshocton County,Sulfur Dioxide (1971),,"Coshocton County; Franklin Township, OH",FALSE,92,93,94,95,96,97,98,99,,,,,,,,,,,,,,,,,,,,,,,,,,,,7/5/2000,,Primary,P,1229,39,031,A,SO2.1978.Coshocton_Co,2/28/2026
OHIO,OH,Cuyahoga County,1-Hour Ozone (1979),Revoked,"Cleveland-Akron-Lorain, OH",FALSE,92,93,94,95,,,,,,,,,,,,,,,,,,,,,,,,,,,,,,,,5/7/1996,,Moderate,W,1280122,39,035,E,Ozone_1-hr.1990.Cleveland,2/28/2026
OHIO,OH,Cuyahoga County,8-Hour Ozone (1997),Revoked,"Cleveland-Akron-Lorain, OH",FALSE,,,,,,,,,,,,,04,05,06,07,08,,,,,,,,,,,,,,,,,,,9/15/2009,,Moderate,W,1280122,39,035,e,Ozone_8-hr.1997.Cleveland,2/28/2026
OHIO,OH,Cuyahoga County,8-Hour Ozone (2008),,"Cleveland-Akron-Lorain, OH",FALSE,,,,,,,,,,,,,,,,,,,,,12,13,14,15,16,,,,,,,,,,,1/6/2017,,Marginal,W,1280122,39,035,f,Ozone_8-hr.2008.Cleveland,2/28/2026
OHIO,OH,Cuyahoga County,8-Hour Ozone (2015),,"Cleveland, OH",FALSE,,,,,,,,,,,,,,,,,,,,,,,,,,,18,19,20,21,22,23,24,25,26,  -   -,Yes,Serious,W,1280122,39,035,d,Ozone_8-hr.2015.Cleveland,2/28/2026
OHIO,OH,Cuyahoga County,Carbon Monoxide (1971),,"Cleveland, OH",FALSE,92,93,,,,,,,,,,,,,,,,,,,,,,,,,,,,,,,,,,3/7/1994,,Moderate <= 12.7ppm,W,1280122,39,035,C,CO.1990.Cleveland,2/28/2026
OHIO,OH,Cuyahoga County,Lead (2008),,"Cleveland, OH",FALSE,,,,,,,,,,,,,,,,,,,10,11,12,13,14,15,16,,,,,,,,,,,7/31/2017,,,P,7816,39,035,A,Lead.2008.Cleveland,2/28/2026
OHIO,OH,Cuyahoga County,PM-10 (1987),,"Cuyahoga County, OH",FALSE,92,93,94,95,96,97,98,99,00,,,,,,,,,,,,,,,,,,,,,,,,,,,1/10/2001,,Moderate,W,1280122,39,035,B,PM-10.1990.Cleveland,2/28/2026
OHIO,OH,Cuyahoga County,PM-2.5 (1997),,"Cleveland-Akron-Lorain, OH",FALSE,,,,,,,,,,,,,,05,06,07,08,09,10,11,12,,,,,,,,,,,,,,,9/18/2013,,Former Subpart 1,W,1280122,39,035,g,PM-2.5.1997.Cleveland,2/28/2026
OHIO,OH,Cuyahoga County,PM-2.5 (2006),,"Cleveland-Akron-Lorain, OH",FALSE,,,,,,,,,,,,,,,,,,09,10,11,12,,,,,,,,,,,,,,,9/18/2013,,Former Subpart 1,W,1280122,39,035,g,PM-2.5.2006.Cleveland,2/28/2026
OHIO,OH,Cuyahoga County,PM-2.5 (2012),,"Cleveland, OH",FALSE,,,,,,,,,,,,,,,,,,,,,,,,15,16,17,18,,,,,,,,,4/12/2019,,Moderate,W,1280122,39,035,B,PM-2.5.2012.Cleveland,2/28/2026
OHIO,OH,Cuyahoga County,Sulfur Dioxide (1971),,"Cuyahoga County, OH",FALSE,92,93,94,95,96,97,98,99,00,01,02,03,04,,,,,,,,,,,,,,,,,,,,,,,2/28/2005,,Primary,P,996159,39,035,A,SO2.1978.Cleveland,2/28/2026
OHIO,OH,Delaware County,1-Hour Ozone (1979),Revoked,"Columbus, OH",FALSE,92,93,94,95,,,,,,,,,,,,,,,,,,,,,,,,,,,,,,,,4/1/1996,,Marginal,W,174214,39,041,G,Ozone_1-hr.1990.Columbus,2/28/2026
OHIO,OH,Delaware County,8-Hour Ozone (1997),Revoked,"Columbus, OH",FALSE,,,,,,,,,,,,,04,05,06,07,08,,,,,,,,,,,,,,,,,,,9/15/2009,,Former Subpart 1,W,174214,39,041,g,Ozone_8-hr.1997.Columbus,2/28/2026
OHIO,OH,Delaware County,8-Hour Ozone (2008),,"Columbus, OH",FALSE,,,,,,,,,,,,,,,,,,,,,12,13,14,15,,,,,,,,,,,,12/21/2016,,Marginal,W,174214,39,041,f,Ozone_8-hr.2008.Columbus,2/28/2026
OHIO,OH,Delaware County,8-Hour Ozone (2015),,"Columbus, OH",FALSE,,,,,,,,,,,,,,,,,,,,,,,,,,,18,,,,,,,,,8/21/2019,,Marginal,W,174214,39,041,f,Ozone_8-hr.2015.Columbus,2/28/2026
OHIO,OH,Delaware County,PM-2.5 (1997),,"Columbus, OH",FALSE,,,,,,,,,,,,,,05,06,07,08,09,10,11,12,,,,,,,,,,,,,,,11/7/2013,,Former Subpart 1,W,174214,39,041,g,PM-2.5.1997.Columbus,2/28/2026
OHIO,OH,Fairfield County,8-Hour Ozone (1997),Revoked,"Columbus, OH",FALSE,,,,,,,,,,,,,04,05,06,07,08,,,,,,,,,,,,,,,,,,,9/15/2009,,Former Subpart 1,W,146156,39,045,g,Ozone_8-hr.1997.Columbus,2/28/2026
OHIO,OH,Fairfield County,8-Hour Ozone (2008),,"Columbus, OH",FALSE,,,,,,,,,,,,,,,,,,,,,12,13,14,15,,,,,,,,,,,,12/21/2016,,Marginal,W,146156,39,045,f,Ozone_8-hr.2008.Columbus,2/28/2026
OHIO,OH,Fairfield County,8-Hour Ozone (2015),,"Columbus, OH",FALSE,,,,,,,,,,,,,,,,,,,,,,,,,,,18,,,,,,,,,8/21/2019,,Marginal,W,146156,39,045,f,Ozone_8-hr.2015.Columbus,2/28/2026
OHIO,OH,Fairfield County,PM-2.5 (1997),,"Columbus, OH",FALSE,,,,,,,,,,,,,,05,06,07,08,09,10,11,12,,,,,,,,,,,,,,,11/7/2013,,Former Subpart 1,W,146156,39,045,g,PM-2.5.1997.Columbus,2/28/2026
OHIO,OH,Franklin County,1-Hour Ozone (1979),Revoked,"Columbus, OH",FALSE,92,93,94,95,,,,,,,,,,,,,,,,,,,,,,,,,,,,,,,,4/1/1996,,Marginal,W,1163414,39,049,G,Ozone_1-hr.1990.Columbus,2/28/2026
OHIO,OH,Franklin County,8-Hour Ozone (1997),Revoked,"Columbus, OH",FALSE,,,,,,,,,,,,,04,05,06,07,08,,,,,,,,,,,,,,,,,,,9/15/2009,,Former Subpart 1,W,1163414,39,049,g,Ozone_8-hr.1997.Columbus,2/28/2026
OHIO,OH,Franklin County,8-Hour Ozone (2008),,"Columbus, OH",FALSE,,,,,,,,,,,,,,,,,,,,,12,13,14,15,,,,,,,,,,,,12/21/2016,,Marginal,W,1163414,39,049,f,Ozone_8-hr.2008.Columbus,2/28/2026
OHIO,OH,Franklin County,8-Hour Ozone (2015),,"Columbus, OH",FALSE,,,,,,,,,,,,,,,,,,,,,,,,,,,18,,,,,,,,,8/21/2019,,Marginal,W,1163414,39,049,f,Ozone_8-hr.2015.Columbus,2/28/2026
OHIO,OH,Franklin County,PM-2.5 (1997),,"Columbus, OH",FALSE,,,,,,,,,,,,,,05,06,07,08,09,10,11,12,,,,,,,,,,,,,,,11/7/2013,,Former Subpart 1,W,1163414,39,049,g,PM-2.5.1997.Columbus,2/28/2026
OHIO,OH,Fulton County,Lead (2008),,"Delta, OH",FALSE,,,,,,,,,,,,,,,,,,,10,11,12,13,14,15,16,17,,,,,,,,,,3/13/2018,,,P,3243,39,051,A,Lead.2008.Delta,2/28/2026
OHIO,OH,Gallia County,PM-2.5 (1997),,"Huntington-Ashland, WV-KY-OH",FALSE,,,,,,,,,,,,,,05,06,07,08,09,10,11,,,,,,,,,,,,,,,,12/31/2012,,Former Subpart 1,P,4275,39,053,g,PM-2.5.1997.Huntington,2/28/2026
OHIO,OH,Gallia County,Sulfur Dioxide (1971),,"Gallia County; Addison Township, OH",FALSE,92,93,94,95,96,97,98,99,,,,,,,,,,,,,,,,,,,,,,,,,,,,7/5/2000,,Secondary,P,2197,39,053,C,SO2.1978.Addison,2/28/2026
OHIO,OH,Geauga County,1-Hour Ozone (1979),Revoked,"Cleveland-Akron-Lorain, OH",FALSE,92,93,94,95,,,,,,,,,,,,,,,,,,,,,,,,,,,,,,,,5/7/1996,,Moderate,W,93389,39,055,E,Ozone_1-hr.1990.Cleveland,2/28/2026
OHIO,OH,Geauga County,8-Hour Ozone (1997),Revoked,"Cleveland-Akron-Lorain, OH",FALSE,,,,,,,,,,,,,04,05,06,07,08,,,,,,,,,,,,,,,,,,,9/15/2009,,Moderate,W,93389,39,055,e,Ozone_8-hr.1997.Cleveland,2/28/2026
OHIO,OH,Geauga County,8-Hour Ozone (2008),,"Cleveland-Akron-Lorain, OH",FALSE,,,,,,,,,,,,,,,,,,,,,12,13,14,15,16,,,,,,,,,,,1/6/2017,,Marginal,W,93389,39,055,f,Ozone_8-hr.2008.Cleveland,2/28/2026
OHIO,OH,Geauga County,8-Hour Ozone (2015),,"Cleveland, OH",FALSE,,,,,,,,,,,,,,,,,,,,,,,,,,,18,19,20,21,22,23,24,25,26,  -   -,Yes,Serious,W,93389,39,055,d,Ozone_8-hr.2015.Cleveland,2/28/2026
OHIO,OH,Greene County,1-Hour Ozone (1979),Revoked,"Dayton-Springfield, OH",FALSE,92,93,94,,,,,,,,,,,,,,,,,,,,,,,,,,,,,,,,,7/5/1995,,Moderate,W,161573,39,057,E,Ozone_1-hr.1990.Dayton,2/28/2026
OHIO,OH,Greene County,8-Hour Ozone (1997),Revoked,"Dayton-Springfield, OH",FALSE,,,,,,,,,,,,,04,05,06,,,,,,,,,,,,,,,,,,,,,8/13/2007,,Former Subpart 1,W,161573,39,057,g,Ozone_8-hr.1997.Dayton,2/28/2026
OHIO,OH,Greene County,PM-2.5 (1997),,"Dayton-Springfield, OH",FALSE,,,,,,,,,,,,,,05,06,07,08,09,10,11,12,,,,,,,,,,,,,,,9/26/2013,,Former Subpart 1,W,161573,39,057,g,PM-2.5.1997.Dayton,2/28/2026
OHIO,OH,Hamilton County,1-Hour Ozone (1979),Revoked,"Cincinnati-Hamilton, OH-KY",FALSE,92,93,94,95,96,97,98,99,00,01,02,03,04,,,,,,,,,,,,,,,,,,,,,,,6/14/2005,,Moderate,W,802374,39,061,E,Ozone_1-hr.1990.Cincinnati,2/28/2026
OHIO,OH,Hamilton County,8-Hour Ozone (1997),Revoked,"Cincinnati-Hamilton, OH-KY-IN",FALSE,,,,,,,,,,,,,04,05,06,07,08,09,,,,,,,,,,,,,,,,,,5/11/2010,,Former Subpart 1,W,802374,39,061,g,Ozone_8-hr.1997.Cincinnati,2/28/2026
OHIO,OH,Hamilton County,8-Hour Ozone (2008),,"Cincinnati, OH-KY-IN",FALSE,,,,,,,,,,,,,,,,,,,,,12,13,14,15,,,,,,,,,,,,12/16/2016,,Marginal,W,802374,39,061,f,Ozone_8-hr.2008.Cincinnati,2/28/2026
OHIO,OH,Hamilton County,8-Hour Ozone (2015),,"Cincinnati, OH-KY",FALSE,,,,,,,,,,,,,,,,,,,,,,,,,,,18,19,20,21,,,,,,6/9/2022,,Marginal,W,802374,39,061,f,Ozone_8-hr.2015.Cincinnati,2/28/2026
OHIO,OH,Hamilton County,PM-2.5 (1997),,"Cincinnati-Hamilton, OH-KY-IN",FALSE,,,,,,,,,,,,,,05,06,07,08,09,10,11,12,13,14,15,16,,,,,,,,,,,4/7/2017,,Former Subpart 1,W,802374,39,061,g,PM-2.5.1997.Cincinnati,2/28/2026
OHIO,OH,Jefferson County,1-Hour Ozone (1979),Revoked,"Steubenville, OH",FALSE,92,93,94,,,,,,,,,,,,,,,,,,,,,,,,,,,,,,,,,3/10/1995,,Section 185A,W,69709,39,081,J,Ozone_1-hr.1990.Steubenville,2/28/2026
OHIO,OH,Jefferson County,8-Hour Ozone (1997),Revoked,"Steubenville-Weirton, OH-WV",FALSE,,,,,,,,,,,,,04,05,06,,,,,,,,,,,,,,,,,,,,,6/15/2007,,Former Subpart 1,W,69709,39,081,g,Ozone_8-hr.1997.Weirton,2/28/2026
OHIO,OH,Jefferson County,PM-10 (1987),,"Jefferson County, OH",FALSE,92,93,94,95,96,97,98,99,00,,,,,,,,,,,,,,,,,,,,,,,,,,,1/10/2001,,Moderate,P,3472,39,081,B,PM-10.1990.Jefferson_Co,2/28/2026
OHIO,OH,Jefferson County,PM-2.5 (1997),,"Steubenville-Weirton, OH-WV",FALSE,,,,,,,,,,,,,,05,06,07,08,09,10,11,12,,,,,,,,,,,,,,,9/18/2013,,Former Subpart 1,W,69709,39,081,g,PM-2.5.1997.Weirton,2/28/2026
OHIO,OH,Jefferson County,PM-2.5 (2006),,"Steubenville-Weirton, OH-WV",FALSE,,,,,,,,,,,,,,,,,,09,10,11,12,,,,,,,,,,,,,,,9/18/2013,,Former Subpart 1,W,69709,39,081,g,PM-2.5.2006.Weirton,2/28/2026
OHIO,OH,Jefferson County,Sulfur Dioxide (1971),,"Jefferson County; (part) Steubenville & Mingo Junction, OH",FALSE,92,93,94,95,96,97,98,,,,,,,,,,,,,,,,,,,,,,,,,,,,,9/29/1999,,Primary,P,69712,39,081,A,SO2.1978.Jefferson_Co,2/28/2026
OHIO,OH,Jefferson County,Sulfur Dioxide (2010),,"Steubenville, OH-WV",FALSE,,,,,,,,,,,,,,,,,,,,,,13,14,15,16,17,18,,,,,,,,,11/29/2019,,,P,38854,39,081,A,SO2.2010.Steubenville,2/28/2026
OHIO,OH,Knox County,8-Hour Ozone (1997),Revoked,"Columbus, OH",FALSE,,,,,,,,,,,,,04,05,06,07,08,,,,,,,,,,,,,,,,,,,9/15/2009,,Former Subpart 1,W,60921,39,083,g,Ozone_8-hr.1997.Columbus,2/28/2026
OHIO,OH,Knox County,8-Hour Ozone (2008),,"Columbus, OH",FALSE,,,,,,,,,,,,,,,,,,,,,12,13,14,15,,,,,,,,,,,,12/21/2016,,Marginal,W,60921,39,083,f,Ozone_8-hr.2008.Columbus,2/28/2026
OHIO,OH,Lake County,1-Hour Ozone (1979),Revoked,"Cleveland-Akron-Lorain, OH",FALSE,92,93,94,95,,,,,,,,,,,,,,,,,,,,,,,,,,,,,,,,5/7/1996,,Moderate,W,230041,39,085,E,Ozone_1-hr.1990.Cleveland,2/28/2026
OHIO,OH,Lake County,8-Hour Ozone (1997),Revoked,"Cleveland-Akron-Lorain, OH",FALSE,,,,,,,,,,,,,04,05,06,07,08,,,,,,,,,,,,,,,,,,,9/15/2009,,Moderate,W,230041,39,085,e,Ozone_8-hr.1997.Cleveland,2/28/2026
OHIO,OH,Lake County,8-Hour Ozone (2008),,"Cleveland-Akron-Lorain, OH",FALSE,,,,,,,,,,,,,,,,,,,,,12,13,14,15,16,,,,,,,,,,,1/6/2017,,Marginal,W,230041,39,085,f,Ozone_8-hr.2008.Cleveland,2/28/2026
OHIO,OH,Lake County,8-Hour Ozone (2015),,"Cleveland, OH",FALSE,,,,,,,,,,,,,,,,,,,,,,,,,,,18,19,20,21,22,23,24,25,26,  -   -,Yes,Serious,W,230041,39,085,d,Ozone_8-hr.2015.Cleveland,2/28/2026
OHIO,OH,Lake County,PM-2.5 (1997),,"Cleveland-Akron-Lorain, OH",FALSE,,,,,,,,,,,,,,05,06,07,08,09,10,11,12,,,,,,,,,,,,,,,9/18/2013,,Former Subpart 1,W,230041,39,085,g,PM-2.5.1997.Cleveland,2/28/2026
OHIO,OH,Lake County,PM-2.5 (2006),,"Cleveland-Akron-Lorain, OH",FALSE,,,,,,,,,,,,,,,,,,09,10,11,12,,,,,,,,,,,,,,,9/18/2013,,Former Subpart 1,W,230041,39,085,g,PM-2.5.2006.Cleveland,2/28/2026
OHIO,OH,Lake County,Sulfur Dioxide (1971),,"Lake County; (part) Eastlake, Timberlake, Lakeline, Willoughby, Mentor, OH",FALSE,92,93,94,95,96,97,98,,,,,,,,,,,,,,,,,,,,,,,,,,,,,9/29/1999,,Primary,P,229760,39,085,A,SO2.1978.Lake_Co_OH,2/28/2026
OHIO,OH,Lake County,Sulfur Dioxide (2010),,"Lake County, OH",FALSE,,,,,,,,,,,,,,,,,,,,,,13,14,15,16,17,18,,,,,,,,,5/14/2019,,,W,230041,39,085,A,SO2.2010.Lake_Co_OH,2/28/2026
OHIO,OH,Lawrence County,PM-2.5 (1997),,"Huntington-Ashland, WV-KY-OH",FALSE,,,,,,,,,,,,,,05,06,07,08,09,10,11,,,,,,,,,,,,,,,,12/31/2012,,Former Subpart 1,W,62450,39,087,g,PM-2.5.1997.Huntington,2/28/2026
OHIO,OH,Licking County,1-Hour Ozone (1979),Revoked,"Columbus, OH",FALSE,92,93,94,95,,,,,,,,,,,,,,,,,,,,,,,,,,,,,,,,4/1/1996,,Marginal,W,166492,39,089,G,Ozone_1-hr.1990.Columbus,2/28/2026
OHIO,OH,Licking County,8-Hour Ozone (1997),Revoked,"Columbus, OH",FALSE,,,,,,,,,,,,,04,05,06,07,08,,,,,,,,,,,,,,,,,,,9/15/2009,,Former Subpart 1,W,166492,39,089,g,Ozone_8-hr.1997.Columbus,2/28/2026
OHIO,OH,Licking County,8-Hour Ozone (2008),,"Columbus, OH",FALSE,,,,,,,,,,,,,,,,,,,,,12,13,14,15,,,,,,,,,,,,12/21/2016,,Marginal,W,166492,39,089,f,Ozone_8-hr.2008.Columbus,2/28/2026
OHIO,OH,Licking County,8-Hour Ozone (2015),,"Columbus, OH",FALSE,,,,,,,,,,,,,,,,,,,,,,,,,,,18,,,,,,,,,8/21/2019,,Marginal,W,166492,39,089,f,Ozone_8-hr.2015.Columbus,2/28/2026
OHIO,OH,Licking County,PM-2.5 (1997),,"Columbus, OH",FALSE,,,,,,,,,,,,,,05,06,07,08,09,10,11,12,,,,,,,,,,,,,,,11/7/2013,,Former Subpart 1,W,166492,39,089,g,PM-2.5.1997.Columbus,2/28/2026
OHIO,OH,Logan County,Lead (2008),,"Bellefontaine, OH",FALSE,,,,,,,,,,,,,,,,,,,10,11,12,13,,,,,,,,,,,,,,9/26/2014,,,P,6220,39,091,A,Lead.2008.Bellefontaine,2/28/2026
OHIO,OH,Lorain County,1-Hour Ozone (1979),Revoked,"Cleveland-Akron-Lorain, OH",FALSE,92,93,94,95,,,,,,,,,,,,,,,,,,,,,,,,,,,,,,,,5/7/1996,,Moderate,W,301356,39,093,E,Ozone_1-hr.1990.Cleveland,2/28/2026
OHIO,OH,Lorain County,8-Hour Ozone (1997),Revoked,"Cleveland-Akron-Lorain, OH",FALSE,,,,,,,,,,,,,04,05,06,07,08,,,,,,,,,,,,,,,,,,,9/15/2009,,Moderate,W,301356,39,093,e,Ozone_8-hr.1997.Cleveland,2/28/2026
OHIO,OH,Lorain County,8-Hour Ozone (2008),,"Cleveland-Akron-Lorain, OH",FALSE,,,,,,,,,,,,,,,,,,,,,12,13,14,15,16,,,,,,,,,,,1/6/2017,,Marginal,W,301356,39,093,f,Ozone_8-hr.2008.Cleveland,2/28/2026
OHIO,OH,Lorain County,8-Hour Ozone (2015),,"Cleveland, OH",FALSE,,,,,,,,,,,,,,,,,,,,,,,,,,,18,19,20,21,22,23,24,25,26,  -   -,Yes,Serious,W,301356,39,093,d,Ozone_8-hr.2015.Cleveland,2/28/2026
OHIO,OH,Lorain County,PM-2.5 (1997),,"Cleveland-Akron-Lorain, OH",FALSE,,,,,,,,,,,,,,05,06,07,08,09,10,11,12,,,,,,,,,,,,,,,9/18/2013,,Former Subpart 1,W,301356,39,093,g,PM-2.5.1997.Cleveland,2/28/2026
OHIO,OH,Lorain County,PM-2.5 (2006),,"Cleveland-Akron-Lorain, OH",FALSE,,,,,,,,,,,,,,,,,,09,10,11,12,,,,,,,,,,,,,,,9/18/2013,,Former Subpart 1,W,301356,39,093,g,PM-2.5.2006.Cleveland,2/28/2026
OHIO,OH,Lorain County,PM-2.5 (2012),,"Cleveland, OH",FALSE,,,,,,,,,,,,,,,,,,,,,,,,15,16,17,18,,,,,,,,,4/12/2019,,Moderate,W,301356,39,093,B,PM-2.5.2012.Cleveland,2/28/2026
OHIO,OH,Lorain County,Sulfur Dioxide (1971),,"Lorain County, OH",FALSE,92,93,94,95,96,97,98,99,,,,,,,,,,,,,,,,,,,,,,,,,,,,7/5/2000,,Primary,P,301074,39,093,A,SO2.1978.Lorain_Co,2/28/2026
OHIO,OH,Lucas County,1-Hour Ozone (1979),Revoked,"Toledo, OH",FALSE,92,93,94,,,,,,,,,,,,,,,,,,,,,,,,,,,,,,,,,8/1/1995,,Moderate,W,441815,39,095,E,Ozone_1-hr.1990.Toledo,2/28/2026
OHIO,OH,Lucas County,8-Hour Ozone (1997),Revoked,"Toledo, OH",FALSE,,,,,,,,,,,,,04,05,06,,,,,,,,,,,,,,,,,,,,,8/9/2007,,Former Subpart 1,W,441815,39,095,g,Ozone_8-hr.1997.Toledo,2/28/2026
OHIO,OH,Lucas County,Sulfur Dioxide (1971),,"Lucas County, OH",FALSE,92,93,94,95,96,97,98,99,00,01,02,03,,,,,,,,,,,,,,,,,,,,,,,,3/18/2004,,Primary,P,441812,39,095,A,SO2.1978.Lucas_Co,2/28/2026
OHIO,OH,Madison County,8-Hour Ozone (1997),Revoked,"Columbus, OH",FALSE,,,,,,,,,,,,,04,05,06,07,08,,,,,,,,,,,,,,,,,,,9/15/2009,,Former Subpart 1,W,43435,39,097,g,Ozone_8-hr.1997.Columbus,2/28/2026
OHIO,OH,Madison County,8-Hour Ozone (2008),,"Columbus, OH",FALSE,,,,,,,,,,,,,,,,,,,,,12,13,14,15,,,,,,,,,,,,12/21/2016,,Marginal,W,43435,39,097,f,Ozone_8-hr.2008.Columbus,2/28/2026
OHIO,OH,Mahoning County,1-Hour Ozone (1979),Revoked,"Youngstown-Warren-Sharon, OH-PA (OH portion)",TRUE,92,93,94,95,,,,,,,,,,,,,,,,,,,,,,,,,,,,,,,,4/1/1996,Yes,Marginal,W,238823,39,099,G,Ozone_1-hr.1990.Youngstown,2/28/2026
OHIO,OH,Mahoning County,8-Hour Ozone (1997),Revoked,"Youngstown-Warren-Sharon, OH-PA",FALSE,,,,,,,,,,,,,04,05,06,,,,,,,,,,,,,,,,,,,,,6/12/2007,,Former Subpart 1,W,238823,39,099,g,Ozone_8-hr.1997.Youngstown,2/28/2026
OHIO,OH,Medina County,1-Hour Ozone (1979),Revoked,"Cleveland-Akron-Lorain, OH",FALSE,92,93,94,95,,,,,,,,,,,,,,,,,,,,,,,,,,,,,,,,5/7/1996,,Moderate,W,172332,39,103,E,Ozone_1-hr.1990.Cleveland,2/28/2026
OHIO,OH,Medina County,8-Hour Ozone (1997),Revoked,"Cleveland-Akron-Lorain, OH",FALSE,,,,,,,,,,,,,04,05,06,07,08,,,,,,,,,,,,,,,,,,,9/15/2009,,Moderate,W,172332,39,103,e,Ozone_8-hr.1997.Cleveland,2/28/2026
OHIO,OH,Medina County,8-Hour Ozone (2008),,"Cleveland-Akron-Lorain, OH",FALSE,,,,,,,,,,,,,,,,,,,,,12,13,14,15,16,,,,,,,,,,,1/6/2017,,Marginal,W,172332,39,103,f,Ozone_8-hr.2008.Cleveland,2/28/2026
OHIO,OH,Medina County,8-Hour Ozone (2015),,"Cleveland, OH",FALSE,,,,,,,,,,,,,,,,,,,,,,,,,,,18,19,20,21,22,23,24,25,26,  -   -,Yes,Serious,W,172332,39,103,d,Ozone_8-hr.2015.Cleveland,2/28/2026
OHIO,OH,Medina County,PM-2.5 (1997),,"Cleveland-Akron-Lorain, OH",FALSE,,,,,,,,,,,,,,05,06,07,08,09,10,11,12,,,,,,,,,,,,,,,9/18/2013,,Former Subpart 1,W,172332,39,103,g,PM-2.5.1997.Cleveland,2/28/2026
OHIO,OH,Medina County,PM-2.5 (2006),,"Cleveland-Akron-Lorain, OH",FALSE,,,,,,,,,,,,,,,,,,09,10,11,12,,,,,,,,,,,,,,,9/18/2013,,Former Subpart 1,W,172332,39,103,g,PM-2.5.2006.Cleveland,2/28/2026
OHIO,OH,Miami County,1-Hour Ozone (1979),Revoked,"Dayton-Springfield, OH",FALSE,92,93,94,,,,,,,,,,,,,,,,,,,,,,,,,,,,,,,,,7/5/1995,,Moderate,W,102506,39,109,E,Ozone_1-hr.1990.Dayton,2/28/2026
OHIO,OH,Miami County,8-Hour Ozone (1997),Revoked,"Dayton-Springfield, OH",FALSE,,,,,,,,,,,,,04,05,06,,,,,,,,,,,,,,,,,,,,,8/13/2007,,Former Subpart 1,W,102506,39,109,g,Ozone_8-hr.1997.Dayton,2/28/2026
OHIO,OH,Montgomery County,1-Hour Ozone (1979),Revoked,"Dayton-Springfield, OH",FALSE,92,93,94,,,,,,,,,,,,,,,,,,,,,,,,,,,,,,,,,7/5/1995,,Moderate,W,535153,39,113,E,Ozone_1-hr.1990.Dayton,2/28/2026
OHIO,OH,Montgomery County,8-Hour Ozone (1997),Revoked,"Dayton-Springfield, OH",FALSE,,,,,,,,,,,,,04,05,06,,,,,,,,,,,,,,,,,,,,,8/13/2007,,Former Subpart 1,W,535153,39,113,g,Ozone_8-hr.1997.Dayton,2/28/2026
OHIO,OH,Montgomery County,PM-2.5 (1997),,"Dayton-Springfield, OH",FALSE,,,,,,,,,,,,,,05,06,07,08,09,10,11,12,,,,,,,,,,,,,,,9/26/2013,,Former Subpart 1,W,535153,39,113,g,PM-2.5.1997.Dayton,2/28/2026
OHIO,OH,Morgan County,Sulfur Dioxide (1971),,"Morgan County: Center Township, OH",FALSE,92,93,,,,,,,,,,,,,,,,,,,,,,,,,,,,,,,,,,10/21/1994,,Secondary,P,15053,39,115,C,SO2.1978.Morgan_Co,2/28/2026
OHIO,OH,Morgan County,Sulfur Dioxide (2010),,"Muskingum River, OH",FALSE,,,,,,,,,,,,,,,,,,,,,,13,14,15,16,17,18,19,20,21,22,23,24,25,26,  -   -,Yes,,P,743,39,115,A,SO2.2010.Muskingum_River,2/28/2026
OHIO,OH,Portage County,1-Hour Ozone (1979),Revoked,"Cleveland-Akron-Lorain, OH",FALSE,92,93,94,95,,,,,,,,,,,,,,,,,,,,,,,,,,,,,,,,5/7/1996,,Moderate,W,161419,39,133,E,Ozone_1-hr.1990.Cleveland,2/28/2026
OHIO,OH,Portage County,8-Hour Ozone (1997),Revoked,"Cleveland-Akron-Lorain, OH",FALSE,,,,,,,,,,,,,04,05,06,07,08,,,,,,,,,,,,,,,,,,,9/15/2009,,Moderate,W,161419,39,133,e,Ozone_8-hr.1997.Cleveland,2/28/2026
OHIO,OH,Portage County,8-Hour Ozone (2008),,"Cleveland-Akron-Lorain, OH",FALSE,,,,,,,,,,,,,,,,,,,,,12,13,14,15,16,,,,,,,,,,,1/6/2017,,Marginal,W,161419,39,133,f,Ozone_8-hr.2008.Cleveland,2/28/2026
OHIO,OH,Portage County,8-Hour Ozone (2015),,"Cleveland, OH",FALSE,,,,,,,,,,,,,,,,,,,,,,,,,,,18,19,20,21,22,23,24,25,26,  -   -,Yes,Serious,W,161419,39,133,d,Ozone_8-hr.2015.Cleveland,2/28/2026
OHIO,OH,Portage County,PM-2.5 (1997),,"Cleveland-Akron-Lorain, OH",FALSE,,,,,,,,,,,,,,05,06,07,08,09,10,11,12,,,,,,,,,,,,,,,9/18/2013,,Former Subpart 1,W,161419,39,133,g,PM-2.5.1997.Cleveland,2/28/2026
OHIO,OH,Portage County,PM-2.5 (2006),,"Cleveland-Akron-Lorain, OH",FALSE,,,,,,,,,,,,,,,,,,09,10,11,12,,,,,,,,,,,,,,,9/18/2013,,Former Subpart 1,W,161419,39,133,g,PM-2.5.2006.Cleveland,2/28/2026
OHIO,OH,Preble County,1-Hour Ozone (1979),Revoked,"Preble County, OH",FALSE,92,93,94,,,,,,,,,,,,,,,,,,,,,,,,,,,,,,,,,3/10/1995,,Section 185A,W,42270,39,135,J,Ozone_1-hr.1990.Preble_Co,2/28/2026
OHIO,OH,Scioto County,PM-2.5 (1997),,"Huntington-Ashland, WV-KY-OH",FALSE,,,,,,,,,,,,,,05,06,07,08,09,10,11,,,,,,,,,,,,,,,,12/31/2012,,Former Subpart 1,W,79499,39,145,g,PM-2.5.1997.Huntington,2/28/2026
OHIO,OH,Stark County,1-Hour Ozone (1979),Revoked,"Canton, OH",FALSE,92,93,94,95,,,,,,,,,,,,,,,,,,,,,,,,,,,,,,,,4/1/1996,,Marginal,W,375586,39,151,G,Ozone_1-hr.1990.Canton,2/28/2026
OHIO,OH,Stark County,8-Hour Ozone (1997),Revoked,"Canton-Massillon, OH",FALSE,,,,,,,,,,,,,04,05,06,,,,,,,,,,,,,,,,,,,,,6/15/2007,,Former Subpart 1,W,375586,39,151,g,Ozone_8-hr.1997.Canton,2/28/2026
OHIO,OH,Stark County,Lead (2008),,"Canton-Stark County, OH",FALSE,,,,,,,,,,,,,,,,,,,,,,,,,,,,,,,,23,24,25,26,  -   -,Yes,,P,6188,39,151,A,Lead.2008.Canton,2/28/2026
OHIO,OH,Stark County,PM-2.5 (1997),,"Canton-Massillon, OH",FALSE,,,,,,,,,,,,,,05,06,07,08,09,10,11,12,,,,,,,,,,,,,,,10/22/2013,,Former Subpart 1,W,375586,39,151,g,PM-2.5.1997.Canton,2/28/2026
OHIO,OH,Stark County,PM-2.5 (2006),,"Canton-Massillon, OH",FALSE,,,,,,,,,,,,,,,,,,09,10,11,12,,,,,,,,,,,,,,,10/22/2013,,Former Subpart 1,W,375586,39,151,g,PM-2.5.2006.Canton,2/28/2026
OHIO,OH,Summit County,1-Hour Ozone (1979),Revoked,"Cleveland-Akron-Lorain, OH",FALSE,92,93,94,95,,,,,,,,,,,,,,,,,,,,,,,,,,,,,,,,5/7/1996,,Moderate,W,541781,39,153,E,Ozone_1-hr.1990.Cleveland,2/28/2026
OHIO,OH,Summit County,8-Hour Ozone (1997),Revoked,"Cleveland-Akron-Lorain, OH",FALSE,,,,,,,,,,,,,04,05,06,07,08,,,,,,,,,,,,,,,,,,,9/15/2009,,Moderate,W,541781,39,153,e,Ozone_8-hr.1997.Cleveland,2/28/2026
OHIO,OH,Summit County,8-Hour Ozone (2008),,"Cleveland-Akron-Lorain, OH",FALSE,,,,,,,,,,,,,,,,,,,,,12,13,14,15,16,,,,,,,,,,,1/6/2017,,Marginal,W,541781,39,153,f,Ozone_8-hr.2008.Cleveland,2/28/2026
OHIO,OH,Summit County,8-Hour Ozone (2015),,"Cleveland, OH",FALSE,,,,,,,,,,,,,,,,,,,,,,,,,,,18,19,20,21,22,23,24,25,26,  -   -,Yes,Serious,W,541781,39,153,d,Ozone_8-hr.2015.Cleveland,2/28/2026
OHIO,OH,Summit County,PM-2.5 (1997),,"Cleveland-Akron-Lorain, OH",FALSE,,,,,,,,,,,,,,05,06,07,08,09,10,11,12,,,,,,,,,,,,,,,9/18/2013,,Former Subpart 1,W,541781,39,153,g,PM-2.5.1997.Cleveland,2/28/2026
OHIO,OH,Summit County,PM-2.5 (2006),,"Cleveland-Akron-Lorain, OH",FALSE,,,,,,,,,,,,,,,,,,09,10,11,12,,,,,,,,,,,,,,,9/18/2013,,Former Subpart 1,W,541781,39,153,g,PM-2.5.2006.Cleveland,2/28/2026
OHIO,OH,Trumbull County,1-Hour Ozone (1979),Revoked,"Youngstown-Warren-Sharon, OH-PA (OH portion)",TRUE,92,93,94,95,,,,,,,,,,,,,,,,,,,,,,,,,,,,,,,,4/1/1996,Yes,Marginal,W,210312,39,155,G,Ozone_1-hr.1990.Youngstown,2/28/2026
OHIO,OH,Trumbull County,8-Hour Ozone (1997),Revoked,"Youngstown-Warren-Sharon, OH-PA",FALSE,,,,,,,,,,,,,04,05,06,,,,,,,,,,,,,,,,,,,,,6/12/2007,,Former Subpart 1,W,210312,39,155,g,Ozone_8-hr.1997.Youngstown,2/28/2026
OHIO,OH,Warren County,1-Hour Ozone (1979),Revoked,"Cincinnati-Hamilton, OH-KY",FALSE,92,93,94,95,96,97,98,99,00,01,02,03,04,,,,,,,,,,,,,,,,,,,,,,,6/14/2005,,Moderate,W,212693,39,165,E,Ozone_1-hr.1990.Cincinnati,2/28/2026
OHIO,OH,Warren County,8-Hour Ozone (1997),Revoked,"Cincinnati-Hamilton, OH-KY-IN",FALSE,,,,,,,,,,,,,04,05,06,07,08,09,,,,,,,,,,,,,,,,,,5/11/2010,,Former Subpart 1,W,212693,39,165,g,Ozone_8-hr.1997.Cincinnati,2/28/2026
OHIO,OH,Warren County,8-Hour Ozone (2008),,"Cincinnati, OH-KY-IN",FALSE,,,,,,,,,,,,,,,,,,,,,12,13,14,15,,,,,,,,,,,,12/16/2016,,Marginal,W,212693,39,165,f,Ozone_8-hr.2008.Cincinnati,2/28/2026
OHIO,OH,Warren County,8-Hour Ozone (2015),,"Cincinnati, OH-KY",FALSE,,,,,,,,,,,,,,,,,,,,,,,,,,,18,19,20,21,,,,,,6/9/2022,,Marginal,W,212693,39,165,f,Ozone_8-hr.2015.Cincinnati,2/28/2026
OHIO,OH,Warren County,PM-2.5 (1997),,"Cincinnati-Hamilton, OH-KY-IN",FALSE,,,,,,,,,,,,,,05,06,07,08,09,10,11,12,13,14,15,16,,,,,,,,,,,4/7/2017,,Former Subpart 1,W,212693,39,165,g,PM-2.5.1997.Cincinnati,2/28/2026
OHIO,OH,Washington County,8-Hour Ozone (1997),Revoked,"Parkersburg-Marietta, WV-OH",FALSE,,,,,,,,,,,,,04,05,06,,,,,,,,,,,,,,,,,,,,,6/15/2007,,Former Subpart 1,W,61778,39,167,g,Ozone_8-hr.1997.Parkersburg,2/28/2026
OHIO,OH,Washington County,PM-2.5 (1997),,"Parkersburg-Marietta, WV-OH",FALSE,,,,,,,,,,,,,,05,06,07,08,09,10,11,12,,,,,,,,,,,,,,,8/29/2013,,Former Subpart 1,W,61778,39,167,g,PM-2.5.1997.Parkersburg,2/28/2026
OHIO,OH,Washington County,Sulfur Dioxide (1971),,"Washington County: Waterford Township, OH",FALSE,92,93,,,,,,,,,,,,,,,,,,,,,,,,,,,,,,,,,,10/21/1994,,Secondary,P,61777,39,167,C,SO2.1978.Waterford,2/28/2026
OHIO,OH,Washington County,Sulfur Dioxide (2010),,"Muskingum River, OH",FALSE,,,,,,,,,,,,,,,,,,,,,,13,14,15,16,17,18,19,20,21,22,23,24,25,26,  -   -,Yes,,P,3713,39,167,A,SO2.2010.Muskingum_River,2/28/2026
OHIO,OH,Wood County,1-Hour Ozone (1979),Revoked,"Toledo, OH",FALSE,92,93,94,,,,,,,,,,,,,,,,,,,,,,,,,,,,,,,,,8/1/1995,,Moderate,W,125488,39,173,E,Ozone_1-hr.1990.Toledo,2/28/2026
OHIO,OH,Wood County,8-Hour Ozone (1997),Revoked,"Toledo, OH",FALSE,,,,,,,,,,,,,04,05,06,,,,,,,,,,,,,,,,,,,,,8/9/2007,,Former Subpart 1,W,125488,39,173,g,Ozone_8-hr.1997.Toledo,2/28/2026
OREGON,OR,Clackamas County,1-Hour Ozone (1979),Revoked,"Portland-Vancouver AQMA, OR-WA",FALSE,92,93,94,95,96,,,,,,,,,,,,,,,,,,,,,,,,,,,,,,,6/18/1997,,Marginal,P,373166,41,005,G,Ozone_1-hr.1990.Portland_OR,2/28/2026
OREGON,OR,Clackamas County,Carbon Monoxide (1971),,"Portland, OR",FALSE,92,93,94,95,96,,,,,,,,,,,,,,,,,,,,,,,,,,,,,,,10/2/1997,,Moderate <= 12.7ppm,P,233262,41,005,C,CO.1990.Portland_OR,2/28/2026
OREGON,OR,Jackson County,Carbon Monoxide (1971),,"Medford, OR",FALSE,92,93,94,95,96,97,98,99,00,01,,,,,,,,,,,,,,,,,,,,,,,,,,9/23/2002,,Moderate <= 12.7ppm,P,86056,41,029,C,CO.1990.Medford,2/28/2026
OREGON,OR,Jackson County,PM-10 (1987),,"Jackson County; Medford-Ashland (including White City), OR",FALSE,92,93,94,95,96,97,98,99,00,01,02,03,04,05,,,,,,,,,,,,,,,,,,,,,,8/18/2006,,Moderate,P,87458,41,029,B,PM-10.1990.Medford,2/28/2026
OREGON,OR,Josephine County,Carbon Monoxide (1971),,"Grants Pass, OR",FALSE,92,93,94,95,96,97,98,99,,,,,,,,,,,,,,,,,,,,,,,,,,,,10/30/2000,,Moderate <= 12.7ppm,P,22449,41,033,C,CO.1990.Grants_Pass,2/28/2026
OREGON,OR,Josephine County,PM-10 (1987),,"Josephine County; Grants Pass, OR",FALSE,92,93,94,95,96,97,98,99,00,01,02,,,,,,,,,,,,,,,,,,,,,,,,,12/26/2003,,Moderate,P,22449,41,033,B,PM-10.1990.Grants_Pass,2/28/2026
OREGON,OR,Klamath County,Carbon Monoxide (1971),,"Klamath Falls, OR",FALSE,92,93,94,95,96,97,98,99,00,,,,,,,,,,,,,,,,,,,,,,,,,,,11/19/2001,,Moderate <= 12.7ppm,P,20703,41,035,C,CO.1990.Klamath_Falls,2/28/2026
OREGON,OR,Klamath County,PM-10 (1987),,"Klamath Falls, OR",FALSE,92,93,94,95,96,97,98,99,00,01,02,,,,,,,,,,,,,,,,,,,,,,,,,12/22/2003,,Moderate,P,20703,41,035,B,PM-10.1990.Klamath_Falls,2/28/2026
OREGON,OR,Klamath County,PM-2.5 (2006),,"Klamath Falls, OR",FALSE,,,,,,,,,,,,,,,,,,09,10,11,12,13,14,15,16,17,18,19,20,21,22,23,24,25,26,  -   -,Yes,Moderate,P,46969,41,035,e,PM-2.5.2006.Klamath_Falls,2/28/2026
OREGON,OR,Lake County,PM-10 (1987),,"Lake County (part); Lakeview, OR",FALSE,,93,94,95,96,97,98,99,00,01,02,03,04,05,,,,,,,,,,,,,,,,,,,,,,7/19/2006,,Moderate,P,3296,41,037,B,PM-10.1990.Lakeview,2/28/2026
OREGON,OR,Lane County,Carbon Monoxide (1971),,"Eugene-Springfield, OR",FALSE,92,93,,,,,,,,,,,,,,,,,,,,,,,,,,,,,,,,,,2/4/1994,,Not Classified,P,234972,41,039,D,CO.1990.Eugene,2/28/2026
OREGON,OR,Lane County,PM-10 (1987),,"Lane County (part); Oakridge, OR",FALSE,,,94,95,96,97,98,99,00,01,02,03,04,05,06,07,08,09,10,11,12,13,14,15,16,17,18,19,20,21,,,,,,9/21/2022,,Moderate,P,3728,41,039,B,PM-10.1990.Oakridge,2/28/2026
OREGON,OR,Lane County,PM-10 (1987),,"Lane County; Eugene/Springfield, OR",FALSE,92,93,94,95,96,97,98,99,00,01,02,03,04,05,06,07,08,09,10,11,12,,,,,,,,,,,,,,,6/10/2013,,Moderate,P,195160,41,039,B,PM-10.1990.Eugene,2/28/2026
OREGON,OR,Lane County,PM-2.5 (2006),,"Oakridge, OR",FALSE,,,,,,,,,,,,,,,,,,09,10,11,12,13,14,15,16,17,18,19,20,21,,,,,,9/21/2022,,Moderate,P,4261,41,039,e,PM-2.5.2006.Oakridge,2/28/2026
OREGON,OR,Marion County,1-Hour Ozone (1979),Revoked,"Salem, OR",FALSE,92,93,94,95,96,97,98,99,00,01,02,03,04,,,,,,,,,,,,,,,,,,,,,,,  -   -,Yes,Incomplete Data,P,313385,41,047,K,Ozone_1-hr.1990.Salem,2/28/2026
OREGON,OR,Marion County,Carbon Monoxide (1971),,"Salem, OR",FALSE,92,93,94,95,96,97,98,99,00,01,02,03,04,05,06,07,08,,,,,,,,,,,,,,,,,,,3/2/2009,,Not Classified,P,80695,41,047,D,CO.1990.Salem,2/28/2026
OREGON,OR,Multnomah County,1-Hour Ozone (1979),Revoked,"Portland-Vancouver AQMA, OR-WA",FALSE,92,93,94,95,96,,,,,,,,,,,,,,,,,,,,,,,,,,,,,,,6/18/1997,,Marginal,P,377954,41,051,G,Ozone_1-hr.1990.Portland_OR,2/28/2026
OREGON,OR,Multnomah County,Carbon Monoxide (1971),,"Portland, OR",FALSE,92,93,94,95,96,,,,,,,,,,,,,,,,,,,,,,,,,,,,,,,10/2/1997,,Moderate <= 12.7ppm,P,629654,41,051,C,CO.1990.Portland_OR,2/28/2026
OREGON,OR,Polk County,1-Hour Ozone (1979),Revoked,"Salem, OR",FALSE,92,93,94,95,96,97,98,99,00,01,02,03,04,,,,,,,,,,,,,,,,,,,,,,,  -   -,Yes,Incomplete Data,P,75179,41,053,K,Ozone_1-hr.1990.Salem,2/28/2026
OREGON,OR,Polk County,Carbon Monoxide (1971),,"Salem, OR",FALSE,92,93,94,95,96,97,98,99,00,01,02,03,04,05,06,07,08,,,,,,,,,,,,,,,,,,,3/2/2009,,Not Classified,P,75405,41,053,D,CO.1990.Salem,2/28/2026
OREGON,OR,Union County,PM-10 (1987),,"Union County; LaGrande, OR",FALSE,92,93,94,95,96,97,98,99,00,01,02,03,04,05,,,,,,,,,,,,,,,,,,,,,,7/19/2006,,Moderate,P,13094,41,061,B,PM-10.1990.LaGrande,2/28/2026
OREGON,OR,Washington County,1-Hour Ozone (1979),Revoked,"Portland-Vancouver AQMA, OR-WA",FALSE,92,93,94,95,96,,,,,,,,,,,,,,,,,,,,,,,,,,,,,,,6/18/1997,,Marginal,P,510250,41,067,G,Ozone_1-hr.1990.Portland_OR,2/28/2026
OREGON,OR,Washington County,Carbon Monoxide (1971),,"Portland, OR",FALSE,92,93,94,95,96,,,,,,,,,,,,,,,,,,,,,,,,,,,,,,,10/2/1997,,Moderate <= 12.7ppm,P,467557,41,067,C,CO.1990.Portland_OR,2/28/2026
PENNSYLVANIA,PA,Adams County,1-Hour Ozone (1979),Revoked,"York, PA",FALSE,92,93,94,95,96,97,98,99,00,01,02,03,04,,,,,,,,,,,,,,,,,,,,,,,  -   -,Yes,Marginal,W,101407,42,001,G,Ozone_1-hr.1990.York,2/28/2026
PENNSYLVANIA,PA,Adams County,8-Hour Ozone (1997),Revoked,"York, PA",FALSE,,,,,,,,,,,,,04,05,06,07,,,,,,,,,,,,,,,,,,,,2/13/2008,,Former Subpart 1,W,101407,42,001,g,Ozone_8-hr.1997.York,2/28/2026
PENNSYLVANIA,PA,Allegheny County,1-Hour Ozone (1979),Revoked,"Pittsburgh-Beaver Valley, PA",FALSE,92,93,94,95,96,97,98,99,00,,,,,,,,,,,,,,,,,,,,,,,,,,,11/19/2001,,Moderate,W,1223348,42,003,E,Ozone_1-hr.1990.Pittsburgh,2/28/2026
PENNSYLVANIA,PA,Allegheny County,8-Hour Ozone (1997),Revoked,"Pittsburgh-Beaver Valley, PA",FALSE,,,,,,,,,,,,,04,05,06,07,08,09,10,11,12,13,14,,,,,,,,,,,,,  -   -,Yes,Moderate,W,1223348,42,003,e,Ozone_8-hr.1997.Pittsburgh,2/28/2026
PENNSYLVANIA,PA,Allegheny County,8-Hour Ozone (2008),,"Pittsburgh-Beaver Valley, PA",FALSE,,,,,,,,,,,,,,,,,,,,,12,13,14,15,16,17,18,19,20,21,22,23,24,25,26,  -   -,Yes,Marginal,W,1223348,42,003,f,Ozone_8-hr.2008.Pittsburgh,2/28/2026
PENNSYLVANIA,PA,Allegheny County,Carbon Monoxide (1971),,"Pittsburgh, PA",FALSE,92,93,94,95,96,97,98,99,00,01,02,,,,,,,,,,,,,,,,,,,,,,,,,1/13/2003,,Not Classified,P,320395,42,003,D,CO.1990.Pittsburgh,2/28/2026
PENNSYLVANIA,PA,Allegheny County,PM-10 (1987),,"Allegheny County; Liberty, Lincoln, Port Vue, Glassport, Clairton, PA",FALSE,92,93,94,95,96,97,98,99,00,01,02,,,,,,,,,,,,,,,,,,,,,,,,,10/14/2003,,Moderate,P,18700,42,003,B,PM-10.1990.Liberty-Clairton,2/28/2026
PENNSYLVANIA,PA,Allegheny County,PM-2.5 (1997),,"Liberty-Clairton, PA",FALSE,,,,,,,,,,,,,,05,06,07,08,09,10,11,12,13,14,15,16,17,18,19,20,21,22,23,24,,,8/25/2025,,Moderate,P,20789,42,003,e,PM-2.5.1997.Liberty-Clairton,2/28/2026
PENNSYLVANIA,PA,Allegheny County,PM-2.5 (1997),,"Pittsburgh-Beaver Valley, PA",FALSE,,,,,,,,,,,,,,05,06,07,08,09,10,11,12,13,14,,,,,,,,,,,,,10/2/2015,,Moderate,P,1206540,42,003,e,PM-2.5.1997.Pittsburgh,2/28/2026
PENNSYLVANIA,PA,Allegheny County,PM-2.5 (2006),,"Liberty-Clairton, PA",FALSE,,,,,,,,,,,,,,,,,,09,10,11,12,13,14,15,16,17,18,19,20,21,22,23,24,,,8/25/2025,,Moderate,P,20789,42,003,e,PM-2.5.2006.Liberty-Clairton,2/28/2026
PENNSYLVANIA,PA,Allegheny County,PM-2.5 (2006),,"Pittsburgh-Beaver Valley, PA",FALSE,,,,,,,,,,,,,,,,,,09,10,11,12,13,14,,,,,,,,,,,,,10/2/2015,,Moderate,P,1206540,42,003,e,PM-2.5.2006.Pittsburgh,2/28/2026
PENNSYLVANIA,PA,Allegheny County,PM-2.5 (2012),,"Allegheny County, PA",FALSE,,,,,,,,,,,,,,,,,,,,,,,,15,16,17,18,19,20,21,22,23,24,25,26,  -   -,Yes,Moderate,W,1223348,42,003,B,PM-2.5.2012.Allegheny_Co,2/28/2026
PENNSYLVANIA,PA,Allegheny County,Sulfur Dioxide (1971),,"Allegheny County Air Basin: Hazelwood monitor, PA",FALSE,92,93,94,95,96,97,98,99,00,01,02,03,,,,,,,,,,,,,,,,,,,,,,,,8/20/2004,,Primary,P,387190,42,003,A,SO2.1978.Hazelwood,2/28/2026
PENNSYLVANIA,PA,Allegheny County,Sulfur Dioxide (2010),,"Allegheny, PA",FALSE,,,,,,,,,,,,,,,,,,,,,,13,14,15,16,17,18,19,20,21,22,23,24,,,5/28/2025,,,P,126934,42,003,A,SO2.2010.Liberty-Clairton,2/28/2026
PENNSYLVANIA,PA,Armstrong County,1-Hour Ozone (1979),Revoked,"Pittsburgh-Beaver Valley, PA",FALSE,92,93,94,95,96,97,98,99,00,,,,,,,,,,,,,,,,,,,,,,,,,,,11/19/2001,,Moderate,W,68941,42,005,E,Ozone_1-hr.1990.Pittsburgh,2/28/2026
PENNSYLVANIA,PA,Armstrong County,8-Hour Ozone (1997),Revoked,"Pittsburgh-Beaver Valley, PA",FALSE,,,,,,,,,,,,,04,05,06,07,08,09,10,11,12,13,14,,,,,,,,,,,,,  -   -,Yes,Moderate,W,68941,42,005,e,Ozone_8-hr.1997.Pittsburgh,2/28/2026
PENNSYLVANIA,PA,Armstrong County,8-Hour Ozone (2008),,"Pittsburgh-Beaver Valley, PA",FALSE,,,,,,,,,,,,,,,,,,,,,12,13,14,15,16,17,18,19,20,21,22,23,24,25,26,  -   -,Yes,Marginal,W,68941,42,005,f,Ozone_8-hr.2008.Pittsburgh,2/28/2026
PENNSYLVANIA,PA,Armstrong County,PM-2.5 (1997),,"Pittsburgh-Beaver Valley, PA",FALSE,,,,,,,,,,,,,,05,06,07,08,09,10,11,12,13,14,,,,,,,,,,,,,10/2/2015,,Moderate,P,4511,42,005,e,PM-2.5.1997.Pittsburgh,2/28/2026
PENNSYLVANIA,PA,Armstrong County,PM-2.5 (2006),,"Pittsburgh-Beaver Valley, PA",FALSE,,,,,,,,,,,,,,,,,,09,10,11,12,13,14,,,,,,,,,,,,,10/2/2015,,Moderate,P,4511,42,005,e,PM-2.5.2006.Pittsburgh,2/28/2026
PENNSYLVANIA,PA,Armstrong County,Sulfur Dioxide (1971),,"Armstrong County: Madison, Mahoning, Boggs, Washington, Pine, PA",FALSE,92,93,94,95,96,97,98,99,00,01,02,03,04,05,06,07,08,09,10,11,12,13,14,15,16,17,18,19,20,21,22,23,24,25,26,  -   -,Yes,Primary,P,4516,42,005,A,SO2.1978.Armstrong_Co,2/28/2026
PENNSYLVANIA,PA,Armstrong County,Sulfur Dioxide (2010),,"Indiana, PA",FALSE,,,,,,,,,,,,,,,,,,,,,,13,14,15,16,17,18,19,20,21,22,23,24,25,26,  -   -,Yes,,P,3898,42,005,A,SO2.2010.Indiana_Co,2/28/2026
PENNSYLVANIA,PA,Beaver County,1-Hour Ozone (1979),Revoked,"Pittsburgh-Beaver Valley, PA",FALSE,92,93,94,95,96,97,98,99,00,,,,,,,,,,,,,,,,,,,,,,,,,,,11/19/2001,,Moderate,W,170539,42,007,E,Ozone_1-hr.1990.Pittsburgh,2/28/2026
PENNSYLVANIA,PA,Beaver County,8-Hour Ozone (1997),Revoked,"Pittsburgh-Beaver Valley, PA",FALSE,,,,,,,,,,,,,04,05,06,07,08,09,10,11,12,13,14,,,,,,,,,,,,,  -   -,Yes,Moderate,W,170539,42,007,e,Ozone_8-hr.1997.Pittsburgh,2/28/2026
PENNSYLVANIA,PA,Beaver County,8-Hour Ozone (2008),,"Pittsburgh-Beaver Valley, PA",FALSE,,,,,,,,,,,,,,,,,,,,,12,13,14,15,16,17,18,19,20,21,22,23,24,25,26,  -   -,Yes,Marginal,W,170539,42,007,f,Ozone_8-hr.2008.Pittsburgh,2/28/2026
PENNSYLVANIA,PA,Beaver County,Lead (2008),,"Lower Beaver Valley, PA",FALSE,,,,,,,,,,,,,,,,,,,10,11,12,13,14,15,16,17,18,19,20,21,22,23,24,25,26,  -   -,Yes,,P,17654,42,007,A,Lead.2008.Lower_Beaver_Valley,2/28/2026
PENNSYLVANIA,PA,Beaver County,PM-2.5 (1997),,"Pittsburgh-Beaver Valley, PA",FALSE,,,,,,,,,,,,,,05,06,07,08,09,10,11,12,13,14,,,,,,,,,,,,,10/2/2015,,Moderate,W,170539,42,007,e,PM-2.5.1997.Pittsburgh,2/28/2026
PENNSYLVANIA,PA,Beaver County,PM-2.5 (2006),,"Pittsburgh-Beaver Valley, PA",FALSE,,,,,,,,,,,,,,,,,,09,10,11,12,13,14,,,,,,,,,,,,,10/2/2015,,Moderate,W,170539,42,007,e,PM-2.5.2006.Pittsburgh,2/28/2026
PENNSYLVANIA,PA,Beaver County,Sulfur Dioxide (2010),,"Beaver, PA",FALSE,,,,,,,,,,,,,,,,,,,,,,13,14,15,16,17,18,19,20,21,22,23,24,,,12/18/2025,,,P,14780,42,007,A,SO2.2010.Lower_Beaver_Valley,2/28/2026
PENNSYLVANIA,PA,Berks County,1-Hour Ozone (1979),Revoked,"Reading, PA",FALSE,92,93,94,95,96,,,,,,,,,,,,,,,,,,,,,,,,,,,,,,,6/6/1997,,Moderate,W,411442,42,011,E,Ozone_1-hr.1990.Reading,2/28/2026
PENNSYLVANIA,PA,Berks County,8-Hour Ozone (1997),Revoked,"Reading, PA",FALSE,,,,,,,,,,,,,04,05,06,,,,,,,,,,,,,,,,,,,,,9/10/2007,,Former Subpart 1,W,411442,42,011,g,Ozone_8-hr.1997.Reading,2/28/2026
PENNSYLVANIA,PA,Berks County,8-Hour Ozone (2008),,"Reading, PA",FALSE,,,,,,,,,,,,,,,,,,,,,12,13,14,15,16,17,18,19,20,21,22,23,24,25,26,  -   -,Yes,Marginal,W,411442,42,011,f,Ozone_8-hr.2008.Reading,2/28/2026
PENNSYLVANIA,PA,Berks County,Lead (2008),,"Lyons, PA",FALSE,,,,,,,,,,,,,,,,,,,10,11,12,13,14,15,16,17,18,19,20,21,22,23,24,25,26,  -   -,Yes,,P,19480,42,011,A,Lead.2008.Lyons,2/28/2026
PENNSYLVANIA,PA,Berks County,Lead (2008),,"North Reading, PA",FALSE,,,,,,,,,,,,,,,,,,,10,11,12,13,14,15,16,17,18,19,20,21,22,23,24,25,26,  -   -,Yes,,P,29334,42,011,A,Lead.2008.Reading,2/28/2026
PENNSYLVANIA,PA,Berks County,PM-2.5 (1997),,"Reading, PA",FALSE,,,,,,,,,,,,,,05,06,07,08,09,10,11,12,13,14,,,,,,,,,,,,,3/4/2015,,Moderate,W,411442,42,011,e,PM-2.5.1997.Reading,2/28/2026
PENNSYLVANIA,PA,Blair County,1-Hour Ozone (1979),Revoked,"Altoona, PA",FALSE,92,93,94,95,96,97,98,99,00,01,02,03,04,,,,,,,,,,,,,,,,,,,,,,,  -   -,Yes,Marginal,W,127089,42,013,G,Ozone_1-hr.1990.Altoona,2/28/2026
PENNSYLVANIA,PA,Blair County,8-Hour Ozone (1997),Revoked,"Altoona, PA",FALSE,,,,,,,,,,,,,04,05,06,,,,,,,,,,,,,,,,,,,,,8/1/2007,,Former Subpart 1,W,127089,42,013,g,Ozone_8-hr.1997.Altoona,2/28/2026
PENNSYLVANIA,PA,Bucks County,1-Hour Ozone (1979),Revoked,"Philadelphia-Wilmington-Trenton, PA-NJ-DE-MD",FALSE,92,93,94,95,96,97,98,99,00,01,02,03,04,,,,,,,,,,,,,,,,,,,,,,,  -   -,Yes,Severe-15,W,625249,42,017,C,Ozone_1-hr.1990.Philadelphia,2/28/2026
PENNSYLVANIA,PA,Bucks County,8-Hour Ozone (1997),Revoked,"Philadelphia-Wilmington-Atlantic City, PA-NJ-MD-DE",FALSE,,,,,,,,,,,,,04,05,06,07,08,09,10,11,12,13,14,,,,,,,,,,,,,  -   -,Yes,Moderate,W,625249,42,017,e,Ozone_8-hr.1997.Philadelphia,2/28/2026
PENNSYLVANIA,PA,Bucks County,8-Hour Ozone (2008),,"Philadelphia-Wilmington-Atlantic City, PA-NJ-MD-DE",FALSE,,,,,,,,,,,,,,,,,,,,,12,13,14,15,16,17,18,19,20,21,22,23,24,25,26,  -   -,Yes,Marginal,W,625249,42,017,f,Ozone_8-hr.2008.Philadelphia,2/28/2026
PENNSYLVANIA,PA,Bucks County,8-Hour Ozone (2015),,"Philadelphia-Wilmington-Atlantic City, PA-NJ-MD-DE",FALSE,,,,,,,,,,,,,,,,,,,,,,,,,,,18,19,20,21,22,23,24,25,26,  -   -,Yes,Serious,W,625249,42,017,d,Ozone_8-hr.2015.Philadelphia,2/28/2026
PENNSYLVANIA,PA,Bucks County,PM-2.5 (1997),,"Philadelphia-Wilmington, PA-NJ-DE",FALSE,,,,,,,,,,,,,,05,06,07,08,09,10,11,12,13,14,,,,,,,,,,,,,4/21/2015,,Moderate,W,625249,42,017,e,PM-2.5.1997.Philadelphia,2/28/2026
PENNSYLVANIA,PA,Bucks County,PM-2.5 (2006),,"Philadelphia-Wilmington, PA-NJ-DE",FALSE,,,,,,,,,,,,,,,,,,09,10,11,12,13,14,,,,,,,,,,,,,4/21/2015,,Moderate,W,625249,42,017,e,PM-2.5.2006.Philadelphia,2/28/2026
PENNSYLVANIA,PA,Butler County,1-Hour Ozone (1979),Revoked,"Pittsburgh-Beaver Valley, PA",FALSE,92,93,94,95,96,97,98,99,00,,,,,,,,,,,,,,,,,,,,,,,,,,,11/19/2001,,Moderate,W,183862,42,019,E,Ozone_1-hr.1990.Pittsburgh,2/28/2026
PENNSYLVANIA,PA,Butler County,8-Hour Ozone (1997),Revoked,"Pittsburgh-Beaver Valley, PA",FALSE,,,,,,,,,,,,,04,05,06,07,08,09,10,11,12,13,14,,,,,,,,,,,,,  -   -,Yes,Moderate,W,183862,42,019,e,Ozone_8-hr.1997.Pittsburgh,2/28/2026
PENNSYLVANIA,PA,Butler County,8-Hour Ozone (2008),,"Pittsburgh-Beaver Valley, PA",FALSE,,,,,,,,,,,,,,,,,,,,,12,13,14,15,16,17,18,19,20,21,22,23,24,25,26,  -   -,Yes,Marginal,W,183862,42,019,f,Ozone_8-hr.2008.Pittsburgh,2/28/2026
PENNSYLVANIA,PA,Butler County,PM-2.5 (1997),,"Pittsburgh-Beaver Valley, PA",FALSE,,,,,,,,,,,,,,05,06,07,08,09,10,11,12,13,14,,,,,,,,,,,,,10/2/2015,,Moderate,W,183862,42,019,e,PM-2.5.1997.Pittsburgh,2/28/2026
PENNSYLVANIA,PA,Butler County,PM-2.5 (2006),,"Pittsburgh-Beaver Valley, PA",FALSE,,,,,,,,,,,,,,,,,,09,10,11,12,13,14,,,,,,,,,,,,,10/2/2015,,Moderate,W,183862,42,019,e,PM-2.5.2006.Pittsburgh,2/28/2026
PENNSYLVANIA,PA,Cambria County,1-Hour Ozone (1979),Revoked,"Johnstown, PA",FALSE,92,93,94,95,96,97,98,99,00,01,02,03,04,,,,,,,,,,,,,,,,,,,,,,,  -   -,Yes,Marginal,W,143679,42,021,G,Ozone_1-hr.1990.Johnstown,2/28/2026
PENNSYLVANIA,PA,Cambria County,8-Hour Ozone (1997),Revoked,"Johnstown, PA",FALSE,,,,,,,,,,,,,04,05,06,,,,,,,,,,,,,,,,,,,,,8/1/2007,,Former Subpart 1,W,143679,42,021,g,Ozone_8-hr.1997.Johnstown,2/28/2026
PENNSYLVANIA,PA,Cambria County,PM-2.5 (1997),,"Johnstown, PA",FALSE,,,,,,,,,,,,,,05,06,07,08,09,10,11,12,13,14,,,,,,,,,,,,,7/16/2015,,Moderate,W,143679,42,021,e,PM-2.5.1997.Johnstown,2/28/2026
PENNSYLVANIA,PA,Cambria County,PM-2.5 (2006),,"Johnstown, PA",FALSE,,,,,,,,,,,,,,,,,,09,10,11,12,13,14,,,,,,,,,,,,,7/16/2015,,Moderate,W,143679,42,021,e,PM-2.5.2006.Johnstown,2/28/2026
PENNSYLVANIA,PA,Cambria County,Sulfur Dioxide (2010),,"Cambria-Westmoreland Area, PA",FALSE,,,,,,,,,,,,,,,,,,,,,,,,,,,,,,,,,,25,26,  -   -,Yes,,P,2699,42,021,A,SO2.2010.Cambria-Westmoreland,2/28/2026
PENNSYLVANIA,PA,Carbon County,1-Hour Ozone (1979),Revoked,"Allentown-Bethlehem-Easton, PA-NJ",FALSE,92,93,94,95,96,97,98,99,00,01,02,03,04,,,,,,,,,,,,,,,,,,,,,,,  -   -,Yes,Marginal,W,65249,42,025,G,Ozone_1-hr.1990.Allentown,2/28/2026
PENNSYLVANIA,PA,Carbon County,8-Hour Ozone (1997),Revoked,"Allentown-Bethlehem-Easton, PA",FALSE,,,,,,,,,,,,,04,05,06,07,,,,,,,,,,,,,,,,,,,,4/3/2008,,Former Subpart 1,W,65249,42,025,g,Ozone_8-hr.1997.Allentown,2/28/2026
PENNSYLVANIA,PA,Carbon County,8-Hour Ozone (2008),,"Allentown-Bethlehem-Easton, PA",FALSE,,,,,,,,,,,,,,,,,,,,,12,13,14,15,16,17,18,19,20,21,22,23,24,25,26,  -   -,Yes,Marginal,W,65249,42,025,f,Ozone_8-hr.2008.Allentown,2/28/2026
PENNSYLVANIA,PA,Centre County,8-Hour Ozone (1997),Revoked,"State College, PA",FALSE,,,,,,,,,,,,,04,05,06,,,,,,,,,,,,,,,,,,,,,12/14/2007,,Former Subpart 1,W,153990,42,027,g,Ozone_8-hr.1997.State_College,2/28/2026
PENNSYLVANIA,PA,Chester County,1-Hour Ozone (1979),Revoked,"Philadelphia-Wilmington-Trenton, PA-NJ-DE-MD",FALSE,92,93,94,95,96,97,98,99,00,01,02,03,04,,,,,,,,,,,,,,,,,,,,,,,  -   -,Yes,Severe-15,W,498886,42,029,C,Ozone_1-hr.1990.Philadelphia,2/28/2026
PENNSYLVANIA,PA,Chester County,8-Hour Ozone (1997),Revoked,"Philadelphia-Wilmington-Atlantic City, PA-NJ-MD-DE",FALSE,,,,,,,,,,,,,04,05,06,07,08,09,10,11,12,13,14,,,,,,,,,,,,,  -   -,Yes,Moderate,W,498886,42,029,e,Ozone_8-hr.1997.Philadelphia,2/28/2026
PENNSYLVANIA,PA,Chester County,8-Hour Ozone (2008),,"Philadelphia-Wilmington-Atlantic City, PA-NJ-MD-DE",FALSE,,,,,,,,,,,,,,,,,,,,,12,13,14,15,16,17,18,19,20,21,22,23,24,25,26,  -   -,Yes,Marginal,W,498886,42,029,f,Ozone_8-hr.2008.Philadelphia,2/28/2026
PENNSYLVANIA,PA,Chester County,8-Hour Ozone (2015),,"Philadelphia-Wilmington-Atlantic City, PA-NJ-MD-DE",FALSE,,,,,,,,,,,,,,,,,,,,,,,,,,,18,19,20,21,22,23,24,25,26,  -   -,Yes,Serious,W,498886,42,029,d,Ozone_8-hr.2015.Philadelphia,2/28/2026
PENNSYLVANIA,PA,Chester County,PM-2.5 (1997),,"Philadelphia-Wilmington, PA-NJ-DE",FALSE,,,,,,,,,,,,,,05,06,07,08,09,10,11,12,13,14,,,,,,,,,,,,,4/21/2015,,Moderate,W,498886,42,029,e,PM-2.5.1997.Philadelphia,2/28/2026
PENNSYLVANIA,PA,Chester County,PM-2.5 (2006),,"Philadelphia-Wilmington, PA-NJ-DE",FALSE,,,,,,,,,,,,,,,,,,09,10,11,12,13,14,,,,,,,,,,,,,4/21/2015,,Moderate,W,498886,42,029,e,PM-2.5.2006.Philadelphia,2/28/2026
PENNSYLVANIA,PA,Clearfield County,8-Hour Ozone (1997),Revoked,"Clearfield and Indiana Counties, PA",FALSE,,,,,,,,,,,,,04,05,06,07,08,,,,,,,,,,,,,,,,,,,4/20/2009,,Former Subpart 1,W,81642,42,033,g,Ozone_8-hr.1997.Clearfield_and_Indiana_Cos,2/28/2026
PENNSYLVANIA,PA,Columbia County,1-Hour Ozone (1979),Revoked,"Scranton-Wilkes-Barre, PA",FALSE,92,93,94,95,96,97,98,99,00,01,02,03,04,,,,,,,,,,,,,,,,,,,,,,,  -   -,Yes,Marginal,W,67295,42,037,G,Ozone_1-hr.1990.Scranton,2/28/2026
PENNSYLVANIA,PA,Crawford County,1-Hour Ozone (1979),Revoked,"Crawford County, PA",FALSE,92,93,94,95,96,97,98,99,00,01,02,03,04,,,,,,,,,,,,,,,,,,,,,,,  -   -,Yes,Incomplete Data,W,88765,42,039,K,Ozone_1-hr.1990.Crawford_Co,2/28/2026
PENNSYLVANIA,PA,Cumberland County,1-Hour Ozone (1979),Revoked,"Harrisburg-Lebanon-Carlisle, PA",FALSE,92,93,94,95,96,97,98,99,00,01,02,03,04,,,,,,,,,,,,,,,,,,,,,,,  -   -,Yes,Marginal,W,235406,42,041,G,Ozone_1-hr.1990.Harrisburg,2/28/2026
PENNSYLVANIA,PA,Cumberland County,8-Hour Ozone (1997),Revoked,"Harrisburg-Lebanon-Carlisle, PA",FALSE,,,,,,,,,,,,,04,05,06,,,,,,,,,,,,,,,,,,,,,7/25/2007,,Former Subpart 1,W,235406,42,041,g,Ozone_8-hr.1997.Harrisburg,2/28/2026
PENNSYLVANIA,PA,Cumberland County,PM-2.5 (1997),,"Harrisburg-Lebanon-Carlisle, PA",FALSE,,,,,,,,,,,,,,05,06,07,08,09,10,11,12,13,,,,,,,,,,,,,,12/8/2014,,Moderate,W,235406,42,041,e,PM-2.5.1997.Harrisburg,2/28/2026
PENNSYLVANIA,PA,Cumberland County,PM-2.5 (2006),,"Harrisburg-Lebanon-Carlisle-York, PA",FALSE,,,,,,,,,,,,,,,,,,09,10,11,12,13,,,,,,,,,,,,,,12/8/2014,,Moderate,W,235406,42,041,e,PM-2.5.2006.Harrisburg,2/28/2026
PENNSYLVANIA,PA,Dauphin County,1-Hour Ozone (1979),Revoked,"Harrisburg-Lebanon-Carlisle, PA",FALSE,92,93,94,95,96,97,98,99,00,01,02,03,04,,,,,,,,,,,,,,,,,,,,,,,  -   -,Yes,Marginal,W,268100,42,043,G,Ozone_1-hr.1990.Harrisburg,2/28/2026
PENNSYLVANIA,PA,Dauphin County,8-Hour Ozone (1997),Revoked,"Harrisburg-Lebanon-Carlisle, PA",FALSE,,,,,,,,,,,,,04,05,06,,,,,,,,,,,,,,,,,,,,,7/25/2007,,Former Subpart 1,W,268100,42,043,g,Ozone_8-hr.1997.Harrisburg,2/28/2026
PENNSYLVANIA,PA,Dauphin County,PM-2.5 (1997),,"Harrisburg-Lebanon-Carlisle, PA",FALSE,,,,,,,,,,,,,,05,06,07,08,09,10,11,12,13,,,,,,,,,,,,,,12/8/2014,,Moderate,W,268100,42,043,e,PM-2.5.1997.Harrisburg,2/28/2026
PENNSYLVANIA,PA,Dauphin County,PM-2.5 (2006),,"Harrisburg-Lebanon-Carlisle-York, PA",FALSE,,,,,,,,,,,,,,,,,,09,10,11,12,13,,,,,,,,,,,,,,12/8/2014,,Moderate,W,268100,42,043,e,PM-2.5.2006.Harrisburg,2/28/2026
PENNSYLVANIA,PA,Delaware County,1-Hour Ozone (1979),Revoked,"Philadelphia-Wilmington-Trenton, PA-NJ-DE-MD",FALSE,92,93,94,95,96,97,98,99,00,01,02,03,04,,,,,,,,,,,,,,,,,,,,,,,  -   -,Yes,Severe-15,W,558979,42,045,C,Ozone_1-hr.1990.Philadelphia,2/28/2026
PENNSYLVANIA,PA,Delaware County,8-Hour Ozone (1997),Revoked,"Philadelphia-Wilmington-Atlantic City, PA-NJ-MD-DE",FALSE,,,,,,,,,,,,,04,05,06,07,08,09,10,11,12,13,14,,,,,,,,,,,,,  -   -,Yes,Moderate,W,558979,42,045,e,Ozone_8-hr.1997.Philadelphia,2/28/2026
PENNSYLVANIA,PA,Delaware County,8-Hour Ozone (2008),,"Philadelphia-Wilmington-Atlantic City, PA-NJ-MD-DE",FALSE,,,,,,,,,,,,,,,,,,,,,12,13,14,15,16,17,18,19,20,21,22,23,24,25,26,  -   -,Yes,Marginal,W,558979,42,045,f,Ozone_8-hr.2008.Philadelphia,2/28/2026
PENNSYLVANIA,PA,Delaware County,8-Hour Ozone (2015),,"Philadelphia-Wilmington-Atlantic City, PA-NJ-MD-DE",FALSE,,,,,,,,,,,,,,,,,,,,,,,,,,,18,19,20,21,22,23,24,25,26,  -   -,Yes,Serious,W,558979,42,045,d,Ozone_8-hr.2015.Philadelphia,2/28/2026
PENNSYLVANIA,PA,Delaware County,PM-2.5 (1997),,"Philadelphia-Wilmington, PA-NJ-DE",FALSE,,,,,,,,,,,,,,05,06,07,08,09,10,11,12,13,14,,,,,,,,,,,,,4/21/2015,,Moderate,W,558979,42,045,e,PM-2.5.1997.Philadelphia,2/28/2026
PENNSYLVANIA,PA,Delaware County,PM-2.5 (2006),,"Philadelphia-Wilmington, PA-NJ-DE",FALSE,,,,,,,,,,,,,,,,,,09,10,11,12,13,14,,,,,,,,,,,,,4/21/2015,,Moderate,W,558979,42,045,e,PM-2.5.2006.Philadelphia,2/28/2026
PENNSYLVANIA,PA,Delaware County,PM-2.5 (2012),,"Delaware County, PA",FALSE,,,,,,,,,,,,,,,,,,,,,,,,15,16,17,18,,,,,,,,,10/30/2019,,Moderate,W,558979,42,045,B,PM-2.5.2012.Delaware_Co,2/28/2026
PENNSYLVANIA,PA,Erie County,1-Hour Ozone (1979),Revoked,"Erie, PA",FALSE,92,93,94,95,96,97,98,99,00,01,02,03,04,,,,,,,,,,,,,,,,,,,,,,,  -   -,Yes,Marginal,W,280566,42,049,G,Ozone_1-hr.1990.Erie,2/28/2026
PENNSYLVANIA,PA,Erie County,8-Hour Ozone (1997),Revoked,"Erie, PA",FALSE,,,,,,,,,,,,,04,05,06,,,,,,,,,,,,,,,,,,,,,11/8/2007,,Former Subpart 1,W,280566,42,049,g,Ozone_8-hr.1997.Erie,2/28/2026
PENNSYLVANIA,PA,Fayette County,1-Hour Ozone (1979),Revoked,"Pittsburgh-Beaver Valley, PA",FALSE,92,93,94,95,96,97,98,99,00,,,,,,,,,,,,,,,,,,,,,,,,,,,11/19/2001,,Moderate,W,136606,42,051,E,Ozone_1-hr.1990.Pittsburgh,2/28/2026
PENNSYLVANIA,PA,Fayette County,8-Hour Ozone (1997),Revoked,"Pittsburgh-Beaver Valley, PA",FALSE,,,,,,,,,,,,,04,05,06,07,08,09,10,11,12,13,14,,,,,,,,,,,,,  -   -,Yes,Moderate,W,136606,42,051,e,Ozone_8-hr.1997.Pittsburgh,2/28/2026
PENNSYLVANIA,PA,Fayette County,8-Hour Ozone (2008),,"Pittsburgh-Beaver Valley, PA",FALSE,,,,,,,,,,,,,,,,,,,,,12,13,14,15,16,17,18,19,20,21,22,23,24,25,26,  -   -,Yes,Marginal,W,136606,42,051,f,Ozone_8-hr.2008.Pittsburgh,2/28/2026
PENNSYLVANIA,PA,Franklin County,1-Hour Ozone (1979),Revoked,"Franklin County, PA",FALSE,92,93,94,95,96,97,98,99,00,01,02,03,04,,,,,,,,,,,,,,,,,,,,,,,  -   -,Yes,Incomplete Data,W,149618,42,055,K,Ozone_1-hr.1990.Franklin_Co,2/28/2026
PENNSYLVANIA,PA,Franklin County,8-Hour Ozone (1997),Revoked,"Franklin County, PA",FALSE,,,,,,,,,,,,,04,05,06,,,,,,,,,,,,,,,,,,,,,7/25/2007,,Former Subpart 1,W,149618,42,055,g,Ozone_8-hr.1997.Franklin_Co,2/28/2026
PENNSYLVANIA,PA,Greene County,1-Hour Ozone (1979),Revoked,"Greene County, PA",FALSE,92,93,94,95,96,97,98,99,00,01,02,03,04,,,,,,,,,,,,,,,,,,,,,,,  -   -,Yes,Incomplete Data,W,38686,42,059,K,Ozone_1-hr.1990.Greene_Co_PA,2/28/2026
PENNSYLVANIA,PA,Greene County,8-Hour Ozone (1997),Revoked,"Greene County, PA",FALSE,,,,,,,,,,,,,04,05,06,07,08,,,,,,,,,,,,,,,,,,,4/20/2009,,Former Subpart 1,W,38686,42,059,g,Ozone_8-hr.1997.Greene_Co_PA,2/28/2026
PENNSYLVANIA,PA,Greene County,PM-2.5 (1997),,"Pittsburgh-Beaver Valley, PA",FALSE,,,,,,,,,,,,,,05,06,07,08,09,10,11,12,13,14,,,,,,,,,,,,,10/2/2015,,Moderate,P,2818,42,059,e,PM-2.5.1997.Pittsburgh,2/28/2026
PENNSYLVANIA,PA,Greene County,PM-2.5 (2006),,"Pittsburgh-Beaver Valley, PA",FALSE,,,,,,,,,,,,,,,,,,09,10,11,12,13,14,,,,,,,,,,,,,10/2/2015,,Moderate,P,2818,42,059,e,PM-2.5.2006.Pittsburgh,2/28/2026
PENNSYLVANIA,PA,Indiana County,8-Hour Ozone (1997),Revoked,"Clearfield and Indiana Counties, PA",FALSE,,,,,,,,,,,,,04,05,06,07,08,,,,,,,,,,,,,,,,,,,4/20/2009,,Former Subpart 1,W,88880,42,063,g,Ozone_8-hr.1997.Clearfield_and_Indiana_Cos,2/28/2026
PENNSYLVANIA,PA,Indiana County,PM-2.5 (1997),,"Johnstown, PA",FALSE,,,,,,,,,,,,,,05,06,07,08,09,10,11,12,13,14,,,,,,,,,,,,,7/16/2015,,Moderate,P,13244,42,063,e,PM-2.5.1997.Johnstown,2/28/2026
PENNSYLVANIA,PA,Indiana County,PM-2.5 (2006),,"Johnstown, PA",FALSE,,,,,,,,,,,,,,,,,,09,10,11,12,13,14,,,,,,,,,,,,,7/16/2015,,Moderate,P,13244,42,063,e,PM-2.5.2006.Johnstown,2/28/2026
PENNSYLVANIA,PA,Indiana County,Sulfur Dioxide (2010),,"Indiana, PA",FALSE,,,,,,,,,,,,,,,,,,,,,,13,14,15,16,17,18,19,20,21,22,23,24,25,26,  -   -,Yes,,W,88880,42,063,A,SO2.2010.Indiana_Co,2/28/2026
PENNSYLVANIA,PA,Juniata County,1-Hour Ozone (1979),Revoked,"Juniata County, PA",FALSE,92,93,94,95,96,97,98,99,00,01,02,03,04,,,,,,,,,,,,,,,,,,,,,,,  -   -,Yes,Incomplete Data,W,24636,42,067,K,Ozone_1-hr.1990.Juniata_Co,2/28/2026
PENNSYLVANIA,PA,Lackawanna County,1-Hour Ozone (1979),Revoked,"Scranton-Wilkes-Barre, PA",FALSE,92,93,94,95,96,97,98,99,00,01,02,03,04,,,,,,,,,,,,,,,,,,,,,,,  -   -,Yes,Marginal,W,214437,42,069,G,Ozone_1-hr.1990.Scranton,2/28/2026
PENNSYLVANIA,PA,Lackawanna County,8-Hour Ozone (1997),Revoked,"Scranton-Wilkes-Barre, PA",FALSE,,,,,,,,,,,,,04,05,06,,,,,,,,,,,,,,,,,,,,,12/19/2007,,Former Subpart 1,W,214437,42,069,g,Ozone_8-hr.1997.Scranton,2/28/2026
PENNSYLVANIA,PA,Lancaster County,1-Hour Ozone (1979),Revoked,"Lancaster, PA",FALSE,92,93,94,95,96,97,98,99,00,01,02,03,04,,,,,,,,,,,,,,,,,,,,,,,  -   -,Yes,Marginal,W,519445,42,071,G,Ozone_1-hr.1990.Lancaster,2/28/2026
PENNSYLVANIA,PA,Lancaster County,8-Hour Ozone (1997),Revoked,"Lancaster, PA",FALSE,,,,,,,,,,,,,04,05,06,,,,,,,,,,,,,,,,,,,,,7/6/2007,,Marginal,W,519445,42,071,f,Ozone_8-hr.1997.Lancaster,2/28/2026
PENNSYLVANIA,PA,Lancaster County,8-Hour Ozone (2008),,"Lancaster, PA",FALSE,,,,,,,,,,,,,,,,,,,,,12,13,14,15,16,17,18,19,20,21,22,23,24,25,26,  -   -,Yes,Marginal,W,519445,42,071,f,Ozone_8-hr.2008.Lancaster,2/28/2026
PENNSYLVANIA,PA,Lancaster County,PM-2.5 (1997),,"Lancaster, PA",FALSE,,,,,,,,,,,,,,05,06,07,08,09,10,11,12,13,14,,,,,,,,,,,,,7/16/2015,,Moderate,W,519445,42,071,e,PM-2.5.1997.Lancaster,2/28/2026
PENNSYLVANIA,PA,Lancaster County,PM-2.5 (2006),,"Lancaster, PA",FALSE,,,,,,,,,,,,,,,,,,09,10,11,12,13,14,,,,,,,,,,,,,7/16/2015,,Moderate,W,519445,42,071,e,PM-2.5.2006.Lancaster,2/28/2026
PENNSYLVANIA,PA,Lawrence County,1-Hour Ozone (1979),Revoked,"Lawrence County, PA",FALSE,92,93,94,95,96,97,98,99,00,01,02,03,04,,,,,,,,,,,,,,,,,,,,,,,  -   -,Yes,Incomplete Data,W,91108,42,073,K,Ozone_1-hr.1990.Lawrence_Co,2/28/2026
PENNSYLVANIA,PA,Lawrence County,PM-2.5 (1997),,"Pittsburgh-Beaver Valley, PA",FALSE,,,,,,,,,,,,,,05,06,07,08,09,10,11,12,13,14,,,,,,,,,,,,,10/2/2015,,Moderate,P,1722,42,073,e,PM-2.5.1997.Pittsburgh,2/28/2026
PENNSYLVANIA,PA,Lawrence County,PM-2.5 (2006),,"Pittsburgh-Beaver Valley, PA",FALSE,,,,,,,,,,,,,,,,,,09,10,11,12,13,14,,,,,,,,,,,,,10/2/2015,,Moderate,P,1722,42,073,e,PM-2.5.2006.Pittsburgh,2/28/2026
PENNSYLVANIA,PA,Lebanon County,1-Hour Ozone (1979),Revoked,"Harrisburg-Lebanon-Carlisle, PA",FALSE,92,93,94,95,96,97,98,99,00,01,02,03,04,,,,,,,,,,,,,,,,,,,,,,,  -   -,Yes,Marginal,W,133568,42,075,G,Ozone_1-hr.1990.Harrisburg,2/28/2026
PENNSYLVANIA,PA,Lebanon County,8-Hour Ozone (1997),Revoked,"Harrisburg-Lebanon-Carlisle, PA",FALSE,,,,,,,,,,,,,04,05,06,,,,,,,,,,,,,,,,,,,,,7/25/2007,,Former Subpart 1,W,133568,42,075,g,Ozone_8-hr.1997.Harrisburg,2/28/2026
PENNSYLVANIA,PA,Lebanon County,PM-2.5 (1997),,"Harrisburg-Lebanon-Carlisle, PA",FALSE,,,,,,,,,,,,,,05,06,07,08,09,10,11,12,13,,,,,,,,,,,,,,12/8/2014,,Moderate,W,133568,42,075,e,PM-2.5.1997.Harrisburg,2/28/2026
PENNSYLVANIA,PA,Lebanon County,PM-2.5 (2006),,"Harrisburg-Lebanon-Carlisle-York, PA",FALSE,,,,,,,,,,,,,,,,,,09,10,11,12,13,,,,,,,,,,,,,,12/8/2014,,Moderate,W,133568,42,075,e,PM-2.5.2006.Harrisburg,2/28/2026
PENNSYLVANIA,PA,Lebanon County,PM-2.5 (2012),,"Lebanon County, PA",FALSE,,,,,,,,,,,,,,,,,,,,,,,,15,16,17,18,,,,,,,,,10/30/2019,,Moderate,W,133568,42,075,B,PM-2.5.2012.Lebanon_Co,2/28/2026
PENNSYLVANIA,PA,Lehigh County,1-Hour Ozone (1979),Revoked,"Allentown-Bethlehem-Easton, PA-NJ",FALSE,92,93,94,95,96,97,98,99,00,01,02,03,04,,,,,,,,,,,,,,,,,,,,,,,  -   -,Yes,Marginal,W,349497,42,077,G,Ozone_1-hr.1990.Allentown,2/28/2026
PENNSYLVANIA,PA,Lehigh County,8-Hour Ozone (1997),Revoked,"Allentown-Bethlehem-Easton, PA",FALSE,,,,,,,,,,,,,04,05,06,07,,,,,,,,,,,,,,,,,,,,4/3/2008,,Former Subpart 1,W,349497,42,077,g,Ozone_8-hr.1997.Allentown,2/28/2026
PENNSYLVANIA,PA,Lehigh County,8-Hour Ozone (2008),,"Allentown-Bethlehem-Easton, PA",FALSE,,,,,,,,,,,,,,,,,,,,,12,13,14,15,16,17,18,19,20,21,22,23,24,25,26,  -   -,Yes,Marginal,W,349497,42,077,f,Ozone_8-hr.2008.Allentown,2/28/2026
PENNSYLVANIA,PA,Lehigh County,PM-2.5 (2006),,"Allentown, PA",FALSE,,,,,,,,,,,,,,,,,,09,10,11,12,13,14,,,,,,,,,,,,,4/13/2015,,Moderate,W,349497,42,077,e,PM-2.5.2006.Allentown,2/28/2026
PENNSYLVANIA,PA,Luzerne County,1-Hour Ozone (1979),Revoked,"Scranton-Wilkes-Barre, PA",FALSE,92,93,94,95,96,97,98,99,00,01,02,03,04,,,,,,,,,,,,,,,,,,,,,,,  -   -,Yes,Marginal,W,320918,42,079,G,Ozone_1-hr.1990.Scranton,2/28/2026
PENNSYLVANIA,PA,Luzerne County,8-Hour Ozone (1997),Revoked,"Scranton-Wilkes-Barre, PA",FALSE,,,,,,,,,,,,,04,05,06,,,,,,,,,,,,,,,,,,,,,12/19/2007,,Former Subpart 1,W,320918,42,079,g,Ozone_8-hr.1997.Scranton,2/28/2026
PENNSYLVANIA,PA,Mercer County,1-Hour Ozone (1979),Revoked,"Youngstown-Warren-Sharon, OH-PA (PA portion)",TRUE,92,93,94,95,96,97,98,99,00,01,02,03,04,,,,,,,,,,,,,,,,,,,,,,,  -   -,Yes,Marginal,W,116638,42,085,G,Ozone_1-hr.1990.Youngstown,2/28/2026
PENNSYLVANIA,PA,Mercer County,8-Hour Ozone (1997),Revoked,"Youngstown-Warren-Sharon, OH-PA",FALSE,,,,,,,,,,,,,04,05,06,,,,,,,,,,,,,,,,,,,,,11/19/2007,,Former Subpart 1,W,116638,42,085,g,Ozone_8-hr.1997.Youngstown,2/28/2026
PENNSYLVANIA,PA,Monroe County,1-Hour Ozone (1979),Revoked,"Scranton-Wilkes-Barre, PA",FALSE,92,93,94,95,96,97,98,99,00,01,02,03,04,,,,,,,,,,,,,,,,,,,,,,,  -   -,Yes,Marginal,W,169842,42,089,G,Ozone_1-hr.1990.Scranton,2/28/2026
PENNSYLVANIA,PA,Monroe County,8-Hour Ozone (1997),Revoked,"Scranton-Wilkes-Barre, PA",FALSE,,,,,,,,,,,,,04,05,06,,,,,,,,,,,,,,,,,,,,,12/19/2007,,Former Subpart 1,W,169842,42,089,g,Ozone_8-hr.1997.Scranton,2/28/2026
PENNSYLVANIA,PA,Montgomery County,1-Hour Ozone (1979),Revoked,"Philadelphia-Wilmington-Trenton, PA-NJ-DE-MD",FALSE,92,93,94,95,96,97,98,99,00,01,02,03,04,,,,,,,,,,,,,,,,,,,,,,,  -   -,Yes,Severe-15,W,799874,42,091,C,Ozone_1-hr.1990.Philadelphia,2/28/2026
PENNSYLVANIA,PA,Montgomery County,8-Hour Ozone (1997),Revoked,"Philadelphia-Wilmington-Atlantic City, PA-NJ-MD-DE",FALSE,,,,,,,,,,,,,04,05,06,07,08,09,10,11,12,13,14,,,,,,,,,,,,,  -   -,Yes,Moderate,W,799874,42,091,e,Ozone_8-hr.1997.Philadelphia,2/28/2026
PENNSYLVANIA,PA,Montgomery County,8-Hour Ozone (2008),,"Philadelphia-Wilmington-Atlantic City, PA-NJ-MD-DE",FALSE,,,,,,,,,,,,,,,,,,,,,12,13,14,15,16,17,18,19,20,21,22,23,24,25,26,  -   -,Yes,Marginal,W,799874,42,091,f,Ozone_8-hr.2008.Philadelphia,2/28/2026
PENNSYLVANIA,PA,Montgomery County,8-Hour Ozone (2015),,"Philadelphia-Wilmington-Atlantic City, PA-NJ-MD-DE",FALSE,,,,,,,,,,,,,,,,,,,,,,,,,,,18,19,20,21,22,23,24,25,26,  -   -,Yes,Serious,W,799874,42,091,d,Ozone_8-hr.2015.Philadelphia,2/28/2026
PENNSYLVANIA,PA,Montgomery County,PM-2.5 (1997),,"Philadelphia-Wilmington, PA-NJ-DE",FALSE,,,,,,,,,,,,,,05,06,07,08,09,10,11,12,13,14,,,,,,,,,,,,,4/21/2015,,Moderate,W,799874,42,091,e,PM-2.5.1997.Philadelphia,2/28/2026
PENNSYLVANIA,PA,Montgomery County,PM-2.5 (2006),,"Philadelphia-Wilmington, PA-NJ-DE",FALSE,,,,,,,,,,,,,,,,,,09,10,11,12,13,14,,,,,,,,,,,,,4/21/2015,,Moderate,W,799874,42,091,e,PM-2.5.2006.Philadelphia,2/28/2026
PENNSYLVANIA,PA,Northampton County,1-Hour Ozone (1979),Revoked,"Allentown-Bethlehem-Easton, PA-NJ",FALSE,92,93,94,95,96,97,98,99,00,01,02,03,04,,,,,,,,,,,,,,,,,,,,,,,  -   -,Yes,Marginal,W,297735,42,095,G,Ozone_1-hr.1990.Allentown,2/28/2026
PENNSYLVANIA,PA,Northampton County,8-Hour Ozone (1997),Revoked,"Allentown-Bethlehem-Easton, PA",FALSE,,,,,,,,,,,,,04,05,06,07,,,,,,,,,,,,,,,,,,,,4/3/2008,,Former Subpart 1,W,297735,42,095,g,Ozone_8-hr.1997.Allentown,2/28/2026
PENNSYLVANIA,PA,Northampton County,8-Hour Ozone (2008),,"Allentown-Bethlehem-Easton, PA",FALSE,,,,,,,,,,,,,,,,,,,,,12,13,14,15,16,17,18,19,20,21,22,23,24,25,26,  -   -,Yes,Marginal,W,297735,42,095,f,Ozone_8-hr.2008.Allentown,2/28/2026
PENNSYLVANIA,PA,Northampton County,PM-2.5 (2006),,"Allentown, PA",FALSE,,,,,,,,,,,,,,,,,,09,10,11,12,13,14,,,,,,,,,,,,,4/13/2015,,Moderate,W,297735,42,095,e,PM-2.5.2006.Allentown,2/28/2026
PENNSYLVANIA,PA,Northumberland County,1-Hour Ozone (1979),Revoked,"Northumberland County, PA",FALSE,92,93,94,95,96,97,98,99,00,01,02,03,04,,,,,,,,,,,,,,,,,,,,,,,  -   -,Yes,Incomplete Data,W,94528,42,097,K,Ozone_1-hr.1990.Northumberland_Co,2/28/2026
PENNSYLVANIA,PA,Perry County,1-Hour Ozone (1979),Revoked,"Harrisburg-Lebanon-Carlisle, PA",FALSE,92,93,94,95,96,97,98,99,00,01,02,03,04,,,,,,,,,,,,,,,,,,,,,,,  -   -,Yes,Marginal,W,45969,42,099,G,Ozone_1-hr.1990.Harrisburg,2/28/2026
PENNSYLVANIA,PA,Perry County,8-Hour Ozone (1997),Revoked,"Harrisburg-Lebanon-Carlisle, PA",FALSE,,,,,,,,,,,,,04,05,06,,,,,,,,,,,,,,,,,,,,,7/25/2007,,Former Subpart 1,W,45969,42,099,g,Ozone_8-hr.1997.Harrisburg,2/28/2026
PENNSYLVANIA,PA,Philadelphia County,1-Hour Ozone (1979),Revoked,"Philadelphia-Wilmington-Trenton, PA-NJ-DE-MD",FALSE,92,93,94,95,96,97,98,99,00,01,02,03,04,,,,,,,,,,,,,,,,,,,,,,,  -   -,Yes,Severe-15,W,1526006,42,101,C,Ozone_1-hr.1990.Philadelphia,2/28/2026
PENNSYLVANIA,PA,Philadelphia County,8-Hour Ozone (1997),Revoked,"Philadelphia-Wilmington-Atlantic City, PA-NJ-MD-DE",FALSE,,,,,,,,,,,,,04,05,06,07,08,09,10,11,12,13,14,,,,,,,,,,,,,  -   -,Yes,Moderate,W,1526006,42,101,e,Ozone_8-hr.1997.Philadelphia,2/28/2026
PENNSYLVANIA,PA,Philadelphia County,8-Hour Ozone (2008),,"Philadelphia-Wilmington-Atlantic City, PA-NJ-MD-DE",FALSE,,,,,,,,,,,,,,,,,,,,,12,13,14,15,16,17,18,19,20,21,22,23,24,25,26,  -   -,Yes,Marginal,W,1526006,42,101,f,Ozone_8-hr.2008.Philadelphia,2/28/2026
PENNSYLVANIA,PA,Philadelphia County,8-Hour Ozone (2015),,"Philadelphia-Wilmington-Atlantic City, PA-NJ-MD-DE",FALSE,,,,,,,,,,,,,,,,,,,,,,,,,,,18,19,20,21,22,23,24,25,26,  -   -,Yes,Serious,W,1526006,42,101,d,Ozone_8-hr.2015.Philadelphia,2/28/2026
PENNSYLVANIA,PA,Philadelphia County,Carbon Monoxide (1971),,"Philadelphia-Camden County, PA-NJ",FALSE,92,93,94,95,,,,,,,,,,,,,,,,,,,,,,,,,,,,,,,,3/15/1996,,Moderate <= 12.7ppm,P,673750,42,101,C,CO.1990.Philadelphia,2/28/2026
PENNSYLVANIA,PA,Philadelphia County,PM-2.5 (1997),,"Philadelphia-Wilmington, PA-NJ-DE",FALSE,,,,,,,,,,,,,,05,06,07,08,09,10,11,12,13,14,,,,,,,,,,,,,4/21/2015,,Moderate,W,1526006,42,101,e,PM-2.5.1997.Philadelphia,2/28/2026
PENNSYLVANIA,PA,Philadelphia County,PM-2.5 (2006),,"Philadelphia-Wilmington, PA-NJ-DE",FALSE,,,,,,,,,,,,,,,,,,09,10,11,12,13,14,,,,,,,,,,,,,4/21/2015,,Moderate,W,1526006,42,101,e,PM-2.5.2006.Philadelphia,2/28/2026
PENNSYLVANIA,PA,Pike County,1-Hour Ozone (1979),Revoked,"Pike County, PA",FALSE,92,93,94,95,96,97,98,99,00,01,02,03,04,,,,,,,,,,,,,,,,,,,,,,,  -   -,Yes,Incomplete Data,W,57369,42,103,K,Ozone_1-hr.1990.Pike_Co,2/28/2026
PENNSYLVANIA,PA,Schuylkill County,1-Hour Ozone (1979),Revoked,"Schuylkill County, PA",FALSE,92,93,94,95,96,97,98,99,00,01,02,03,04,,,,,,,,,,,,,,,,,,,,,,,  -   -,Yes,Incomplete Data,W,148289,42,107,K,Ozone_1-hr.1990.Schuylkill_Co,2/28/2026
PENNSYLVANIA,PA,Snyder County,1-Hour Ozone (1979),Revoked,"Snyder County, PA",FALSE,92,93,94,95,96,97,98,99,00,01,02,03,04,,,,,,,,,,,,,,,,,,,,,,,  -   -,Yes,Incomplete Data,W,39702,42,109,K,Ozone_1-hr.1990.Snyder_Co,2/28/2026
PENNSYLVANIA,PA,Somerset County,1-Hour Ozone (1979),Revoked,"Johnstown, PA",FALSE,92,93,94,95,96,97,98,99,00,01,02,03,04,,,,,,,,,,,,,,,,,,,,,,,  -   -,Yes,Marginal,W,77742,42,111,G,Ozone_1-hr.1990.Johnstown,2/28/2026
PENNSYLVANIA,PA,Susquehanna County,1-Hour Ozone (1979),Revoked,"Susquehanna County, PA",FALSE,92,93,94,95,96,97,98,99,00,01,02,03,04,,,,,,,,,,,,,,,,,,,,,,,  -   -,Yes,Incomplete Data,W,43356,42,115,K,Ozone_1-hr.1990.Susquehanna_Co,2/28/2026
PENNSYLVANIA,PA,Tioga County,8-Hour Ozone (1997),Revoked,"Tioga County, PA",FALSE,,,,,,,,,,,,,04,05,06,,,,,,,,,,,,,,,,,,,,,7/6/2007,,Former Subpart 1,W,41981,42,117,g,Ozone_8-hr.1997.Tioga_Co,2/28/2026
PENNSYLVANIA,PA,Warren County,1-Hour Ozone (1979),Revoked,"Warren County, PA",FALSE,92,93,94,95,96,97,98,99,00,01,02,03,04,,,,,,,,,,,,,,,,,,,,,,,  -   -,Yes,Incomplete Data,W,41815,42,123,K,Ozone_1-hr.1990.Warren_Co,2/28/2026
PENNSYLVANIA,PA,Warren County,Sulfur Dioxide (1971),,"Warren County: Conewago Twp, PA",FALSE,92,93,94,95,96,97,98,99,00,01,02,03,,,,,,,,,,,,,,,,,,,,,,,,8/2/2004,,Primary,P,3594,42,123,A,SO2.1978.Conewago,2/28/2026
PENNSYLVANIA,PA,Warren County,Sulfur Dioxide (1971),,"Warren County: Warren Boro, Pleasant Twp, Glade Twp, PA",FALSE,92,93,94,95,96,97,98,99,00,01,02,03,,,,,,,,,,,,,,,,,,,,,,,,8/2/2004,,"Primary, Secondary",P,15781,42,123,B,SO2.1978.Warren_Boro,2/28/2026
PENNSYLVANIA,PA,Warren County,Sulfur Dioxide (2010),,"Warren, PA",FALSE,,,,,,,,,,,,,,,,,,,,,,13,14,15,16,17,18,19,20,21,22,23,24,25,26,  -   -,Yes,,P,18056,42,123,A,SO2.2010.Warren_Co,2/28/2026
PENNSYLVANIA,PA,Washington County,1-Hour Ozone (1979),Revoked,"Pittsburgh-Beaver Valley, PA",FALSE,92,93,94,95,96,97,98,99,00,,,,,,,,,,,,,,,,,,,,,,,,,,,11/19/2001,,Moderate,W,207820,42,125,E,Ozone_1-hr.1990.Pittsburgh,2/28/2026
PENNSYLVANIA,PA,Washington County,8-Hour Ozone (1997),Revoked,"Pittsburgh-Beaver Valley, PA",FALSE,,,,,,,,,,,,,04,05,06,07,08,09,10,11,12,13,14,,,,,,,,,,,,,  -   -,Yes,Moderate,W,207820,42,125,e,Ozone_8-hr.1997.Pittsburgh,2/28/2026
PENNSYLVANIA,PA,Washington County,8-Hour Ozone (2008),,"Pittsburgh-Beaver Valley, PA",FALSE,,,,,,,,,,,,,,,,,,,,,12,13,14,15,16,17,18,19,20,21,22,23,24,25,26,  -   -,Yes,Marginal,W,207820,42,125,f,Ozone_8-hr.2008.Pittsburgh,2/28/2026
PENNSYLVANIA,PA,Washington County,PM-2.5 (1997),,"Pittsburgh-Beaver Valley, PA",FALSE,,,,,,,,,,,,,,05,06,07,08,09,10,11,12,13,14,,,,,,,,,,,,,10/2/2015,,Moderate,W,207820,42,125,e,PM-2.5.1997.Pittsburgh,2/28/2026
PENNSYLVANIA,PA,Washington County,PM-2.5 (2006),,"Pittsburgh-Beaver Valley, PA",FALSE,,,,,,,,,,,,,,,,,,09,10,11,12,13,14,,,,,,,,,,,,,10/2/2015,,Moderate,W,207820,42,125,e,PM-2.5.2006.Pittsburgh,2/28/2026
PENNSYLVANIA,PA,Wayne County,1-Hour Ozone (1979),Revoked,"Wayne County, PA",FALSE,92,93,94,95,96,97,98,99,00,01,02,03,04,,,,,,,,,,,,,,,,,,,,,,,  -   -,Yes,Incomplete Data,W,52822,42,127,K,Ozone_1-hr.1990.Wayne_Co,2/28/2026
PENNSYLVANIA,PA,Westmoreland County,1-Hour Ozone (1979),Revoked,"Pittsburgh-Beaver Valley, PA",FALSE,92,93,94,95,96,97,98,99,00,,,,,,,,,,,,,,,,,,,,,,,,,,,11/19/2001,,Moderate,W,365169,42,129,E,Ozone_1-hr.1990.Pittsburgh,2/28/2026
PENNSYLVANIA,PA,Westmoreland County,8-Hour Ozone (1997),Revoked,"Pittsburgh-Beaver Valley, PA",FALSE,,,,,,,,,,,,,04,05,06,07,08,09,10,11,12,13,14,,,,,,,,,,,,,  -   -,Yes,Moderate,W,365169,42,129,e,Ozone_8-hr.1997.Pittsburgh,2/28/2026
PENNSYLVANIA,PA,Westmoreland County,8-Hour Ozone (2008),,"Pittsburgh-Beaver Valley, PA",FALSE,,,,,,,,,,,,,,,,,,,,,12,13,14,15,16,17,18,19,20,21,22,23,24,25,26,  -   -,Yes,Marginal,W,365169,42,129,f,Ozone_8-hr.2008.Pittsburgh,2/28/2026
PENNSYLVANIA,PA,Westmoreland County,PM-2.5 (1997),,"Pittsburgh-Beaver Valley, PA",FALSE,,,,,,,,,,,,,,05,06,07,08,09,10,11,12,13,14,,,,,,,,,,,,,10/2/2015,,Moderate,W,365169,42,129,e,PM-2.5.1997.Pittsburgh,2/28/2026
PENNSYLVANIA,PA,Westmoreland County,PM-2.5 (2006),,"Pittsburgh-Beaver Valley, PA",FALSE,,,,,,,,,,,,,,,,,,09,10,11,12,13,14,,,,,,,,,,,,,10/2/2015,,Moderate,W,365169,42,129,e,PM-2.5.2006.Pittsburgh,2/28/2026
PENNSYLVANIA,PA,Westmoreland County,Sulfur Dioxide (2010),,"Cambria-Westmoreland Area, PA",FALSE,,,,,,,,,,,,,,,,,,,,,,,,,,,,,,,,,,25,26,  -   -,Yes,,P,2702,42,129,A,SO2.2010.Cambria-Westmoreland,2/28/2026
PENNSYLVANIA,PA,Wyoming County,1-Hour Ozone (1979),Revoked,"Scranton-Wilkes-Barre, PA",FALSE,92,93,94,95,96,97,98,99,00,01,02,03,04,,,,,,,,,,,,,,,,,,,,,,,  -   -,Yes,Marginal,W,28276,42,131,G,Ozone_1-hr.1990.Scranton,2/28/2026
PENNSYLVANIA,PA,Wyoming County,8-Hour Ozone (1997),Revoked,"Scranton-Wilkes-Barre, PA",FALSE,,,,,,,,,,,,,04,05,06,,,,,,,,,,,,,,,,,,,,,12/19/2007,,Former Subpart 1,W,28276,42,131,g,Ozone_8-hr.1997.Scranton,2/28/2026
PENNSYLVANIA,PA,York County,1-Hour Ozone (1979),Revoked,"York, PA",FALSE,92,93,94,95,96,97,98,99,00,01,02,03,04,,,,,,,,,,,,,,,,,,,,,,,  -   -,Yes,Marginal,W,434972,42,133,G,Ozone_1-hr.1990.York,2/28/2026
PENNSYLVANIA,PA,York County,8-Hour Ozone (1997),Revoked,"York, PA",FALSE,,,,,,,,,,,,,04,05,06,07,,,,,,,,,,,,,,,,,,,,2/13/2008,,Former Subpart 1,W,434972,42,133,g,Ozone_8-hr.1997.York,2/28/2026
PENNSYLVANIA,PA,York County,PM-2.5 (1997),,"York, PA",FALSE,,,,,,,,,,,,,,05,06,07,08,09,10,11,12,13,,,,,,,,,,,,,,12/8/2014,,Moderate,W,434972,42,133,e,PM-2.5.1997.York,2/28/2026
PENNSYLVANIA,PA,York County,PM-2.5 (2006),,"Harrisburg-Lebanon-Carlisle-York, PA",FALSE,,,,,,,,,,,,,,,,,,09,10,11,12,13,,,,,,,,,,,,,,12/8/2014,,Moderate,W,434972,42,133,e,PM-2.5.2006.Harrisburg,2/28/2026
PUERTO RICO,PR,Arecibo Municipio,Lead (2008),,"Arecibo, PR",FALSE,,,,,,,,,,,,,,,,,,,,11,12,13,14,15,16,17,18,19,20,21,22,23,24,25,26,  -   -,Yes,,P,32185,72,013,A,Lead.2008.Arecibo,2/28/2026
PUERTO RICO,PR,Bayamon Municipio,Sulfur Dioxide (2010),,"San Juan, PR",FALSE,,,,,,,,,,,,,,,,,,,,,,,,,,,18,19,20,21,22,23,24,25,26,  -   -,Yes,,P,22921,72,021,A,SO2.2010.San_Juan,2/28/2026
PUERTO RICO,PR,Catano Municipio,Sulfur Dioxide (2010),,"San Juan, PR",FALSE,,,,,,,,,,,,,,,,,,,,,,,,,,,18,19,20,21,22,23,24,25,26,  -   -,Yes,,W,28140,72,033,A,SO2.2010.San_Juan,2/28/2026
PUERTO RICO,PR,Guaynabo Municipio,PM-10 (1987),,"Mun. of Guaynabo, PR",FALSE,92,93,94,95,96,97,98,99,00,01,02,03,04,05,06,07,08,09,,,,,,,,,,,,,,,,,,2/11/2010,,Moderate,P,90470,72,061,B,PM-10.1990.Guaynabo_Co,2/28/2026
PUERTO RICO,PR,Guaynabo Municipio,Sulfur Dioxide (2010),,"San Juan, PR",FALSE,,,,,,,,,,,,,,,,,,,,,,,,,,,18,19,20,21,22,23,24,25,26,  -   -,Yes,,P,23802,72,061,A,SO2.2010.San_Juan,2/28/2026
PUERTO RICO,PR,Salinas Municipio,Sulfur Dioxide (2010),,"Guayama-Salinas, PR",FALSE,,,,,,,,,,,,,,,,,,,,,,,,,,,18,19,20,21,22,23,24,25,26,  -   -,Yes,,P,23401,72,123,A,SO2.2010.Guayama-Salinas,2/28/2026
PUERTO RICO,PR,San Juan Municipio,Sulfur Dioxide (2010),,"San Juan, PR",FALSE,,,,,,,,,,,,,,,,,,,,,,,,,,,18,19,20,21,22,23,24,25,26,  -   -,Yes,,P,147963,72,127,A,SO2.2010.San_Juan,2/28/2026
PUERTO RICO,PR,Toa Baja Municipio,Sulfur Dioxide (2010),,"San Juan, PR",FALSE,,,,,,,,,,,,,,,,,,,,,,,,,,,18,19,20,21,22,23,24,25,26,  -   -,Yes,,P,52441,72,137,A,SO2.2010.San_Juan,2/28/2026
RHODE ISLAND,RI,Bristol County,1-Hour Ozone (1979),Revoked,"Providence (all of RI), RI",FALSE,92,93,94,95,96,97,98,99,00,01,02,03,04,,,,,,,,,,,,,,,,,,,,,,,  -   -,Yes,Serious,W,49875,44,001,D,Ozone_1-hr.1990.Providence,2/28/2026
RHODE ISLAND,RI,Bristol County,8-Hour Ozone (1997),Revoked,"Providence (all of RI), RI",FALSE,,,,,,,,,,,,,04,05,06,07,08,09,10,11,12,13,14,,,,,,,,,,,,,  -   -,Yes,Moderate,W,49875,44,001,e,Ozone_8-hr.1997.Providence,2/28/2026
RHODE ISLAND,RI,Kent County,1-Hour Ozone (1979),Revoked,"Providence (all of RI), RI",FALSE,92,93,94,95,96,97,98,99,00,01,02,03,04,,,,,,,,,,,,,,,,,,,,,,,  -   -,Yes,Serious,W,166158,44,003,D,Ozone_1-hr.1990.Providence,2/28/2026
RHODE ISLAND,RI,Kent County,8-Hour Ozone (1997),Revoked,"Providence (all of RI), RI",FALSE,,,,,,,,,,,,,04,05,06,07,08,09,10,11,12,13,14,,,,,,,,,,,,,  -   -,Yes,Moderate,W,166158,44,003,e,Ozone_8-hr.1997.Providence,2/28/2026
RHODE ISLAND,RI,Newport County,1-Hour Ozone (1979),Revoked,"Providence (all of RI), RI",FALSE,92,93,94,95,96,97,98,99,00,01,02,03,04,,,,,,,,,,,,,,,,,,,,,,,  -   -,Yes,Serious,W,82888,44,005,D,Ozone_1-hr.1990.Providence,2/28/2026
RHODE ISLAND,RI,Newport County,8-Hour Ozone (1997),Revoked,"Providence (all of RI), RI",FALSE,,,,,,,,,,,,,04,05,06,07,08,09,10,11,12,13,14,,,,,,,,,,,,,  -   -,Yes,Moderate,W,82888,44,005,e,Ozone_8-hr.1997.Providence,2/28/2026
RHODE ISLAND,RI,Providence County,1-Hour Ozone (1979),Revoked,"Providence (all of RI), RI",FALSE,92,93,94,95,96,97,98,99,00,01,02,03,04,,,,,,,,,,,,,,,,,,,,,,,  -   -,Yes,Serious,W,626667,44,007,D,Ozone_1-hr.1990.Providence,2/28/2026
RHODE ISLAND,RI,Providence County,8-Hour Ozone (1997),Revoked,"Providence (all of RI), RI",FALSE,,,,,,,,,,,,,04,05,06,07,08,09,10,11,12,13,14,,,,,,,,,,,,,  -   -,Yes,Moderate,W,626667,44,007,e,Ozone_8-hr.1997.Providence,2/28/2026
RHODE ISLAND,RI,Washington County,1-Hour Ozone (1979),Revoked,"Providence (all of RI), RI",FALSE,92,93,94,95,96,97,98,99,00,01,02,03,04,,,,,,,,,,,,,,,,,,,,,,,  -   -,Yes,Serious,W,126979,44,009,D,Ozone_1-hr.1990.Providence,2/28/2026
RHODE ISLAND,RI,Washington County,8-Hour Ozone (1997),Revoked,"Providence (all of RI), RI",FALSE,,,,,,,,,,,,,04,05,06,07,08,09,10,11,12,13,14,,,,,,,,,,,,,  -   -,Yes,Moderate,W,126979,44,009,e,Ozone_8-hr.1997.Providence,2/28/2026
SOUTH CAROLINA,SC,Cherokee County,1-Hour Ozone (1979),Revoked,"Cherokee County, SC",FALSE,92,,,,,,,,,,,,,,,,,,,,,,,,,,,,,,,,,,,2/16/1993,,Marginal,W,55342,45,021,G,Ozone_1-hr.1990.Cherokee_Co,2/28/2026
SOUTH CAROLINA,SC,York County,8-Hour Ozone (1997),Revoked,"Charlotte-Gastonia-Rock Hill, NC-SC",FALSE,,,,,,,,,,,,,04,05,06,07,08,09,10,11,,,,,,,,,,,,,,,,12/26/2012,,Moderate,P,178913,45,091,e,Ozone_8-hr.1997.Charlotte,2/28/2026
SOUTH CAROLINA,SC,York County,8-Hour Ozone (2008),,"Charlotte-Rock Hill, NC-SC",FALSE,,,,,,,,,,,,,,,,,,,,,12,13,14,15,,,,,,,,,,,,1/11/2016,,Marginal,P,177819,45,091,f,Ozone_8-hr.2008.Charlotte,2/28/2026
TENNESSEE,TN,Anderson County,8-Hour Ozone (1997),Revoked,"Knoxville, TN",FALSE,,,,,,,,,,,,,04,05,06,07,08,09,10,,,,,,,,,,,,,,,,,3/8/2011,,Former Subpart 1,W,75129,47,001,g,Ozone_8-hr.1997.Knoxville,2/28/2026
TENNESSEE,TN,Anderson County,8-Hour Ozone (2008),,"Knoxville, TN",FALSE,,,,,,,,,,,,,,,,,,,,,12,13,14,,,,,,,,,,,,,8/12/2015,,Marginal,P,18216,47,001,f,Ozone_8-hr.2008.Knoxville,2/28/2026
TENNESSEE,TN,Anderson County,PM-2.5 (1997),,"Knoxville, TN",FALSE,,,,,,,,,,,,,,05,06,07,08,09,10,11,12,13,14,15,16,,,,,,,,,,,8/29/2017,,Moderate,W,75129,47,001,e,PM-2.5.1997.Knoxville,2/28/2026
TENNESSEE,TN,Anderson County,PM-2.5 (2006),,"Knoxville-Sevierville-La Follette, TN",FALSE,,,,,,,,,,,,,,,,,,09,10,11,12,13,14,15,16,,,,,,,,,,,9/27/2017,,Moderate,W,75129,47,001,e,PM-2.5.2006.Knoxville,2/28/2026
TENNESSEE,TN,Benton County,Sulfur Dioxide (1971),,"Benton County; (part) TVA Johnsonville, TN",FALSE,92,93,94,95,96,97,,,,,,,,,,,,,,,,,,,,,,,,,,,,,,1/26/1998,,"Primary, Secondary",P,16489,47,005,B,SO2.1978.Benton_Co,2/28/2026
TENNESSEE,TN,Blount County,8-Hour Ozone (1997),Revoked,"Knoxville, TN",FALSE,,,,,,,,,,,,,04,05,06,07,08,09,10,,,,,,,,,,,,,,,,,3/8/2011,,Former Subpart 1,W,123010,47,009,g,Ozone_8-hr.1997.Knoxville,2/28/2026
TENNESSEE,TN,Blount County,8-Hour Ozone (2008),,"Knoxville, TN",FALSE,,,,,,,,,,,,,,,,,,,,,12,13,14,,,,,,,,,,,,,8/12/2015,,Marginal,W,123010,47,009,f,Ozone_8-hr.2008.Knoxville,2/28/2026
TENNESSEE,TN,Blount County,PM-2.5 (1997),,"Knoxville, TN",FALSE,,,,,,,,,,,,,,05,06,07,08,09,10,11,12,13,14,15,16,,,,,,,,,,,8/29/2017,,Moderate,W,123010,47,009,e,PM-2.5.1997.Knoxville,2/28/2026
TENNESSEE,TN,Blount County,PM-2.5 (2006),,"Knoxville-Sevierville-La Follette, TN",FALSE,,,,,,,,,,,,,,,,,,09,10,11,12,13,14,15,16,,,,,,,,,,,9/27/2017,,Moderate,W,123010,47,009,e,PM-2.5.2006.Knoxville,2/28/2026
TENNESSEE,TN,Cocke County,8-Hour Ozone (1997),Revoked,"Knoxville, TN",FALSE,,,,,,,,,,,,,04,05,06,07,08,09,10,,,,,,,,,,,,,,,,,3/8/2011,,Former Subpart 1,P,1666,47,029,g,Ozone_8-hr.1997.Knoxville,2/28/2026
TENNESSEE,TN,Davidson County,1-Hour Ozone (1979),Revoked,"Nashville, TN",FALSE,92,93,94,95,,,,,,,,,,,,,,,,,,,,,,,,,,,,,,,,10/30/1996,,Moderate,W,626681,47,037,E,Ozone_1-hr.1990.Nashville,2/28/2026
TENNESSEE,TN,Fayette County,Lead (1978),,"Fayette County, TN",FALSE,,93,94,,,,,,,,,,,,,,,,,,,,,,,,,,,,,,,,,10/17/1995,,,P,38033,47,047,A,Lead.1992.Fayette_Co,2/28/2026
TENNESSEE,TN,Hamilton County,PM-2.5 (1997),,"Chattanooga, TN-GA-AL",FALSE,,,,,,,,,,,,,,05,06,07,08,09,10,11,12,13,14,,,,,,,,,,,,,11/4/2015,,Moderate,W,336463,47,065,e,PM-2.5.1997.Chattanooga,2/28/2026
TENNESSEE,TN,Humphreys County,Sulfur Dioxide (1971),,"Humphreys County; (part) TVA Johnsonville, TN",FALSE,92,93,94,95,96,97,,,,,,,,,,,,,,,,,,,,,,,,,,,,,,1/26/1998,,"Primary, Secondary",P,18539,47,085,B,SO2.1978.Humphreys_Co,2/28/2026
TENNESSEE,TN,Jefferson County,8-Hour Ozone (1997),Revoked,"Knoxville, TN",FALSE,,,,,,,,,,,,,04,05,06,07,08,09,10,,,,,,,,,,,,,,,,,3/8/2011,,Former Subpart 1,W,51407,47,089,g,Ozone_8-hr.1997.Knoxville,2/28/2026
TENNESSEE,TN,Knox County,1-Hour Ozone (1979),Revoked,"Knoxville, TN",FALSE,92,,,,,,,,,,,,,,,,,,,,,,,,,,,,,,,,,,,10/27/1993,,Marginal,W,432226,47,093,G,Ozone_1-hr.1990.Knoxville,2/28/2026
TENNESSEE,TN,Knox County,8-Hour Ozone (1997),Revoked,"Knoxville, TN",FALSE,,,,,,,,,,,,,04,05,06,07,08,09,10,,,,,,,,,,,,,,,,,3/8/2011,,Former Subpart 1,W,432226,47,093,g,Ozone_8-hr.1997.Knoxville,2/28/2026
TENNESSEE,TN,Knox County,8-Hour Ozone (2008),,"Knoxville, TN",FALSE,,,,,,,,,,,,,,,,,,,,,12,13,14,,,,,,,,,,,,,8/12/2015,,Marginal,W,432226,47,093,f,Ozone_8-hr.2008.Knoxville,2/28/2026
TENNESSEE,TN,Knox County,PM-2.5 (1997),,"Knoxville, TN",FALSE,,,,,,,,,,,,,,05,06,07,08,09,10,11,12,13,14,15,16,,,,,,,,,,,8/29/2017,,Moderate,W,432226,47,093,e,PM-2.5.1997.Knoxville,2/28/2026
TENNESSEE,TN,Knox County,PM-2.5 (2006),,"Knoxville-Sevierville-La Follette, TN",FALSE,,,,,,,,,,,,,,,,,,09,10,11,12,13,14,15,16,,,,,,,,,,,9/27/2017,,Moderate,W,432226,47,093,e,PM-2.5.2006.Knoxville,2/28/2026
TENNESSEE,TN,Loudon County,8-Hour Ozone (1997),Revoked,"Knoxville, TN",FALSE,,,,,,,,,,,,,04,05,06,07,08,09,10,,,,,,,,,,,,,,,,,3/8/2011,,Former Subpart 1,W,48556,47,105,g,Ozone_8-hr.1997.Knoxville,2/28/2026
TENNESSEE,TN,Loudon County,PM-2.5 (1997),,"Knoxville, TN",FALSE,,,,,,,,,,,,,,05,06,07,08,09,10,11,12,13,14,15,16,,,,,,,,,,,8/29/2017,,Moderate,W,48556,47,105,e,PM-2.5.1997.Knoxville,2/28/2026
TENNESSEE,TN,Loudon County,PM-2.5 (2006),,"Knoxville-Sevierville-La Follette, TN",FALSE,,,,,,,,,,,,,,,,,,09,10,11,12,13,14,15,16,,,,,,,,,,,9/27/2017,,Moderate,W,48556,47,105,e,PM-2.5.2006.Knoxville,2/28/2026
TENNESSEE,TN,Montgomery County,8-Hour Ozone (1997),Revoked,"Clarksville-Hopkinsville, TN-KY",FALSE,,,,,,,,,,,,,04,,,,,,,,,,,,,,,,,,,,,,,11/21/2005,,Former Subpart 1,W,172331,47,125,g,Ozone_8-hr.1997.Clarksville,2/28/2026
TENNESSEE,TN,Polk County,Sulfur Dioxide (1971),,"Polk County, TN",FALSE,92,93,94,95,96,97,,,,,,,,,,,,,,,,,,,,,,,,,,,,,,1/26/1998,,"Primary, Secondary",W,16825,47,139,B,SO2.1978.Polk_Co,2/28/2026
TENNESSEE,TN,Roane County,PM-2.5 (1997),,"Knoxville, TN",FALSE,,,,,,,,,,,,,,05,06,07,08,09,10,11,12,13,14,15,16,,,,,,,,,,,8/29/2017,,Moderate,P,2602,47,145,e,PM-2.5.1997.Knoxville,2/28/2026
TENNESSEE,TN,Roane County,PM-2.5 (2006),,"Knoxville-Sevierville-La Follette, TN",FALSE,,,,,,,,,,,,,,,,,,09,10,11,12,13,14,15,16,,,,,,,,,,,9/27/2017,,Moderate,P,2602,47,145,e,PM-2.5.2006.Knoxville,2/28/2026
TENNESSEE,TN,Rutherford County,1-Hour Ozone (1979),Revoked,"Nashville, TN",FALSE,92,93,94,95,,,,,,,,,,,,,,,,,,,,,,,,,,,,,,,,10/30/1996,,Moderate,W,262604,47,149,E,Ozone_1-hr.1990.Nashville,2/28/2026
TENNESSEE,TN,Sevier County,8-Hour Ozone (1997),Revoked,"Knoxville, TN",FALSE,,,,,,,,,,,,,04,05,06,07,08,09,10,,,,,,,,,,,,,,,,,3/8/2011,,Former Subpart 1,W,89889,47,155,g,Ozone_8-hr.1997.Knoxville,2/28/2026
TENNESSEE,TN,Shelby County,1-Hour Ozone (1979),Revoked,"Memphis, TN",FALSE,92,93,94,,,,,,,,,,,,,,,,,,,,,,,,,,,,,,,,,2/16/1995,,Marginal,W,927644,47,157,G,Ozone_1-hr.1990.Memphis,2/28/2026
TENNESSEE,TN,Shelby County,8-Hour Ozone (1997),Revoked,"Memphis, TN-AR",FALSE,,,,,,,,,,,,,04,05,06,07,08,09,,,,,,,,,,,,,,,,,,2/3/2010,,Moderate,W,927644,47,157,e,Ozone_8-hr.1997.Memphis,2/28/2026
TENNESSEE,TN,Shelby County,8-Hour Ozone (2008),,"Memphis, TN-MS-AR",FALSE,,,,,,,,,,,,,,,,,,,,,12,13,14,15,,,,,,,,,,,,7/25/2016,,Marginal,W,927644,47,157,f,Ozone_8-hr.2008.Memphis,2/28/2026
TENNESSEE,TN,Shelby County,Carbon Monoxide (1971),,"Memphis, TN",FALSE,92,93,,,,,,,,,,,,,,,,,,,,,,,,,,,,,,,,,,9/26/1994,,Moderate <= 12.7ppm,W,927644,47,157,C,CO.1990.Memphis,2/28/2026
TENNESSEE,TN,Shelby County,Lead (1978),,"Shelby County, TN",FALSE,92,93,94,95,96,97,98,99,00,,,,,,,,,,,,,,,,,,,,,,,,,,,7/2/2001,,,P,2226,47,157,A,Lead.1992.Memphis,2/28/2026
TENNESSEE,TN,Sullivan County,Lead (2008),,"Bristol, TN",FALSE,,,,,,,,,,,,,,,,,,,10,11,12,13,14,15,,,,,,,,,,,,8/8/2016,,,P,1611,47,163,A,Lead.2008.Bristol,2/28/2026
TENNESSEE,TN,Sullivan County,Sulfur Dioxide (2010),,"Sullivan County, TN",FALSE,,,,,,,,,,,,,,,,,,,,,,13,14,15,16,17,18,19,20,21,22,23,24,25,26,  -   -,Yes,,P,15289,47,163,A,SO2.2010.Kingsport,2/28/2026
TENNESSEE,TN,Sumner County,1-Hour Ozone (1979),Revoked,"Nashville, TN",FALSE,92,93,94,95,,,,,,,,,,,,,,,,,,,,,,,,,,,,,,,,10/30/1996,,Moderate,W,160645,47,165,E,Ozone_1-hr.1990.Nashville,2/28/2026
TENNESSEE,TN,Williamson County,1-Hour Ozone (1979),Revoked,"Nashville, TN",FALSE,92,93,94,95,,,,,,,,,,,,,,,,,,,,,,,,,,,,,,,,10/30/1996,,Moderate,W,183182,47,187,E,Ozone_1-hr.1990.Nashville,2/28/2026
TENNESSEE,TN,Williamson County,Lead (1978),,"Williamson County, TN",FALSE,92,93,94,95,96,97,98,,,,,,,,,,,,,,,,,,,,,,,,,,,,,9/10/1999,,,P,183182,47,187,A,Lead.1992.Nashville,2/28/2026
TENNESSEE,TN,Wilson County,1-Hour Ozone (1979),Revoked,"Nashville, TN",FALSE,92,93,94,95,,,,,,,,,,,,,,,,,,,,,,,,,,,,,,,,10/30/1996,,Moderate,W,113993,47,189,E,Ozone_1-hr.1990.Nashville,2/28/2026
TEXAS,TX,Anderson County,Sulfur Dioxide (2010),,"Freestone and Anderson Counties, TX",FALSE,,,,,,,,,,,,,,,,,,,,,,,,,,17,18,19,20,21,22,23,24,25,26,  -   -,Yes,,P,7,48,001,A,SO2.2010.Freestone_Anderson_Cos,2/28/2026
TEXAS,TX,Bexar County,8-Hour Ozone (2015),,"San Antonio, TX",FALSE,,,,,,,,,,,,,,,,,,,,,,,,,,,18,19,20,21,22,23,24,25,26,  -   -,Yes,Serious,W,1714773,48,029,d,Ozone_8-hr.2015.San_Antonio,2/28/2026
TEXAS,TX,Brazoria County,1-Hour Ozone (1979),Revoked,"Houston-Galveston-Brazoria, TX",FALSE,92,93,94,95,96,97,98,99,00,01,02,03,04,,,,,,,,,,,,,,,,,,,,,,,  -   -,Yes,Severe-17,W,313166,48,039,B,Ozone_1-hr.1990.Houston,2/28/2026
TEXAS,TX,Brazoria County,8-Hour Ozone (1997),Revoked,"Houston-Galveston-Brazoria, TX",FALSE,,,,,,,,,,,,,04,05,06,07,08,09,10,11,12,13,14,,,,,,,,,,,,,  -   -,Yes,Severe 15,W,313166,48,039,c,Ozone_8-hr.1997.Houston,2/28/2026
TEXAS,TX,Brazoria County,8-Hour Ozone (2008),,"Houston-Galveston-Brazoria, TX",FALSE,,,,,,,,,,,,,,,,,,,,,12,13,14,15,16,17,18,19,20,21,22,23,24,25,26,  -   -,Yes,Severe 15,W,313166,48,039,c,Ozone_8-hr.2008.Houston,2/28/2026
TEXAS,TX,Brazoria County,8-Hour Ozone (2015),,"Houston-Galveston-Brazoria, TX",FALSE,,,,,,,,,,,,,,,,,,,,,,,,,,,18,19,20,21,22,23,24,25,26,  -   -,Yes,Serious,W,313166,48,039,d,Ozone_8-hr.2015.Houston,2/28/2026
TEXAS,TX,Chambers County,1-Hour Ozone (1979),Revoked,"Houston-Galveston-Brazoria, TX",FALSE,92,93,94,95,96,97,98,99,00,01,02,03,04,,,,,,,,,,,,,,,,,,,,,,,  -   -,Yes,Severe-17,W,35096,48,071,B,Ozone_1-hr.1990.Houston,2/28/2026
TEXAS,TX,Chambers County,8-Hour Ozone (1997),Revoked,"Houston-Galveston-Brazoria, TX",FALSE,,,,,,,,,,,,,04,05,06,07,08,09,10,11,12,13,14,,,,,,,,,,,,,  -   -,Yes,Severe 15,W,35096,48,071,c,Ozone_8-hr.1997.Houston,2/28/2026
TEXAS,TX,Chambers County,8-Hour Ozone (2008),,"Houston-Galveston-Brazoria, TX",FALSE,,,,,,,,,,,,,,,,,,,,,12,13,14,15,16,17,18,19,20,21,22,23,24,25,26,  -   -,Yes,Severe 15,W,35096,48,071,c,Ozone_8-hr.2008.Houston,2/28/2026
TEXAS,TX,Chambers County,8-Hour Ozone (2015),,"Houston-Galveston-Brazoria, TX",FALSE,,,,,,,,,,,,,,,,,,,,,,,,,,,18,19,20,21,22,23,24,25,26,  -   -,Yes,Serious,W,35096,48,071,d,Ozone_8-hr.2015.Houston,2/28/2026
TEXAS,TX,Collin County,1-Hour Ozone (1979),Revoked,"Dallas-Fort Worth, TX",FALSE,92,93,94,95,96,97,98,99,00,01,02,03,04,,,,,,,,,,,,,,,,,,,,,,,  -   -,Yes,Serious,W,782341,48,085,D,Ozone_1-hr.1990.Dallas,2/28/2026
TEXAS,TX,Collin County,8-Hour Ozone (1997),Revoked,"Dallas-Fort Worth, TX",FALSE,,,,,,,,,,,,,04,05,06,07,08,09,10,11,12,13,14,,,,,,,,,,,,,  -   -,Yes,Serious,W,782341,48,085,d,Ozone_8-hr.1997.Dallas,2/28/2026
TEXAS,TX,Collin County,8-Hour Ozone (2008),,"Dallas-Fort Worth, TX",FALSE,,,,,,,,,,,,,,,,,,,,,12,13,14,15,16,17,18,19,20,21,22,23,24,25,26,  -   -,Yes,Severe 15,W,782341,48,085,c,Ozone_8-hr.2008.Dallas,2/28/2026
TEXAS,TX,Collin County,8-Hour Ozone (2015),,"Dallas-Fort Worth, TX",FALSE,,,,,,,,,,,,,,,,,,,,,,,,,,,18,19,20,21,22,23,24,25,26,  -   -,Yes,Serious,W,782341,48,085,d,Ozone_8-hr.2015.Dallas,2/28/2026
TEXAS,TX,Collin County,Lead (1978),,"Collin County, TX",FALSE,92,93,94,95,96,97,98,,,,,,,,,,,,,,,,,,,,,,,,,,,,,12/13/1999,,,P,782353,48,085,A,Lead.1992.Collin_Co,2/28/2026
TEXAS,TX,Collin County,Lead (2008),,"Frisco, TX",FALSE,,,,,,,,,,,,,,,,,,,10,11,12,13,14,15,16,,,,,,,,,,,9/27/2017,,,P,3670,48,085,A,Lead.2008.Collin_Co,2/28/2026
TEXAS,TX,Dallas County,1-Hour Ozone (1979),Revoked,"Dallas-Fort Worth, TX",FALSE,92,93,94,95,96,97,98,99,00,01,02,03,04,,,,,,,,,,,,,,,,,,,,,,,  -   -,Yes,Serious,W,2368139,48,113,D,Ozone_1-hr.1990.Dallas,2/28/2026
TEXAS,TX,Dallas County,8-Hour Ozone (1997),Revoked,"Dallas-Fort Worth, TX",FALSE,,,,,,,,,,,,,04,05,06,07,08,09,10,11,12,13,14,,,,,,,,,,,,,  -   -,Yes,Serious,W,2368139,48,113,d,Ozone_8-hr.1997.Dallas,2/28/2026
TEXAS,TX,Dallas County,8-Hour Ozone (2008),,"Dallas-Fort Worth, TX",FALSE,,,,,,,,,,,,,,,,,,,,,12,13,14,15,16,17,18,19,20,21,22,23,24,25,26,  -   -,Yes,Severe 15,W,2368139,48,113,c,Ozone_8-hr.2008.Dallas,2/28/2026
TEXAS,TX,Dallas County,8-Hour Ozone (2015),,"Dallas-Fort Worth, TX",FALSE,,,,,,,,,,,,,,,,,,,,,,,,,,,18,19,20,21,22,23,24,25,26,  -   -,Yes,Serious,W,2368139,48,113,d,Ozone_8-hr.2015.Dallas,2/28/2026
TEXAS,TX,Denton County,1-Hour Ozone (1979),Revoked,"Dallas-Fort Worth, TX",FALSE,92,93,94,95,96,97,98,99,00,01,02,03,04,,,,,,,,,,,,,,,,,,,,,,,  -   -,Yes,Serious,W,662614,48,121,D,Ozone_1-hr.1990.Dallas,2/28/2026
TEXAS,TX,Denton County,8-Hour Ozone (1997),Revoked,"Dallas-Fort Worth, TX",FALSE,,,,,,,,,,,,,04,05,06,07,08,09,10,11,12,13,14,,,,,,,,,,,,,  -   -,Yes,Serious,W,662614,48,121,d,Ozone_8-hr.1997.Dallas,2/28/2026
TEXAS,TX,Denton County,8-Hour Ozone (2008),,"Dallas-Fort Worth, TX",FALSE,,,,,,,,,,,,,,,,,,,,,12,13,14,15,16,17,18,19,20,21,22,23,24,25,26,  -   -,Yes,Severe 15,W,662614,48,121,c,Ozone_8-hr.2008.Dallas,2/28/2026
TEXAS,TX,Denton County,8-Hour Ozone (2015),,"Dallas-Fort Worth, TX",FALSE,,,,,,,,,,,,,,,,,,,,,,,,,,,18,19,20,21,22,23,24,25,26,  -   -,Yes,Serious,W,662614,48,121,d,Ozone_8-hr.2015.Dallas,2/28/2026
TEXAS,TX,El Paso County,1-Hour Ozone (1979),Revoked,"El Paso, TX",FALSE,92,93,94,95,96,97,98,99,00,01,02,03,04,,,,,,,,,,,,,,,,,,,,,,,  -   -,Yes,Serious,W,800647,48,141,D,Ozone_1-hr.1990.El_Paso,2/28/2026
TEXAS,TX,El Paso County,8-Hour Ozone (2015),,"El Paso-Las Cruces, TX-NM",FALSE,,,,,,,,,,,,,,,,,,,,,,,,,,,18,19,20,21,22,23,24,25,26,  -   -,Yes,Marginal,W,800647,48,141,f,Ozone_8-hr.2015.El_Paso,2/28/2026
TEXAS,TX,El Paso County,Carbon Monoxide (1971),,"El Paso, TX",FALSE,92,93,94,95,96,97,98,99,00,01,02,03,04,05,06,07,,,,,,,,,,,,,,,,,,,,10/3/2008,,Moderate <= 12.7ppm,P,73100,48,141,C,CO.1990.El_Paso,2/28/2026
TEXAS,TX,El Paso County,PM-10 (1987),,"El Paso County, TX",FALSE,92,93,94,95,96,97,98,99,00,01,02,03,04,05,06,07,08,09,10,11,12,13,14,15,16,17,18,19,20,21,22,23,24,25,26,  -   -,Yes,Moderate,P,649121,48,141,B,PM-10.1990.El_Paso,2/28/2026
TEXAS,TX,Ellis County,8-Hour Ozone (1997),Revoked,"Dallas-Fort Worth, TX",FALSE,,,,,,,,,,,,,04,05,06,07,08,09,10,11,12,13,14,,,,,,,,,,,,,  -   -,Yes,Serious,W,149610,48,139,d,Ozone_8-hr.1997.Dallas,2/28/2026
TEXAS,TX,Ellis County,8-Hour Ozone (2008),,"Dallas-Fort Worth, TX",FALSE,,,,,,,,,,,,,,,,,,,,,12,13,14,15,16,17,18,19,20,21,22,23,24,25,26,  -   -,Yes,Severe 15,W,149610,48,139,c,Ozone_8-hr.2008.Dallas,2/28/2026
TEXAS,TX,Ellis County,8-Hour Ozone (2015),,"Dallas-Fort Worth, TX",FALSE,,,,,,,,,,,,,,,,,,,,,,,,,,,18,19,20,21,22,23,24,25,26,  -   -,Yes,Serious,W,149610,48,139,d,Ozone_8-hr.2015.Dallas,2/28/2026
TEXAS,TX,Fort Bend County,1-Hour Ozone (1979),Revoked,"Houston-Galveston-Brazoria, TX",FALSE,92,93,94,95,96,97,98,99,00,01,02,03,04,,,,,,,,,,,,,,,,,,,,,,,  -   -,Yes,Severe-17,W,585375,48,157,B,Ozone_1-hr.1990.Houston,2/28/2026
TEXAS,TX,Fort Bend County,8-Hour Ozone (1997),Revoked,"Houston-Galveston-Brazoria, TX",FALSE,,,,,,,,,,,,,04,05,06,07,08,09,10,11,12,13,14,,,,,,,,,,,,,  -   -,Yes,Severe 15,W,585375,48,157,c,Ozone_8-hr.1997.Houston,2/28/2026
TEXAS,TX,Fort Bend County,8-Hour Ozone (2008),,"Houston-Galveston-Brazoria, TX",FALSE,,,,,,,,,,,,,,,,,,,,,12,13,14,15,16,17,18,19,20,21,22,23,24,25,26,  -   -,Yes,Severe 15,W,585375,48,157,c,Ozone_8-hr.2008.Houston,2/28/2026
TEXAS,TX,Fort Bend County,8-Hour Ozone (2015),,"Houston-Galveston-Brazoria, TX",FALSE,,,,,,,,,,,,,,,,,,,,,,,,,,,18,19,20,21,22,23,24,25,26,  -   -,Yes,Serious,W,585375,48,157,d,Ozone_8-hr.2015.Houston,2/28/2026
TEXAS,TX,Freestone County,Sulfur Dioxide (2010),,"Freestone and Anderson Counties, TX",FALSE,,,,,,,,,,,,,,,,,,,,,,,,,,17,18,19,20,21,22,23,24,25,26,  -   -,Yes,,P,4087,48,161,A,SO2.2010.Freestone_Anderson_Cos,2/28/2026
TEXAS,TX,Galveston County,1-Hour Ozone (1979),Revoked,"Houston-Galveston-Brazoria, TX",FALSE,92,93,94,95,96,97,98,99,00,01,02,03,04,,,,,,,,,,,,,,,,,,,,,,,  -   -,Yes,Severe-17,W,291309,48,167,B,Ozone_1-hr.1990.Houston,2/28/2026
TEXAS,TX,Galveston County,8-Hour Ozone (1997),Revoked,"Houston-Galveston-Brazoria, TX",FALSE,,,,,,,,,,,,,04,05,06,07,08,09,10,11,12,13,14,,,,,,,,,,,,,  -   -,Yes,Severe 15,W,291309,48,167,c,Ozone_8-hr.1997.Houston,2/28/2026
TEXAS,TX,Galveston County,8-Hour Ozone (2008),,"Houston-Galveston-Brazoria, TX",FALSE,,,,,,,,,,,,,,,,,,,,,12,13,14,15,16,17,18,19,20,21,22,23,24,25,26,  -   -,Yes,Severe 15,W,291309,48,167,c,Ozone_8-hr.2008.Houston,2/28/2026
TEXAS,TX,Galveston County,8-Hour Ozone (2015),,"Houston-Galveston-Brazoria, TX",FALSE,,,,,,,,,,,,,,,,,,,,,,,,,,,18,19,20,21,22,23,24,25,26,  -   -,Yes,Serious,W,291309,48,167,d,Ozone_8-hr.2015.Houston,2/28/2026
TEXAS,TX,Hardin County,1-Hour Ozone (1979),Revoked,"Beaumont-Port Arthur, TX",FALSE,92,93,94,95,96,97,98,99,00,01,02,03,04,,,,,,,,,,,,,,,,,,,,,,,  -   -,Yes,Serious,W,54635,48,199,D,Ozone_1-hr.1990.Beaumont,2/28/2026
TEXAS,TX,Hardin County,8-Hour Ozone (1997),Revoked,"Beaumont-Port Arthur, TX",FALSE,,,,,,,,,,,,,04,05,06,07,08,09,,,,,,,,,,,,,,,,,,11/19/2010,,Moderate,W,54635,48,199,e,Ozone_8-hr.1997.Beaumont,2/28/2026
TEXAS,TX,Harris County,1-Hour Ozone (1979),Revoked,"Houston-Galveston-Brazoria, TX",FALSE,92,93,94,95,96,97,98,99,00,01,02,03,04,,,,,,,,,,,,,,,,,,,,,,,  -   -,Yes,Severe-17,W,4092459,48,201,B,Ozone_1-hr.1990.Houston,2/28/2026
TEXAS,TX,Harris County,8-Hour Ozone (1997),Revoked,"Houston-Galveston-Brazoria, TX",FALSE,,,,,,,,,,,,,04,05,06,07,08,09,10,11,12,13,14,,,,,,,,,,,,,  -   -,Yes,Severe 15,W,4092459,48,201,c,Ozone_8-hr.1997.Houston,2/28/2026
TEXAS,TX,Harris County,8-Hour Ozone (2008),,"Houston-Galveston-Brazoria, TX",FALSE,,,,,,,,,,,,,,,,,,,,,12,13,14,15,16,17,18,19,20,21,22,23,24,25,26,  -   -,Yes,Severe 15,W,4092459,48,201,c,Ozone_8-hr.2008.Houston,2/28/2026
TEXAS,TX,Harris County,8-Hour Ozone (2015),,"Houston-Galveston-Brazoria, TX",FALSE,,,,,,,,,,,,,,,,,,,,,,,,,,,18,19,20,21,22,23,24,25,26,  -   -,Yes,Serious,W,4092459,48,201,d,Ozone_8-hr.2015.Houston,2/28/2026
TEXAS,TX,Howard County,Sulfur Dioxide (2010),,"Howard County, TX",FALSE,,,,,,,,,,,,,,,,,,,,,,,,,,,,,,21,22,23,24,25,26,  -   -,Yes,,P,281,48,227,A,SO2.2010.Howard_Co,2/28/2026
TEXAS,TX,Hutchinson County,Sulfur Dioxide (2010),,"Hutchinson County, TX",FALSE,,,,,,,,,,,,,,,,,,,,,,,,,,,,,,21,22,23,24,25,26,  -   -,Yes,,P,14593,48,233,A,SO2.2010.Hutchinson_Co,2/28/2026
TEXAS,TX,Jefferson County,1-Hour Ozone (1979),Revoked,"Beaumont-Port Arthur, TX",FALSE,92,93,94,95,96,97,98,99,00,01,02,03,04,,,,,,,,,,,,,,,,,,,,,,,  -   -,Yes,Serious,W,252273,48,245,D,Ozone_1-hr.1990.Beaumont,2/28/2026
TEXAS,TX,Jefferson County,8-Hour Ozone (1997),Revoked,"Beaumont-Port Arthur, TX",FALSE,,,,,,,,,,,,,04,05,06,07,08,09,,,,,,,,,,,,,,,,,,11/19/2010,,Moderate,W,252273,48,245,e,Ozone_8-hr.1997.Beaumont,2/28/2026
TEXAS,TX,Johnson County,8-Hour Ozone (1997),Revoked,"Dallas-Fort Worth, TX",FALSE,,,,,,,,,,,,,04,05,06,07,08,09,10,11,12,13,14,,,,,,,,,,,,,  -   -,Yes,Serious,W,150934,48,251,d,Ozone_8-hr.1997.Dallas,2/28/2026
TEXAS,TX,Johnson County,8-Hour Ozone (2008),,"Dallas-Fort Worth, TX",FALSE,,,,,,,,,,,,,,,,,,,,,12,13,14,15,16,17,18,19,20,21,22,23,24,25,26,  -   -,Yes,Severe 15,W,150934,48,251,c,Ozone_8-hr.2008.Dallas,2/28/2026
TEXAS,TX,Johnson County,8-Hour Ozone (2015),,"Dallas-Fort Worth, TX",FALSE,,,,,,,,,,,,,,,,,,,,,,,,,,,18,19,20,21,22,23,24,25,26,  -   -,Yes,Serious,W,150934,48,251,d,Ozone_8-hr.2015.Dallas,2/28/2026
TEXAS,TX,Kaufman County,8-Hour Ozone (1997),Revoked,"Dallas-Fort Worth, TX",FALSE,,,,,,,,,,,,,04,05,06,07,08,09,10,11,12,13,14,,,,,,,,,,,,,  -   -,Yes,Serious,W,103350,48,257,d,Ozone_8-hr.1997.Dallas,2/28/2026
TEXAS,TX,Kaufman County,8-Hour Ozone (2008),,"Dallas-Fort Worth, TX",FALSE,,,,,,,,,,,,,,,,,,,,,12,13,14,15,16,17,18,19,20,21,22,23,24,25,26,  -   -,Yes,Severe 15,W,103350,48,257,c,Ozone_8-hr.2008.Dallas,2/28/2026
TEXAS,TX,Kaufman County,8-Hour Ozone (2015),,"Dallas-Fort Worth, TX",FALSE,,,,,,,,,,,,,,,,,,,,,,,,,,,18,19,20,21,22,23,24,25,26,  -   -,Yes,Serious,W,103350,48,257,d,Ozone_8-hr.2015.Dallas,2/28/2026
TEXAS,TX,Liberty County,1-Hour Ozone (1979),Revoked,"Houston-Galveston-Brazoria, TX",FALSE,92,93,94,95,96,97,98,99,00,01,02,03,04,,,,,,,,,,,,,,,,,,,,,,,  -   -,Yes,Severe-17,W,75643,48,291,B,Ozone_1-hr.1990.Houston,2/28/2026
TEXAS,TX,Liberty County,8-Hour Ozone (1997),Revoked,"Houston-Galveston-Brazoria, TX",FALSE,,,,,,,,,,,,,04,05,06,07,08,09,10,11,12,13,14,,,,,,,,,,,,,  -   -,Yes,Severe 15,W,75643,48,291,c,Ozone_8-hr.1997.Houston,2/28/2026
TEXAS,TX,Liberty County,8-Hour Ozone (2008),,"Houston-Galveston-Brazoria, TX",FALSE,,,,,,,,,,,,,,,,,,,,,12,13,14,15,16,17,18,19,20,21,22,23,24,25,26,  -   -,Yes,Severe 15,W,75643,48,291,c,Ozone_8-hr.2008.Houston,2/28/2026
TEXAS,TX,Montgomery County,1-Hour Ozone (1979),Revoked,"Houston-Galveston-Brazoria, TX",FALSE,92,93,94,95,96,97,98,99,00,01,02,03,04,,,,,,,,,,,,,,,,,,,,,,,  -   -,Yes,Severe-17,W,455746,48,339,B,Ozone_1-hr.1990.Houston,2/28/2026
TEXAS,TX,Montgomery County,8-Hour Ozone (1997),Revoked,"Houston-Galveston-Brazoria, TX",FALSE,,,,,,,,,,,,,04,05,06,07,08,09,10,11,12,13,14,,,,,,,,,,,,,  -   -,Yes,Severe 15,W,455746,48,339,c,Ozone_8-hr.1997.Houston,2/28/2026
TEXAS,TX,Montgomery County,8-Hour Ozone (2008),,"Houston-Galveston-Brazoria, TX",FALSE,,,,,,,,,,,,,,,,,,,,,12,13,14,15,16,17,18,19,20,21,22,23,24,25,26,  -   -,Yes,Severe 15,W,455746,48,339,c,Ozone_8-hr.2008.Houston,2/28/2026
TEXAS,TX,Montgomery County,8-Hour Ozone (2015),,"Houston-Galveston-Brazoria, TX",FALSE,,,,,,,,,,,,,,,,,,,,,,,,,,,18,19,20,21,22,23,24,25,26,  -   -,Yes,Serious,W,455746,48,339,d,Ozone_8-hr.2015.Houston,2/28/2026
TEXAS,TX,Navarro County,Sulfur Dioxide (2010),,"Navarro County, TX",FALSE,,,,,,,,,,,,,,,,,,,,,,,,,,,,,,21,22,23,24,25,26,  -   -,Yes,,P,1593,48,349,A,SO2.2010.Navarro_Co,2/28/2026
TEXAS,TX,Orange County,1-Hour Ozone (1979),Revoked,"Beaumont-Port Arthur, TX",FALSE,92,93,94,95,96,97,98,99,00,01,02,03,04,,,,,,,,,,,,,,,,,,,,,,,  -   -,Yes,Serious,W,81837,48,361,D,Ozone_1-hr.1990.Beaumont,2/28/2026
TEXAS,TX,Orange County,8-Hour Ozone (1997),Revoked,"Beaumont-Port Arthur, TX",FALSE,,,,,,,,,,,,,04,05,06,07,08,09,,,,,,,,,,,,,,,,,,11/19/2010,,Moderate,W,81837,48,361,e,Ozone_8-hr.1997.Beaumont,2/28/2026
TEXAS,TX,Panola County,Sulfur Dioxide (2010),,"Rusk and Panola Counties, TX",FALSE,,,,,,,,,,,,,,,,,,,,,,,,,,17,18,19,20,21,22,23,24,25,26,  -   -,Yes,,P,24,48,365,A,SO2.2010.Rusk_Panola_Cos,2/28/2026
TEXAS,TX,Parker County,8-Hour Ozone (1997),Revoked,"Dallas-Fort Worth, TX",FALSE,,,,,,,,,,,,,04,05,06,07,08,09,10,11,12,13,14,,,,,,,,,,,,,  -   -,Yes,Serious,W,116927,48,367,d,Ozone_8-hr.1997.Dallas,2/28/2026
TEXAS,TX,Parker County,8-Hour Ozone (2008),,"Dallas-Fort Worth, TX",FALSE,,,,,,,,,,,,,,,,,,,,,12,13,14,15,16,17,18,19,20,21,22,23,24,25,26,  -   -,Yes,Severe 15,W,116927,48,367,c,Ozone_8-hr.2008.Dallas,2/28/2026
TEXAS,TX,Parker County,8-Hour Ozone (2015),,"Dallas-Fort Worth, TX",FALSE,,,,,,,,,,,,,,,,,,,,,,,,,,,18,19,20,21,22,23,24,25,26,  -   -,Yes,Serious,W,116927,48,367,d,Ozone_8-hr.2015.Dallas,2/28/2026
TEXAS,TX,Rockwall County,8-Hour Ozone (1997),Revoked,"Dallas-Fort Worth, TX",FALSE,,,,,,,,,,,,,04,05,06,07,08,09,10,11,12,13,14,,,,,,,,,,,,,  -   -,Yes,Serious,W,78337,48,397,d,Ozone_8-hr.1997.Dallas,2/28/2026
TEXAS,TX,Rockwall County,8-Hour Ozone (2008),,"Dallas-Fort Worth, TX",FALSE,,,,,,,,,,,,,,,,,,,,,12,13,14,15,16,17,18,19,20,21,22,23,24,25,26,  -   -,Yes,Severe 15,W,78337,48,397,c,Ozone_8-hr.2008.Dallas,2/28/2026
TEXAS,TX,Rusk County,Sulfur Dioxide (2010),,"Rusk and Panola Counties, TX",FALSE,,,,,,,,,,,,,,,,,,,,,,,,,,17,18,19,20,21,22,23,24,25,26,  -   -,Yes,,P,1656,48,401,A,SO2.2010.Rusk_Panola_Cos,2/28/2026
TEXAS,TX,Tarrant County,1-Hour Ozone (1979),Revoked,"Dallas-Fort Worth, TX",FALSE,92,93,94,95,96,97,98,99,00,01,02,03,04,,,,,,,,,,,,,,,,,,,,,,,  -   -,Yes,Serious,W,1809034,48,439,D,Ozone_1-hr.1990.Dallas,2/28/2026
TEXAS,TX,Tarrant County,8-Hour Ozone (1997),Revoked,"Dallas-Fort Worth, TX",FALSE,,,,,,,,,,,,,04,05,06,07,08,09,10,11,12,13,14,,,,,,,,,,,,,  -   -,Yes,Serious,W,1809034,48,439,d,Ozone_8-hr.1997.Dallas,2/28/2026
TEXAS,TX,Tarrant County,8-Hour Ozone (2008),,"Dallas-Fort Worth, TX",FALSE,,,,,,,,,,,,,,,,,,,,,12,13,14,15,16,17,18,19,20,21,22,23,24,25,26,  -   -,Yes,Severe 15,W,1809034,48,439,c,Ozone_8-hr.2008.Dallas,2/28/2026
TEXAS,TX,Tarrant County,8-Hour Ozone (2015),,"Dallas-Fort Worth, TX",FALSE,,,,,,,,,,,,,,,,,,,,,,,,,,,18,19,20,21,22,23,24,25,26,  -   -,Yes,Serious,W,1809034,48,439,d,Ozone_8-hr.2015.Dallas,2/28/2026
TEXAS,TX,Titus County,Sulfur Dioxide (2010),,"Titus County, TX",FALSE,,,,,,,,,,,,,,,,,,,,,,,,,,17,18,19,20,21,22,23,24,25,26,  -   -,Yes,,P,211,48,449,A,SO2.2010.Titus_Co,2/28/2026
TEXAS,TX,Victoria County,1-Hour Ozone (1979),Revoked,"Victoria, TX",FALSE,92,93,94,,,,,,,,,,,,,,,,,,,,,,,,,,,,,,,,,5/8/1995,,Incomplete Data,W,86793,48,469,K,Ozone_1-hr.1990.Victoria,2/28/2026
TEXAS,TX,Waller County,1-Hour Ozone (1979),Revoked,"Houston-Galveston-Brazoria, TX",FALSE,92,93,94,95,96,97,98,99,00,01,02,03,04,,,,,,,,,,,,,,,,,,,,,,,  -   -,Yes,Severe-17,W,43205,48,473,B,Ozone_1-hr.1990.Houston,2/28/2026
TEXAS,TX,Waller County,8-Hour Ozone (1997),Revoked,"Houston-Galveston-Brazoria, TX",FALSE,,,,,,,,,,,,,04,05,06,07,08,09,10,11,12,13,14,,,,,,,,,,,,,  -   -,Yes,Severe 15,W,43205,48,473,c,Ozone_8-hr.1997.Houston,2/28/2026
TEXAS,TX,Waller County,8-Hour Ozone (2008),,"Houston-Galveston-Brazoria, TX",FALSE,,,,,,,,,,,,,,,,,,,,,12,13,14,15,16,17,18,19,20,21,22,23,24,25,26,  -   -,Yes,Severe 15,W,43205,48,473,c,Ozone_8-hr.2008.Houston,2/28/2026
TEXAS,TX,Wise County,8-Hour Ozone (2008),,"Dallas-Fort Worth, TX",FALSE,,,,,,,,,,,,,,,,,,,,,12,13,14,15,16,17,18,19,20,21,22,23,24,25,26,  -   -,Yes,Severe 15,W,59127,48,497,c,Ozone_8-hr.2008.Dallas,2/28/2026
TEXAS,TX,Wise County,8-Hour Ozone (2015),,"Dallas-Fort Worth, TX",FALSE,,,,,,,,,,,,,,,,,,,,,,,,,,,18,19,20,21,22,23,24,25,26,  -   -,Yes,Serious,W,59127,48,497,d,Ozone_8-hr.2015.Dallas,2/28/2026
UTAH,UT,Box Elder County,PM-2.5 (2006),,"Salt Lake City, UT",FALSE,,,,,,,,,,,,,,,,,,09,10,11,12,13,14,15,16,17,18,19,20,21,22,23,24,,,12/19/2025,,Serious,P,49057,49,003,d,PM-2.5.2006.Salt_Lake,2/28/2026
UTAH,UT,Cache County,PM-2.5 (2006),,"Logan, UT-ID",FALSE,,,,,,,,,,,,,,,,,,09,10,11,12,13,14,15,16,17,18,19,20,,,,,,,6/18/2021,,Moderate,P,112675,49,005,e,PM-2.5.2006.Logan,2/28/2026
UTAH,UT,Davis County,1-Hour Ozone (1979),Revoked,"Salt Lake City, UT",FALSE,92,93,94,95,96,,,,,,,,,,,,,,,,,,,,,,,,,,,,,,,8/18/1997,,Moderate,W,306479,49,011,E,Ozone_1-hr.1990.Salt_Lake,2/28/2026
UTAH,UT,Davis County,8-Hour Ozone (2015),,"Northern Wasatch Front, UT",FALSE,,,,,,,,,,,,,,,,,,,,,,,,,,,18,19,20,21,22,23,24,25,26,  -   -,Yes,Serious,W,306479,49,011,d,Ozone_8-hr.2015.Salt_Lake,2/28/2026
UTAH,UT,Davis County,PM-2.5 (2006),,"Salt Lake City, UT",FALSE,,,,,,,,,,,,,,,,,,09,10,11,12,13,14,15,16,17,18,19,20,21,22,23,24,,,12/19/2025,,Serious,W,306479,49,011,d,PM-2.5.2006.Salt_Lake,2/28/2026
UTAH,UT,Duchesne County,8-Hour Ozone (2015),,"Uinta Basin, UT",FALSE,,,,,,,,,,,,,,,,,,,,,,,,,,,18,19,20,21,22,23,24,25,26,  -   -,Yes,Moderate,P,15338,49,013,e,Ozone_8-hr.2015.Uinta_Basin,2/28/2026
UTAH,UT,Salt Lake County,1-Hour Ozone (1979),Revoked,"Salt Lake City, UT",FALSE,92,93,94,95,96,,,,,,,,,,,,,,,,,,,,,,,,,,,,,,,8/18/1997,,Moderate,W,1029655,49,035,E,Ozone_1-hr.1990.Salt_Lake,2/28/2026
UTAH,UT,Salt Lake County,8-Hour Ozone (2015),,"Northern Wasatch Front, UT",FALSE,,,,,,,,,,,,,,,,,,,,,,,,,,,18,19,20,21,22,23,24,25,26,  -   -,Yes,Serious,W,1029655,49,035,d,Ozone_8-hr.2015.Salt_Lake,2/28/2026
UTAH,UT,Salt Lake County,Carbon Monoxide (1971),,"Salt Lake City, UT",FALSE,92,93,94,95,96,97,98,,,,,,,,,,,,,,,,,,,,,,,,,,,,,3/22/1999,,Not Classified,P,186440,49,035,D,CO.1990.Salt_Lake,2/28/2026
UTAH,UT,Salt Lake County,PM-10 (1987),,"Salt Lake County, UT",FALSE,92,93,94,95,96,97,98,99,00,01,02,03,04,05,06,07,08,09,10,11,12,13,14,15,16,17,18,19,,,,,,,,3/27/2020,,Moderate,W,1029655,49,035,B,PM-10.1990.Salt_Lake,2/28/2026
UTAH,UT,Salt Lake County,PM-2.5 (2006),,"Salt Lake City, UT",FALSE,,,,,,,,,,,,,,,,,,09,10,11,12,13,14,15,16,17,18,19,20,21,22,23,24,,,12/19/2025,,Serious,W,1029655,49,035,d,PM-2.5.2006.Salt_Lake,2/28/2026
UTAH,UT,Salt Lake County,Sulfur Dioxide (1971),,"Salt Lake County, UT",FALSE,92,93,94,95,96,97,98,99,00,01,02,03,04,05,06,07,08,09,10,11,12,13,14,15,16,17,18,19,20,21,22,23,24,25,26,  -   -,Yes,"Primary, Secondary",W,1029655,49,035,B,SO2.1978.Salt_Lake,2/28/2026
UTAH,UT,Tooele County,8-Hour Ozone (2015),,"Northern Wasatch Front, UT",FALSE,,,,,,,,,,,,,,,,,,,,,,,,,,,18,19,20,21,22,23,24,25,26,  -   -,Yes,Serious,P,54857,49,045,d,Ozone_8-hr.2015.Salt_Lake,2/28/2026
UTAH,UT,Tooele County,PM-2.5 (2006),,"Salt Lake City, UT",FALSE,,,,,,,,,,,,,,,,,,09,10,11,12,13,14,15,16,17,18,19,20,21,22,23,24,,,12/19/2025,,Serious,P,54958,49,045,d,PM-2.5.2006.Salt_Lake,2/28/2026
UTAH,UT,Tooele County,Sulfur Dioxide (1971),,"Tooele County, UT",FALSE,92,93,94,95,96,97,98,99,00,01,02,03,04,05,06,07,08,09,10,11,12,13,14,15,16,17,18,19,20,21,22,23,24,25,26,  -   -,Yes,"Primary, Secondary",P,58218,49,045,B,SO2.1978.Tooele_Co,2/28/2026
UTAH,UT,Uintah County,8-Hour Ozone (2015),,"Uinta Basin, UT",FALSE,,,,,,,,,,,,,,,,,,,,,,,,,,,18,19,20,21,22,23,24,25,26,  -   -,Yes,Moderate,P,31979,49,047,e,Ozone_8-hr.2015.Uinta_Basin,2/28/2026
UTAH,UT,Utah County,8-Hour Ozone (2015),,"Southern Wasatch Front, UT",FALSE,,,,,,,,,,,,,,,,,,,,,,,,,,,18,19,20,21,22,23,24,25,26,  -   -,Yes,Marginal,P,515895,49,049,f,Ozone_8-hr.2015.Provo,2/28/2026
UTAH,UT,Utah County,Carbon Monoxide (1971),,"Provo, UT",FALSE,92,93,94,95,96,97,98,99,00,01,02,03,04,05,,,,,,,,,,,,,,,,,,,,,,1/3/2006,,Moderate > 12.7ppm,P,166596,49,049,B,CO.1990.Provo,2/28/2026
UTAH,UT,Utah County,PM-10 (1987),,"Utah County, UT",FALSE,92,93,94,95,96,97,98,99,00,01,02,03,04,05,06,07,08,09,10,11,12,13,14,15,16,17,18,19,,,,,,,,3/27/2020,,Moderate,W,516564,49,049,B,PM-10.1990.Utah_Co,2/28/2026
UTAH,UT,Utah County,PM-2.5 (2006),,"Provo, UT",FALSE,,,,,,,,,,,,,,,,,,09,10,11,12,13,14,15,16,17,18,19,20,21,22,23,24,,,12/19/2025,,Serious,P,517537,49,049,d,PM-2.5.2006.Provo,2/28/2026
UTAH,UT,Weber County,8-Hour Ozone (2015),,"Northern Wasatch Front, UT",FALSE,,,,,,,,,,,,,,,,,,,,,,,,,,,18,19,20,21,22,23,24,25,26,  -   -,Yes,Serious,P,224583,49,057,d,Ozone_8-hr.2015.Salt_Lake,2/28/2026
UTAH,UT,Weber County,Carbon Monoxide (1971),,"Ogden, UT",FALSE,92,93,94,95,96,97,98,99,00,,,,,,,,,,,,,,,,,,,,,,,,,,,5/8/2001,,Moderate <= 12.7ppm,P,82825,49,057,C,CO.1990.Ogden,2/28/2026
UTAH,UT,Weber County,PM-10 (1987),,"Ogden, UT",FALSE,,,,95,96,97,98,99,00,01,02,03,04,05,06,07,08,09,10,11,12,13,14,15,16,17,18,19,,,,,,,,3/27/2020,,Moderate,P,82825,49,057,B,PM-10.1990.Ogden,2/28/2026
UTAH,UT,Weber County,PM-2.5 (2006),,"Salt Lake City, UT",FALSE,,,,,,,,,,,,,,,,,,09,10,11,12,13,14,15,16,17,18,19,20,21,22,23,24,,,12/19/2025,,Serious,P,224988,49,057,d,PM-2.5.2006.Salt_Lake,2/28/2026
VIRGINIA,VA,Alexandria city,1-Hour Ozone (1979),Revoked,"Washington, DC-MD-VA",FALSE,92,93,94,95,96,97,98,99,00,01,02,03,04,,,,,,,,,,,,,,,,,,,,,,,  -   -,Yes,Severe-15,W,139966,51,510,C,Ozone_1-hr.1990.Washington,2/28/2026
VIRGINIA,VA,Alexandria city,8-Hour Ozone (1997),Revoked,"Washington, DC-MD-VA",FALSE,,,,,,,,,,,,,04,05,06,07,08,09,10,11,12,13,14,,,,,,,,,,,,,  -   -,Yes,Moderate,W,139966,51,510,e,Ozone_8-hr.1997.Washington,2/28/2026
VIRGINIA,VA,Alexandria city,8-Hour Ozone (2008),,"Washington, DC-MD-VA",FALSE,,,,,,,,,,,,,,,,,,,,,12,13,14,15,16,17,18,,,,,,,,,5/15/2019,,Marginal,W,139966,51,510,f,Ozone_8-hr.2008.Washington,2/28/2026
VIRGINIA,VA,Alexandria city,8-Hour Ozone (2015),,"Washington, DC-MD-VA",FALSE,,,,,,,,,,,,,,,,,,,,,,,,,,,18,19,20,21,22,23,24,25,26,  -   -,Yes,Moderate,W,139966,51,510,e,Ozone_8-hr.2015.Washington,2/28/2026
VIRGINIA,VA,Alexandria city,Carbon Monoxide (1971),,"Washington, DC-MD-VA",FALSE,92,93,94,95,,,,,,,,,,,,,,,,,,,,,,,,,,,,,,,,3/15/1996,,Moderate <= 12.7ppm,W,139966,51,510,C,CO.1990.Washington,2/28/2026
VIRGINIA,VA,Alexandria city,PM-2.5 (1997),,"Washington, DC-MD-VA",FALSE,,,,,,,,,,,,,,05,06,07,08,09,10,11,12,13,,,,,,,,,,,,,,11/5/2014,,Moderate,W,139966,51,510,e,PM-2.5.1997.Washington,2/28/2026
VIRGINIA,VA,Arlington County,1-Hour Ozone (1979),Revoked,"Washington, DC-MD-VA",FALSE,92,93,94,95,96,97,98,99,00,01,02,03,04,,,,,,,,,,,,,,,,,,,,,,,  -   -,Yes,Severe-15,W,207627,51,013,C,Ozone_1-hr.1990.Washington,2/28/2026
VIRGINIA,VA,Arlington County,8-Hour Ozone (1997),Revoked,"Washington, DC-MD-VA",FALSE,,,,,,,,,,,,,04,05,06,07,08,09,10,11,12,13,14,,,,,,,,,,,,,  -   -,Yes,Moderate,W,207627,51,013,e,Ozone_8-hr.1997.Washington,2/28/2026
VIRGINIA,VA,Arlington County,8-Hour Ozone (2008),,"Washington, DC-MD-VA",FALSE,,,,,,,,,,,,,,,,,,,,,12,13,14,15,16,17,18,,,,,,,,,5/15/2019,,Marginal,W,207627,51,013,f,Ozone_8-hr.2008.Washington,2/28/2026
VIRGINIA,VA,Arlington County,8-Hour Ozone (2015),,"Washington, DC-MD-VA",FALSE,,,,,,,,,,,,,,,,,,,,,,,,,,,18,19,20,21,22,23,24,25,26,  -   -,Yes,Moderate,W,207627,51,013,e,Ozone_8-hr.2015.Washington,2/28/2026
VIRGINIA,VA,Arlington County,Carbon Monoxide (1971),,"Washington, DC-MD-VA",FALSE,92,93,94,95,,,,,,,,,,,,,,,,,,,,,,,,,,,,,,,,3/15/1996,,Moderate <= 12.7ppm,W,207627,51,013,C,CO.1990.Washington,2/28/2026
VIRGINIA,VA,Arlington County,PM-2.5 (1997),,"Washington, DC-MD-VA",FALSE,,,,,,,,,,,,,,05,06,07,08,09,10,11,12,13,,,,,,,,,,,,,,11/5/2014,,Moderate,W,207627,51,013,e,PM-2.5.1997.Washington,2/28/2026
VIRGINIA,VA,Charles City County,1-Hour Ozone (1979),Revoked,"Richmond, VA",FALSE,92,93,94,95,96,,,,,,,,,,,,,,,,,,,,,,,,,,,,,,,12/17/1997,,Moderate,P,62,51,036,E,Ozone_1-hr.1990.Richmond,2/28/2026
VIRGINIA,VA,Charles City County,8-Hour Ozone (1997),Revoked,"Richmond-Petersburg, VA",FALSE,,,,,,,,,,,,,04,05,06,,,,,,,,,,,,,,,,,,,,,6/18/2007,,Marginal,W,7256,51,036,f,Ozone_8-hr.1997.Richmond,2/28/2026
VIRGINIA,VA,Chesapeake city,1-Hour Ozone (1979),Revoked,"Norfolk-Virginia Beach-Newport News (Hampton Roads), VA",FALSE,92,93,94,95,96,,,,,,,,,,,,,,,,,,,,,,,,,,,,,,,7/28/1997,,Marginal,W,222209,51,550,G,Ozone_1-hr.1990.Norfolk,2/28/2026
VIRGINIA,VA,Chesapeake city,8-Hour Ozone (1997),Revoked,"Norfolk-Virginia Beach-Newport News (Hampton Roads), VA",FALSE,,,,,,,,,,,,,04,05,06,,,,,,,,,,,,,,,,,,,,,6/1/2007,,Marginal,W,222209,51,550,f,Ozone_8-hr.1997.Norfolk,2/28/2026
VIRGINIA,VA,Chesterfield County,1-Hour Ozone (1979),Revoked,"Richmond, VA",FALSE,92,93,94,95,96,,,,,,,,,,,,,,,,,,,,,,,,,,,,,,,12/17/1997,,Moderate,W,316236,51,041,E,Ozone_1-hr.1990.Richmond,2/28/2026
VIRGINIA,VA,Chesterfield County,8-Hour Ozone (1997),Revoked,"Richmond-Petersburg, VA",FALSE,,,,,,,,,,,,,04,05,06,,,,,,,,,,,,,,,,,,,,,6/18/2007,,Marginal,W,316236,51,041,f,Ozone_8-hr.1997.Richmond,2/28/2026
VIRGINIA,VA,Colonial Heights city,1-Hour Ozone (1979),Revoked,"Richmond, VA",FALSE,92,93,94,95,96,,,,,,,,,,,,,,,,,,,,,,,,,,,,,,,12/17/1997,,Moderate,W,17411,51,570,E,Ozone_1-hr.1990.Richmond,2/28/2026
VIRGINIA,VA,Colonial Heights city,8-Hour Ozone (1997),Revoked,"Richmond-Petersburg, VA",FALSE,,,,,,,,,,,,,04,05,06,,,,,,,,,,,,,,,,,,,,,6/18/2007,,Marginal,W,17411,51,570,f,Ozone_8-hr.1997.Richmond,2/28/2026
VIRGINIA,VA,Fairfax County,1-Hour Ozone (1979),Revoked,"Washington, DC-MD-VA",FALSE,92,93,94,95,96,97,98,99,00,01,02,03,04,,,,,,,,,,,,,,,,,,,,,,,  -   -,Yes,Severe-15,W,1081726,51,059,C,Ozone_1-hr.1990.Washington,2/28/2026
VIRGINIA,VA,Fairfax County,8-Hour Ozone (1997),Revoked,"Washington, DC-MD-VA",FALSE,,,,,,,,,,,,,04,05,06,07,08,09,10,11,12,13,14,,,,,,,,,,,,,  -   -,Yes,Moderate,W,1081726,51,059,e,Ozone_8-hr.1997.Washington,2/28/2026
VIRGINIA,VA,Fairfax County,8-Hour Ozone (2008),,"Washington, DC-MD-VA",FALSE,,,,,,,,,,,,,,,,,,,,,12,13,14,15,16,17,18,,,,,,,,,5/15/2019,,Marginal,W,1081726,51,059,f,Ozone_8-hr.2008.Washington,2/28/2026
VIRGINIA,VA,Fairfax County,8-Hour Ozone (2015),,"Washington, DC-MD-VA",FALSE,,,,,,,,,,,,,,,,,,,,,,,,,,,18,19,20,21,22,23,24,25,26,  -   -,Yes,Moderate,W,1081726,51,059,e,Ozone_8-hr.2015.Washington,2/28/2026
VIRGINIA,VA,Fairfax County,PM-2.5 (1997),,"Washington, DC-MD-VA",FALSE,,,,,,,,,,,,,,05,06,07,08,09,10,11,12,13,,,,,,,,,,,,,,11/5/2014,,Moderate,W,1081726,51,059,e,PM-2.5.1997.Washington,2/28/2026
VIRGINIA,VA,Fairfax city,1-Hour Ozone (1979),Revoked,"Washington, DC-MD-VA",FALSE,92,93,94,95,96,97,98,99,00,01,02,03,04,,,,,,,,,,,,,,,,,,,,,,,  -   -,Yes,Severe-15,W,22565,51,600,C,Ozone_1-hr.1990.Washington,2/28/2026
VIRGINIA,VA,Fairfax city,8-Hour Ozone (1997),Revoked,"Washington, DC-MD-VA",FALSE,,,,,,,,,,,,,04,05,06,07,08,09,10,11,12,13,14,,,,,,,,,,,,,  -   -,Yes,Moderate,W,22565,51,600,e,Ozone_8-hr.1997.Washington,2/28/2026
VIRGINIA,VA,Fairfax city,8-Hour Ozone (2008),,"Washington, DC-MD-VA",FALSE,,,,,,,,,,,,,,,,,,,,,12,13,14,15,16,17,18,,,,,,,,,5/15/2019,,Marginal,W,22565,51,600,f,Ozone_8-hr.2008.Washington,2/28/2026
VIRGINIA,VA,Fairfax city,8-Hour Ozone (2015),,"Washington, DC-MD-VA",FALSE,,,,,,,,,,,,,,,,,,,,,,,,,,,18,19,20,21,22,23,24,25,26,  -   -,Yes,Moderate,W,22565,51,600,e,Ozone_8-hr.2015.Washington,2/28/2026
VIRGINIA,VA,Fairfax city,PM-2.5 (1997),,"Washington, DC-MD-VA",FALSE,,,,,,,,,,,,,,05,06,07,08,09,10,11,12,13,,,,,,,,,,,,,,11/5/2014,,Moderate,W,22565,51,600,e,PM-2.5.1997.Washington,2/28/2026
VIRGINIA,VA,Falls Church city,1-Hour Ozone (1979),Revoked,"Washington, DC-MD-VA",FALSE,92,93,94,95,96,97,98,99,00,01,02,03,04,,,,,,,,,,,,,,,,,,,,,,,  -   -,Yes,Severe-15,W,12332,51,610,C,Ozone_1-hr.1990.Washington,2/28/2026
VIRGINIA,VA,Falls Church city,8-Hour Ozone (1997),Revoked,"Washington, DC-MD-VA",FALSE,,,,,,,,,,,,,04,05,06,07,08,09,10,11,12,13,14,,,,,,,,,,,,,  -   -,Yes,Moderate,W,12332,51,610,e,Ozone_8-hr.1997.Washington,2/28/2026
VIRGINIA,VA,Falls Church city,8-Hour Ozone (2008),,"Washington, DC-MD-VA",FALSE,,,,,,,,,,,,,,,,,,,,,12,13,14,15,16,17,18,,,,,,,,,5/15/2019,,Marginal,W,12332,51,610,f,Ozone_8-hr.2008.Washington,2/28/2026
VIRGINIA,VA,Falls Church city,8-Hour Ozone (2015),,"Washington, DC-MD-VA",FALSE,,,,,,,,,,,,,,,,,,,,,,,,,,,18,19,20,21,22,23,24,25,26,  -   -,Yes,Moderate,W,12332,51,610,e,Ozone_8-hr.2015.Washington,2/28/2026
VIRGINIA,VA,Falls Church city,PM-2.5 (1997),,"Washington, DC-MD-VA",FALSE,,,,,,,,,,,,,,05,06,07,08,09,10,11,12,13,,,,,,,,,,,,,,11/5/2014,,Moderate,W,12332,51,610,e,PM-2.5.1997.Washington,2/28/2026
VIRGINIA,VA,Fredericksburg city,8-Hour Ozone (1997),Revoked,"Fredericksburg, VA",FALSE,,,,,,,,,,,,,04,05,,,,,,,,,,,,,,,,,,,,,,1/23/2006,,Moderate,W,24286,51,630,e,Ozone_8-hr.1997.Fredericksburg,2/28/2026
VIRGINIA,VA,Giles County,Sulfur Dioxide (2010),,"Giles County, VA",FALSE,,,,,,,,,,,,,,,,,,,,,,,,,,,,,,21,22,23,24,25,26,  -   -,Yes,,P,183,51,071,A,SO2.2010.Giles_Co,2/28/2026
VIRGINIA,VA,Gloucester County,8-Hour Ozone (1997),Revoked,"Norfolk-Virginia Beach-Newport News (Hampton Roads), VA",FALSE,,,,,,,,,,,,,04,05,06,,,,,,,,,,,,,,,,,,,,,6/1/2007,,Marginal,W,36858,51,073,f,Ozone_8-hr.1997.Norfolk,2/28/2026
VIRGINIA,VA,Hampton city,1-Hour Ozone (1979),Revoked,"Norfolk-Virginia Beach-Newport News (Hampton Roads), VA",FALSE,92,93,94,95,96,,,,,,,,,,,,,,,,,,,,,,,,,,,,,,,7/28/1997,,Marginal,W,137436,51,650,G,Ozone_1-hr.1990.Norfolk,2/28/2026
VIRGINIA,VA,Hampton city,8-Hour Ozone (1997),Revoked,"Norfolk-Virginia Beach-Newport News (Hampton Roads), VA",FALSE,,,,,,,,,,,,,04,05,06,,,,,,,,,,,,,,,,,,,,,6/1/2007,,Marginal,W,137436,51,650,f,Ozone_8-hr.1997.Norfolk,2/28/2026
VIRGINIA,VA,Hanover County,1-Hour Ozone (1979),Revoked,"Richmond, VA",FALSE,92,93,94,95,96,,,,,,,,,,,,,,,,,,,,,,,,,,,,,,,12/17/1997,,Moderate,W,99863,51,085,E,Ozone_1-hr.1990.Richmond,2/28/2026
VIRGINIA,VA,Hanover County,8-Hour Ozone (1997),Revoked,"Richmond-Petersburg, VA",FALSE,,,,,,,,,,,,,04,05,06,,,,,,,,,,,,,,,,,,,,,6/18/2007,,Marginal,W,99863,51,085,f,Ozone_8-hr.1997.Richmond,2/28/2026
VIRGINIA,VA,Henrico County,1-Hour Ozone (1979),Revoked,"Richmond, VA",FALSE,92,93,94,95,96,,,,,,,,,,,,,,,,,,,,,,,,,,,,,,,12/17/1997,,Moderate,W,306935,51,087,E,Ozone_1-hr.1990.Richmond,2/28/2026
VIRGINIA,VA,Henrico County,8-Hour Ozone (1997),Revoked,"Richmond-Petersburg, VA",FALSE,,,,,,,,,,,,,04,05,06,,,,,,,,,,,,,,,,,,,,,6/18/2007,,Marginal,W,306935,51,087,f,Ozone_8-hr.1997.Richmond,2/28/2026
VIRGINIA,VA,Hopewell city,1-Hour Ozone (1979),Revoked,"Richmond, VA",FALSE,92,93,94,95,96,,,,,,,,,,,,,,,,,,,,,,,,,,,,,,,12/17/1997,,Moderate,W,22591,51,670,E,Ozone_1-hr.1990.Richmond,2/28/2026
VIRGINIA,VA,Hopewell city,8-Hour Ozone (1997),Revoked,"Richmond-Petersburg, VA",FALSE,,,,,,,,,,,,,04,05,06,,,,,,,,,,,,,,,,,,,,,6/18/2007,,Marginal,W,22591,51,670,f,Ozone_8-hr.1997.Richmond,2/28/2026
VIRGINIA,VA,Isle of Wight County,8-Hour Ozone (1997),Revoked,"Norfolk-Virginia Beach-Newport News (Hampton Roads), VA",FALSE,,,,,,,,,,,,,04,05,06,,,,,,,,,,,,,,,,,,,,,6/1/2007,,Marginal,W,35270,51,093,f,Ozone_8-hr.1997.Norfolk,2/28/2026
VIRGINIA,VA,James City County,1-Hour Ozone (1979),Revoked,"Norfolk-Virginia Beach-Newport News (Hampton Roads), VA",FALSE,92,93,94,95,96,,,,,,,,,,,,,,,,,,,,,,,,,,,,,,,7/28/1997,,Marginal,W,67009,51,095,G,Ozone_1-hr.1990.Norfolk,2/28/2026
VIRGINIA,VA,James City County,8-Hour Ozone (1997),Revoked,"Norfolk-Virginia Beach-Newport News (Hampton Roads), VA",FALSE,,,,,,,,,,,,,04,05,06,,,,,,,,,,,,,,,,,,,,,6/1/2007,,Marginal,W,67009,51,095,f,Ozone_8-hr.1997.Norfolk,2/28/2026
VIRGINIA,VA,Loudoun County,1-Hour Ozone (1979),Revoked,"Washington, DC-MD-VA",FALSE,92,93,94,95,96,97,98,99,00,01,02,03,04,,,,,,,,,,,,,,,,,,,,,,,  -   -,Yes,Severe-15,W,312311,51,107,C,Ozone_1-hr.1990.Washington,2/28/2026
VIRGINIA,VA,Loudoun County,8-Hour Ozone (1997),Revoked,"Washington, DC-MD-VA",FALSE,,,,,,,,,,,,,04,05,06,07,08,09,10,11,12,13,14,,,,,,,,,,,,,  -   -,Yes,Moderate,W,312311,51,107,e,Ozone_8-hr.1997.Washington,2/28/2026
VIRGINIA,VA,Loudoun County,8-Hour Ozone (2008),,"Washington, DC-MD-VA",FALSE,,,,,,,,,,,,,,,,,,,,,12,13,14,15,16,17,18,,,,,,,,,5/15/2019,,Marginal,W,312311,51,107,f,Ozone_8-hr.2008.Washington,2/28/2026
VIRGINIA,VA,Loudoun County,8-Hour Ozone (2015),,"Washington, DC-MD-VA",FALSE,,,,,,,,,,,,,,,,,,,,,,,,,,,18,19,20,21,22,23,24,25,26,  -   -,Yes,Moderate,W,312311,51,107,e,Ozone_8-hr.2015.Washington,2/28/2026
VIRGINIA,VA,Loudoun County,PM-2.5 (1997),,"Washington, DC-MD-VA",FALSE,,,,,,,,,,,,,,05,06,07,08,09,10,11,12,13,,,,,,,,,,,,,,11/5/2014,,Moderate,W,312311,51,107,e,PM-2.5.1997.Washington,2/28/2026
VIRGINIA,VA,Madison County,8-Hour Ozone (1997),Revoked,"Madison and Page Counties (Shenandoah NP), VA",FALSE,,,,,,,,,,,,,04,05,,,,,,,,,,,,,,,,,,,,,,2/2/2006,,Former Subpart 1,P,237,51,113,g,Ozone_8-hr.1997.Madison_and_Page_Cos,2/28/2026
VIRGINIA,VA,Manassas Park city,1-Hour Ozone (1979),Revoked,"Washington, DC-MD-VA",FALSE,92,93,94,95,96,97,98,99,00,01,02,03,04,,,,,,,,,,,,,,,,,,,,,,,  -   -,Yes,Severe-15,W,14273,51,685,C,Ozone_1-hr.1990.Washington,2/28/2026
VIRGINIA,VA,Manassas Park city,8-Hour Ozone (1997),Revoked,"Washington, DC-MD-VA",FALSE,,,,,,,,,,,,,04,05,06,07,08,09,10,11,12,13,14,,,,,,,,,,,,,  -   -,Yes,Moderate,W,14273,51,685,e,Ozone_8-hr.1997.Washington,2/28/2026
VIRGINIA,VA,Manassas Park city,8-Hour Ozone (2008),,"Washington, DC-MD-VA",FALSE,,,,,,,,,,,,,,,,,,,,,12,13,14,15,16,17,18,,,,,,,,,5/15/2019,,Marginal,W,14273,51,685,f,Ozone_8-hr.2008.Washington,2/28/2026
VIRGINIA,VA,Manassas Park city,8-Hour Ozone (2015),,"Washington, DC-MD-VA",FALSE,,,,,,,,,,,,,,,,,,,,,,,,,,,18,19,20,21,22,23,24,25,26,  -   -,Yes,Moderate,W,14273,51,685,e,Ozone_8-hr.2015.Washington,2/28/2026
VIRGINIA,VA,Manassas Park city,PM-2.5 (1997),,"Washington, DC-MD-VA",FALSE,,,,,,,,,,,,,,05,06,07,08,09,10,11,12,13,,,,,,,,,,,,,,11/5/2014,,Moderate,W,14273,51,685,e,PM-2.5.1997.Washington,2/28/2026
VIRGINIA,VA,Manassas city,1-Hour Ozone (1979),Revoked,"Washington, DC-MD-VA",FALSE,92,93,94,95,96,97,98,99,00,01,02,03,04,,,,,,,,,,,,,,,,,,,,,,,  -   -,Yes,Severe-15,W,37821,51,683,C,Ozone_1-hr.1990.Washington,2/28/2026
VIRGINIA,VA,Manassas city,8-Hour Ozone (1997),Revoked,"Washington, DC-MD-VA",FALSE,,,,,,,,,,,,,04,05,06,07,08,09,10,11,12,13,14,,,,,,,,,,,,,  -   -,Yes,Moderate,W,37821,51,683,e,Ozone_8-hr.1997.Washington,2/28/2026
VIRGINIA,VA,Manassas city,8-Hour Ozone (2008),,"Washington, DC-MD-VA",FALSE,,,,,,,,,,,,,,,,,,,,,12,13,14,15,16,17,18,,,,,,,,,5/15/2019,,Marginal,W,37821,51,683,f,Ozone_8-hr.2008.Washington,2/28/2026
VIRGINIA,VA,Manassas city,8-Hour Ozone (2015),,"Washington, DC-MD-VA",FALSE,,,,,,,,,,,,,,,,,,,,,,,,,,,18,19,20,21,22,23,24,25,26,  -   -,Yes,Moderate,W,37821,51,683,e,Ozone_8-hr.2015.Washington,2/28/2026
VIRGINIA,VA,Manassas city,PM-2.5 (1997),,"Washington, DC-MD-VA",FALSE,,,,,,,,,,,,,,05,06,07,08,09,10,11,12,13,,,,,,,,,,,,,,11/5/2014,,Moderate,W,37821,51,683,e,PM-2.5.1997.Washington,2/28/2026
VIRGINIA,VA,Newport News city,1-Hour Ozone (1979),Revoked,"Norfolk-Virginia Beach-Newport News (Hampton Roads), VA",FALSE,92,93,94,95,96,,,,,,,,,,,,,,,,,,,,,,,,,,,,,,,7/28/1997,,Marginal,W,180719,51,700,G,Ozone_1-hr.1990.Norfolk,2/28/2026
VIRGINIA,VA,Newport News city,8-Hour Ozone (1997),Revoked,"Norfolk-Virginia Beach-Newport News (Hampton Roads), VA",FALSE,,,,,,,,,,,,,04,05,06,,,,,,,,,,,,,,,,,,,,,6/1/2007,,Marginal,W,180719,51,700,f,Ozone_8-hr.1997.Norfolk,2/28/2026
VIRGINIA,VA,Norfolk city,1-Hour Ozone (1979),Revoked,"Norfolk-Virginia Beach-Newport News (Hampton Roads), VA",FALSE,92,93,94,95,96,,,,,,,,,,,,,,,,,,,,,,,,,,,,,,,7/28/1997,,Marginal,W,242803,51,710,G,Ozone_1-hr.1990.Norfolk,2/28/2026
VIRGINIA,VA,Norfolk city,8-Hour Ozone (1997),Revoked,"Norfolk-Virginia Beach-Newport News (Hampton Roads), VA",FALSE,,,,,,,,,,,,,04,05,06,,,,,,,,,,,,,,,,,,,,,6/1/2007,,Marginal,W,242803,51,710,f,Ozone_8-hr.1997.Norfolk,2/28/2026
VIRGINIA,VA,Page County,8-Hour Ozone (1997),Revoked,"Madison and Page Counties (Shenandoah NP), VA",FALSE,,,,,,,,,,,,,04,05,,,,,,,,,,,,,,,,,,,,,,2/2/2006,,Former Subpart 1,P,1789,51,139,g,Ozone_8-hr.1997.Madison_and_Page_Cos,2/28/2026
VIRGINIA,VA,Petersburg city,8-Hour Ozone (1997),Revoked,"Richmond-Petersburg, VA",FALSE,,,,,,,,,,,,,04,05,06,,,,,,,,,,,,,,,,,,,,,6/18/2007,,Marginal,W,32420,51,730,f,Ozone_8-hr.1997.Richmond,2/28/2026
VIRGINIA,VA,Poquoson city,1-Hour Ozone (1979),Revoked,"Norfolk-Virginia Beach-Newport News (Hampton Roads), VA",FALSE,92,93,94,95,96,,,,,,,,,,,,,,,,,,,,,,,,,,,,,,,7/28/1997,,Marginal,W,12150,51,735,G,Ozone_1-hr.1990.Norfolk,2/28/2026
VIRGINIA,VA,Poquoson city,8-Hour Ozone (1997),Revoked,"Norfolk-Virginia Beach-Newport News (Hampton Roads), VA",FALSE,,,,,,,,,,,,,04,05,06,,,,,,,,,,,,,,,,,,,,,6/1/2007,,Marginal,W,12150,51,735,f,Ozone_8-hr.1997.Norfolk,2/28/2026
VIRGINIA,VA,Portsmouth city,1-Hour Ozone (1979),Revoked,"Norfolk-Virginia Beach-Newport News (Hampton Roads), VA",FALSE,92,93,94,95,96,,,,,,,,,,,,,,,,,,,,,,,,,,,,,,,7/28/1997,,Marginal,W,95535,51,740,G,Ozone_1-hr.1990.Norfolk,2/28/2026
VIRGINIA,VA,Portsmouth city,8-Hour Ozone (1997),Revoked,"Norfolk-Virginia Beach-Newport News (Hampton Roads), VA",FALSE,,,,,,,,,,,,,04,05,06,,,,,,,,,,,,,,,,,,,,,6/1/2007,,Marginal,W,95535,51,740,f,Ozone_8-hr.1997.Norfolk,2/28/2026
VIRGINIA,VA,Prince George County,8-Hour Ozone (1997),Revoked,"Richmond-Petersburg, VA",FALSE,,,,,,,,,,,,,04,05,06,,,,,,,,,,,,,,,,,,,,,6/18/2007,,Marginal,W,35725,51,149,f,Ozone_8-hr.1997.Richmond,2/28/2026
VIRGINIA,VA,Prince William County,1-Hour Ozone (1979),Revoked,"Washington, DC-MD-VA",FALSE,92,93,94,95,96,97,98,99,00,01,02,03,04,,,,,,,,,,,,,,,,,,,,,,,  -   -,Yes,Severe-15,W,402002,51,153,C,Ozone_1-hr.1990.Washington,2/28/2026
VIRGINIA,VA,Prince William County,8-Hour Ozone (1997),Revoked,"Washington, DC-MD-VA",FALSE,,,,,,,,,,,,,04,05,06,07,08,09,10,11,12,13,14,,,,,,,,,,,,,  -   -,Yes,Moderate,W,402002,51,153,e,Ozone_8-hr.1997.Washington,2/28/2026
VIRGINIA,VA,Prince William County,8-Hour Ozone (2008),,"Washington, DC-MD-VA",FALSE,,,,,,,,,,,,,,,,,,,,,12,13,14,15,16,17,18,,,,,,,,,5/15/2019,,Marginal,W,402002,51,153,f,Ozone_8-hr.2008.Washington,2/28/2026
VIRGINIA,VA,Prince William County,8-Hour Ozone (2015),,"Washington, DC-MD-VA",FALSE,,,,,,,,,,,,,,,,,,,,,,,,,,,18,19,20,21,22,23,24,25,26,  -   -,Yes,Moderate,W,402002,51,153,e,Ozone_8-hr.2015.Washington,2/28/2026
VIRGINIA,VA,Prince William County,PM-2.5 (1997),,"Washington, DC-MD-VA",FALSE,,,,,,,,,,,,,,05,06,07,08,09,10,11,12,13,,,,,,,,,,,,,,11/5/2014,,Moderate,W,402002,51,153,e,PM-2.5.1997.Washington,2/28/2026
VIRGINIA,VA,Richmond city,1-Hour Ozone (1979),Revoked,"Richmond, VA",FALSE,92,93,94,95,96,,,,,,,,,,,,,,,,,,,,,,,,,,,,,,,12/17/1997,,Moderate,W,204214,51,760,E,Ozone_1-hr.1990.Richmond,2/28/2026
VIRGINIA,VA,Richmond city,8-Hour Ozone (1997),Revoked,"Richmond-Petersburg, VA",FALSE,,,,,,,,,,,,,04,05,06,,,,,,,,,,,,,,,,,,,,,6/18/2007,,Marginal,W,204214,51,760,f,Ozone_8-hr.1997.Richmond,2/28/2026
VIRGINIA,VA,Smyth County,1-Hour Ozone (1979),Revoked,"Smyth County; White Top Mountain, VA",FALSE,92,93,94,95,96,97,98,99,00,01,02,03,04,,,,,,,,,,,,,,,,,,,,,,,  -   -,Yes,Rural Transport (Marginal),P,0,51,173,H,Ozone_1-hr.1990.White_Top_Mountain,2/28/2026
VIRGINIA,VA,Spotsylvania County,8-Hour Ozone (1997),Revoked,"Fredericksburg, VA",FALSE,,,,,,,,,,,,,04,05,,,,,,,,,,,,,,,,,,,,,,1/23/2006,,Moderate,W,122397,51,177,e,Ozone_8-hr.1997.Fredericksburg,2/28/2026
VIRGINIA,VA,Stafford County,1-Hour Ozone (1979),Revoked,"Washington, DC-MD-VA",FALSE,92,93,94,95,96,97,98,99,00,01,02,03,04,,,,,,,,,,,,,,,,,,,,,,,  -   -,Yes,Severe-15,W,128961,51,179,C,Ozone_1-hr.1990.Washington,2/28/2026
VIRGINIA,VA,Stafford County,8-Hour Ozone (1997),Revoked,"Fredericksburg, VA",FALSE,,,,,,,,,,,,,04,05,,,,,,,,,,,,,,,,,,,,,,1/23/2006,,Moderate,W,128961,51,179,e,Ozone_8-hr.1997.Fredericksburg,2/28/2026
VIRGINIA,VA,Suffolk city,1-Hour Ozone (1979),Revoked,"Norfolk-Virginia Beach-Newport News (Hampton Roads), VA",FALSE,92,93,94,95,96,,,,,,,,,,,,,,,,,,,,,,,,,,,,,,,7/28/1997,,Marginal,W,84585,51,800,G,Ozone_1-hr.1990.Norfolk,2/28/2026
VIRGINIA,VA,Suffolk city,8-Hour Ozone (1997),Revoked,"Norfolk-Virginia Beach-Newport News (Hampton Roads), VA",FALSE,,,,,,,,,,,,,04,05,06,,,,,,,,,,,,,,,,,,,,,6/1/2007,,Marginal,W,84585,51,800,f,Ozone_8-hr.1997.Norfolk,2/28/2026
VIRGINIA,VA,Virginia Beach city,1-Hour Ozone (1979),Revoked,"Norfolk-Virginia Beach-Newport News (Hampton Roads), VA",FALSE,92,93,94,95,96,,,,,,,,,,,,,,,,,,,,,,,,,,,,,,,7/28/1997,,Marginal,W,437994,51,810,G,Ozone_1-hr.1990.Norfolk,2/28/2026
VIRGINIA,VA,Virginia Beach city,8-Hour Ozone (1997),Revoked,"Norfolk-Virginia Beach-Newport News (Hampton Roads), VA",FALSE,,,,,,,,,,,,,04,05,06,,,,,,,,,,,,,,,,,,,,,6/1/2007,,Marginal,W,437994,51,810,f,Ozone_8-hr.1997.Norfolk,2/28/2026
VIRGINIA,VA,Williamsburg city,1-Hour Ozone (1979),Revoked,"Norfolk-Virginia Beach-Newport News (Hampton Roads), VA",FALSE,92,93,94,95,96,,,,,,,,,,,,,,,,,,,,,,,,,,,,,,,7/28/1997,,Marginal,W,14068,51,830,G,Ozone_1-hr.1990.Norfolk,2/28/2026
VIRGINIA,VA,Williamsburg city,8-Hour Ozone (1997),Revoked,"Norfolk-Virginia Beach-Newport News (Hampton Roads), VA",FALSE,,,,,,,,,,,,,04,05,06,,,,,,,,,,,,,,,,,,,,,6/1/2007,,Marginal,W,14068,51,830,f,Ozone_8-hr.1997.Norfolk,2/28/2026
VIRGINIA,VA,York County,1-Hour Ozone (1979),Revoked,"Norfolk-Virginia Beach-Newport News (Hampton Roads), VA",FALSE,92,93,94,95,96,,,,,,,,,,,,,,,,,,,,,,,,,,,,,,,7/28/1997,,Marginal,W,65464,51,199,G,Ozone_1-hr.1990.Norfolk,2/28/2026
VIRGINIA,VA,York County,8-Hour Ozone (1997),Revoked,"Norfolk-Virginia Beach-Newport News (Hampton Roads), VA",FALSE,,,,,,,,,,,,,04,05,06,,,,,,,,,,,,,,,,,,,,,6/1/2007,,Marginal,W,65464,51,199,f,Ozone_8-hr.1997.Norfolk,2/28/2026
WASHINGTON,WA,Clark County,1-Hour Ozone (1979),Revoked,"Portland-Vancouver AQMA, OR-WA",FALSE,92,93,94,95,96,,,,,,,,,,,,,,,,,,,,,,,,,,,,,,,6/18/1997,,Marginal,P,410990,53,011,G,Ozone_1-hr.1990.Portland_OR,2/28/2026
WASHINGTON,WA,Clark County,Carbon Monoxide (1971),,"Vancouver, WA",FALSE,92,93,94,95,,,,,,,,,,,,,,,,,,,,,,,,,,,,,,,,10/21/1996,,Moderate <= 12.7ppm,P,400271,53,011,C,CO.1990.Vancouver,2/28/2026
WASHINGTON,WA,King County,1-Hour Ozone (1979),Revoked,"Seattle-Tacoma, WA",FALSE,92,93,94,95,,,,,,,,,,,,,,,,,,,,,,,,,,,,,,,,11/25/1996,,Marginal,P,1931234,53,033,G,Ozone_1-hr.1990.Seattle,2/28/2026
WASHINGTON,WA,King County,Carbon Monoxide (1971),,"Seattle-Tacoma, WA",FALSE,92,93,94,95,,,,,,,,,,,,,,,,,,,,,,,,,,,,,,,,10/11/1996,,Moderate > 12.7ppm,P,1693693,53,033,B,CO.1990.Seattle,2/28/2026
WASHINGTON,WA,King County,PM-10 (1987),,"King County; Kent, WA",FALSE,92,93,94,95,96,97,98,99,00,,,,,,,,,,,,,,,,,,,,,,,,,,,5/14/2001,,Moderate,P,47315,53,033,B,PM-10.1990.Kent,2/28/2026
WASHINGTON,WA,King County,PM-10 (1987),,"King County; Seattle, WA",FALSE,92,93,94,95,96,97,98,99,00,,,,,,,,,,,,,,,,,,,,,,,,,,,5/14/2001,,Moderate,P,661062,53,033,B,PM-10.1990.Seattle,2/28/2026
WASHINGTON,WA,Pierce County,1-Hour Ozone (1979),Revoked,"Seattle-Tacoma, WA",FALSE,92,93,94,95,,,,,,,,,,,,,,,,,,,,,,,,,,,,,,,,11/25/1996,,Marginal,W,795225,53,053,G,Ozone_1-hr.1990.Seattle,2/28/2026
WASHINGTON,WA,Pierce County,Carbon Monoxide (1971),,"Seattle-Tacoma, WA",FALSE,92,93,94,95,,,,,,,,,,,,,,,,,,,,,,,,,,,,,,,,10/11/1996,,Moderate > 12.7ppm,P,697408,53,053,B,CO.1990.Seattle,2/28/2026
WASHINGTON,WA,Pierce County,PM-10 (1987),,"Pierce County; Tacoma, WA",FALSE,92,93,94,95,96,97,98,99,00,,,,,,,,,,,,,,,,,,,,,,,,,,,5/14/2001,,Moderate,P,238725,53,053,B,PM-10.1990.Tacoma,2/28/2026
WASHINGTON,WA,Pierce County,PM-2.5 (2006),,"Tacoma, WA",FALSE,,,,,,,,,,,,,,,,,,09,10,11,12,13,14,,,,,,,,,,,,,3/12/2015,,Moderate,P,539682,53,053,e,PM-2.5.2006.Tacoma,2/28/2026
WASHINGTON,WA,Snohomish County,1-Hour Ozone (1979),Revoked,"Seattle-Tacoma, WA",FALSE,92,93,94,95,,,,,,,,,,,,,,,,,,,,,,,,,,,,,,,,11/25/1996,,Marginal,P,713351,53,061,G,Ozone_1-hr.1990.Seattle,2/28/2026
WASHINGTON,WA,Snohomish County,Carbon Monoxide (1971),,"Seattle-Tacoma, WA",FALSE,92,93,94,95,,,,,,,,,,,,,,,,,,,,,,,,,,,,,,,,10/11/1996,,Moderate > 12.7ppm,P,625609,53,061,B,CO.1990.Seattle,2/28/2026
WASHINGTON,WA,Spokane County,Carbon Monoxide (1971),,"Spokane, WA",FALSE,92,93,94,95,96,97,98,99,00,01,02,03,04,,,,,,,,,,,,,,,,,,,,,,,8/29/2005,,Serious,P,363834,53,063,A,CO.1990.Spokane,2/28/2026
WASHINGTON,WA,Spokane County,PM-10 (1987),,"Spokane County, WA",FALSE,92,93,94,95,96,97,98,99,00,01,02,03,04,,,,,,,,,,,,,,,,,,,,,,,8/30/2005,,Moderate,P,230807,53,063,B,PM-10.1990.Spokane,2/28/2026
WASHINGTON,WA,Thurston County,PM-10 (1987),,"Thurston County; Cities of Olympia, Tumwater, and Lacey, WA",FALSE,92,93,94,95,96,97,98,99,,,,,,,,,,,,,,,,,,,,,,,,,,,,12/4/2000,,Moderate,P,98562,53,067,B,PM-10.1990.Olympia,2/28/2026
WASHINGTON,WA,Walla Walla County,PM-10 (1987),,"Walla Walla County; Wallula, WA",FALSE,92,93,94,95,96,97,98,99,00,01,02,03,04,,,,,,,,,,,,,,,,,,,,,,,9/26/2005,,Serious,P,426,53,071,A,PM-10.1990.Wallula,2/28/2026
WASHINGTON,WA,Whatcom County,Sulfur Dioxide (2010),,"Whatcom County, WA",FALSE,,,,,,,,,,,,,,,,,,,,,,,,,,,,,,21,22,23,24,,,1/16/2025,,,P,32,53,073,A,SO2.2010.Whatcom_Co,2/28/2026
WASHINGTON,WA,Yakima County,Carbon Monoxide (1971),,"Yakima, WA",FALSE,92,93,94,95,96,97,98,99,00,01,,,,,,,,,,,,,,,,,,,,,,,,,,12/31/2002,,Not Classified,P,69565,53,077,D,CO.1990.Yakima,2/28/2026
WASHINGTON,WA,Yakima County,PM-10 (1987),,"Yakima County, WA",FALSE,92,93,94,95,96,97,98,99,00,01,02,03,04,,,,,,,,,,,,,,,,,,,,,,,3/10/2005,,Moderate,P,69565,53,077,B,PM-10.1990.Yakima,2/28/2026
WEST VIRGINIA,WV,Berkeley County,PM-2.5 (1997),,"Martinsburg-Hagerstown, WV-MD",FALSE,,,,,,,,,,,,,,05,06,07,08,09,10,11,12,13,,,,,,,,,,,,,,12/26/2014,,Moderate,W,104169,54,003,e,PM-2.5.1997.Hagerstown,2/28/2026
WEST VIRGINIA,WV,Brooke County,8-Hour Ozone (1997),Revoked,"Steubenville-Weirton, OH-WV",FALSE,,,,,,,,,,,,,04,05,06,,,,,,,,,,,,,,,,,,,,,6/13/2007,,Former Subpart 1,W,24069,54,009,g,Ozone_8-hr.1997.Weirton,2/28/2026
WEST VIRGINIA,WV,Brooke County,PM-10 (1987),,"Brooke; Follansbee area, WV",FALSE,92,93,94,95,96,97,98,99,00,01,02,,,,,,,,,,,,,,,,,,,,,,,,,10/27/2003,,Moderate,P,2674,54,009,B,PM-10.1990.Follansbee,2/28/2026
WEST VIRGINIA,WV,Brooke County,PM-10 (1987),,"Hancock and Brooke Counties (Part); The city of Weirton, WV",FALSE,,,94,95,96,97,98,99,00,01,02,03,04,05,,,,,,,,,,,,,,,,,,,,,,8/14/2006,,Moderate,P,4621,54,009,B,PM-10.1990.Weirton,2/28/2026
WEST VIRGINIA,WV,Brooke County,PM-2.5 (1997),,"Steubenville-Weirton, OH-WV",FALSE,,,,,,,,,,,,,,05,06,07,08,09,10,11,12,13,,,,,,,,,,,,,,4/17/2014,,Former Subpart 1,W,24069,54,009,g,PM-2.5.1997.Weirton,2/28/2026
WEST VIRGINIA,WV,Brooke County,PM-2.5 (2006),,"Steubenville-Weirton, OH-WV",FALSE,,,,,,,,,,,,,,,,,,09,10,11,12,13,,,,,,,,,,,,,,4/17/2014,,Former Subpart 1,W,24069,54,009,g,PM-2.5.2006.Weirton,2/28/2026
WEST VIRGINIA,WV,Brooke County,Sulfur Dioxide (2010),,"Steubenville, OH-WV",FALSE,,,,,,,,,,,,,,,,,,,,,,13,14,15,16,17,18,19,,,,,,,,8/12/2020,,,P,19413,54,009,A,SO2.2010.Steubenville,2/28/2026
WEST VIRGINIA,WV,Cabell County,1-Hour Ozone (1979),Revoked,"Huntington-Ashland, WV-KY",FALSE,92,93,,,,,,,,,,,,,,,,,,,,,,,,,,,,,,,,,,12/21/1994,,Moderate,W,96319,54,011,E,Ozone_1-hr.1990.Huntington,2/28/2026
WEST VIRGINIA,WV,Cabell County,8-Hour Ozone (1997),Revoked,"Huntington-Ashland, WV-KY",FALSE,,,,,,,,,,,,,04,05,,,,,,,,,,,,,,,,,,,,,,10/16/2006,,Former Subpart 1,W,96319,54,011,g,Ozone_8-hr.1997.Huntington,2/28/2026
WEST VIRGINIA,WV,Cabell County,PM-2.5 (1997),,"Huntington-Ashland, WV-KY-OH",FALSE,,,,,,,,,,,,,,05,06,07,08,09,10,11,,,,,,,,,,,,,,,,12/28/2012,,Former Subpart 1,W,96319,54,011,g,PM-2.5.1997.Huntington,2/28/2026
WEST VIRGINIA,WV,Greenbrier County,1-Hour Ozone (1979),Revoked,"Greenbrier, WV",FALSE,92,93,94,,,,,,,,,,,,,,,,,,,,,,,,,,,,,,,,,9/18/1995,,Marginal,W,35480,54,025,G,Ozone_1-hr.1990.Greenbrier,2/28/2026
WEST VIRGINIA,WV,Hancock County,8-Hour Ozone (1997),Revoked,"Steubenville-Weirton, OH-WV",FALSE,,,,,,,,,,,,,04,05,06,,,,,,,,,,,,,,,,,,,,,6/13/2007,,Former Subpart 1,W,30676,54,029,g,Ozone_8-hr.1997.Weirton,2/28/2026
WEST VIRGINIA,WV,Hancock County,PM-10 (1987),,"Hancock and Brooke Counties (Part); The city of Weirton, WV",FALSE,,,94,95,96,97,98,99,00,01,02,03,04,05,,,,,,,,,,,,,,,,,,,,,,8/14/2006,,Moderate,P,9578,54,029,B,PM-10.1990.Weirton,2/28/2026
WEST VIRGINIA,WV,Hancock County,PM-2.5 (1997),,"Steubenville-Weirton, OH-WV",FALSE,,,,,,,,,,,,,,05,06,07,08,09,10,11,12,13,,,,,,,,,,,,,,4/17/2014,,Former Subpart 1,W,30676,54,029,g,PM-2.5.1997.Weirton,2/28/2026
WEST VIRGINIA,WV,Hancock County,PM-2.5 (2006),,"Steubenville-Weirton, OH-WV",FALSE,,,,,,,,,,,,,,,,,,09,10,11,12,13,,,,,,,,,,,,,,4/17/2014,,Former Subpart 1,W,30676,54,029,g,PM-2.5.2006.Weirton,2/28/2026
WEST VIRGINIA,WV,Hancock County,Sulfur Dioxide (1971),,"Hancock County (part): Weirton, WV",FALSE,92,93,94,95,96,97,98,99,00,01,02,03,04,,,,,,,,,,,,,,,,,,,,,,,3/11/2005,,"Primary, Secondary",P,15801,54,029,B,SO2.1978.Weirton,2/28/2026
WEST VIRGINIA,WV,Hancock County,Sulfur Dioxide (1971),,"New Manchester-Grant magisterial district in Hancock County, WV",FALSE,,,94,95,96,97,98,99,00,01,02,03,04,,,,,,,,,,,,,,,,,,,,,,,8/8/2005,,Primary,P,8706,54,029,A,SO2.1978.New_Manchester,2/28/2026
WEST VIRGINIA,WV,Kanawha County,1-Hour Ozone (1979),Revoked,"Charleston, WV",FALSE,92,93,,,,,,,,,,,,,,,,,,,,,,,,,,,,,,,,,,9/6/1994,,Moderate,W,193063,54,039,E,Ozone_1-hr.1990.Charleston,2/28/2026
WEST VIRGINIA,WV,Kanawha County,8-Hour Ozone (1997),Revoked,"Charleston, WV",FALSE,,,,,,,,,,,,,04,05,,,,,,,,,,,,,,,,,,,,,,8/10/2006,,Former Subpart 1,W,193063,54,039,g,Ozone_8-hr.1997.Charleston,2/28/2026
WEST VIRGINIA,WV,Kanawha County,PM-2.5 (1997),,"Charleston, WV",FALSE,,,,,,,,,,,,,,05,06,07,08,09,10,11,12,13,,,,,,,,,,,,,,4/30/2014,,Former Subpart 1,W,193063,54,039,g,PM-2.5.1997.Charleston,2/28/2026
WEST VIRGINIA,WV,Kanawha County,PM-2.5 (2006),,"Charleston, WV",FALSE,,,,,,,,,,,,,,,,,,09,10,11,12,13,,,,,,,,,,,,,,4/30/2014,,Former Subpart 1,W,193063,54,039,g,PM-2.5.2006.Charleston,2/28/2026
WEST VIRGINIA,WV,Marshall County,8-Hour Ozone (1997),Revoked,"Wheeling, WV-OH",FALSE,,,,,,,,,,,,,04,05,06,,,,,,,,,,,,,,,,,,,,,6/14/2007,,Former Subpart 1,W,33107,54,051,g,Ozone_8-hr.1997.Wheeling,2/28/2026
WEST VIRGINIA,WV,Marshall County,PM-2.5 (1997),,"Wheeling, WV-OH",FALSE,,,,,,,,,,,,,,05,06,07,08,09,10,11,12,,,,,,,,,,,,,,,9/30/2013,,Former Subpart 1,W,33107,54,051,g,PM-2.5.1997.Wheeling,2/28/2026
WEST VIRGINIA,WV,Marshall County,Sulfur Dioxide (2010),,"Marshall, WV",FALSE,,,,,,,,,,,,,,,,,,,,,,13,14,15,16,17,18,19,,,,,,,,11/25/2020,,,P,20365,54,051,A,SO2.2010.Marshall_Co,2/28/2026
WEST VIRGINIA,WV,Mason County,PM-2.5 (1997),,"Huntington-Ashland, WV-KY-OH",FALSE,,,,,,,,,,,,,,05,06,07,08,09,10,11,,,,,,,,,,,,,,,,12/28/2012,,Former Subpart 1,P,2406,54,053,g,PM-2.5.1997.Huntington,2/28/2026
WEST VIRGINIA,WV,Ohio County,8-Hour Ozone (1997),Revoked,"Wheeling, WV-OH",FALSE,,,,,,,,,,,,,04,05,06,,,,,,,,,,,,,,,,,,,,,6/14/2007,,Former Subpart 1,W,44443,54,069,g,Ozone_8-hr.1997.Wheeling,2/28/2026
WEST VIRGINIA,WV,Ohio County,PM-2.5 (1997),,"Wheeling, WV-OH",FALSE,,,,,,,,,,,,,,05,06,07,08,09,10,11,12,,,,,,,,,,,,,,,9/30/2013,,Former Subpart 1,W,44443,54,069,g,PM-2.5.1997.Wheeling,2/28/2026
WEST VIRGINIA,WV,Pleasants County,PM-2.5 (1997),,"Parkersburg-Marietta, WV-OH",FALSE,,,,,,,,,,,,,,05,06,07,08,09,10,11,12,,,,,,,,,,,,,,,9/12/2013,,Former Subpart 1,P,1582,54,073,g,PM-2.5.1997.Parkersburg,2/28/2026
WEST VIRGINIA,WV,Putnam County,1-Hour Ozone (1979),Revoked,"Charleston, WV",FALSE,92,93,,,,,,,,,,,,,,,,,,,,,,,,,,,,,,,,,,9/6/1994,,Moderate,W,55486,54,079,E,Ozone_1-hr.1990.Charleston,2/28/2026
WEST VIRGINIA,WV,Putnam County,8-Hour Ozone (1997),Revoked,"Charleston, WV",FALSE,,,,,,,,,,,,,04,05,,,,,,,,,,,,,,,,,,,,,,8/10/2006,,Former Subpart 1,W,55486,54,079,g,Ozone_8-hr.1997.Charleston,2/28/2026
WEST VIRGINIA,WV,Putnam County,PM-2.5 (1997),,"Charleston, WV",FALSE,,,,,,,,,,,,,,05,06,07,08,09,10,11,12,13,,,,,,,,,,,,,,4/30/2014,,Former Subpart 1,W,55486,54,079,g,PM-2.5.1997.Charleston,2/28/2026
WEST VIRGINIA,WV,Putnam County,PM-2.5 (2006),,"Charleston, WV",FALSE,,,,,,,,,,,,,,,,,,09,10,11,12,13,,,,,,,,,,,,,,4/30/2014,,Former Subpart 1,W,55486,54,079,g,PM-2.5.2006.Charleston,2/28/2026
WEST VIRGINIA,WV,Wayne County,1-Hour Ozone (1979),Revoked,"Huntington-Ashland, WV-KY",FALSE,92,93,,,,,,,,,,,,,,,,,,,,,,,,,,,,,,,,,,12/21/1994,,Moderate,W,42481,54,099,E,Ozone_1-hr.1990.Huntington,2/28/2026
WEST VIRGINIA,WV,Wayne County,8-Hour Ozone (1997),Revoked,"Huntington-Ashland, WV-KY",FALSE,,,,,,,,,,,,,04,05,,,,,,,,,,,,,,,,,,,,,,10/16/2006,,Former Subpart 1,W,42481,54,099,g,Ozone_8-hr.1997.Huntington,2/28/2026
WEST VIRGINIA,WV,Wayne County,PM-2.5 (1997),,"Huntington-Ashland, WV-KY-OH",FALSE,,,,,,,,,,,,,,05,06,07,08,09,10,11,,,,,,,,,,,,,,,,12/28/2012,,Former Subpart 1,W,42481,54,099,g,PM-2.5.1997.Huntington,2/28/2026
WEST VIRGINIA,WV,Wood County,1-Hour Ozone (1979),Revoked,"Parkersburg-Marietta, WV",FALSE,92,93,,,,,,,,,,,,,,,,,,,,,,,,,,,,,,,,,,9/6/1994,,Moderate,W,86956,54,107,E,Ozone_1-hr.1990.Parkersburg,2/28/2026
WEST VIRGINIA,WV,Wood County,8-Hour Ozone (1997),Revoked,"Parkersburg-Marietta, WV-OH",FALSE,,,,,,,,,,,,,04,05,06,,,,,,,,,,,,,,,,,,,,,6/7/2007,,Former Subpart 1,W,86956,54,107,g,Ozone_8-hr.1997.Parkersburg,2/28/2026
WEST VIRGINIA,WV,Wood County,PM-2.5 (1997),,"Parkersburg-Marietta, WV-OH",FALSE,,,,,,,,,,,,,,05,06,07,08,09,10,11,12,,,,,,,,,,,,,,,9/12/2013,,Former Subpart 1,W,86956,54,107,g,PM-2.5.1997.Parkersburg,2/28/2026
WISCONSIN,WI,Brown County,Sulfur Dioxide (1971),,"Brown County: Green Bay, WI",FALSE,,,,,,,,,,,,,,,,,,,,,,,,,,,,,,,,,,,,2/26/1992,,Primary,P,248004,55,009,A,SO2.1978.Green_Bay,2/28/2026
WISCONSIN,WI,Dane County,Sulfur Dioxide (1971),,"Dane County: Madison sub-city area, WI",FALSE,92,,,,,,,,,,,,,,,,,,,,,,,,,,,,,,,,,,,7/23/1993,,Primary,P,488074,55,025,A,SO2.1978.Madison,2/28/2026
WISCONSIN,WI,Door County,1-Hour Ozone (1979),Revoked,"Door County, WI",FALSE,92,93,94,95,96,97,98,99,00,01,02,,,,,,,,,,,,,,,,,,,,,,,,,6/16/2003,,Rural Transport (Marginal),W,27785,55,029,H,Ozone_1-hr.1990.Door_Co,2/28/2026
WISCONSIN,WI,Door County,8-Hour Ozone (1997),Revoked,"Door County, WI",FALSE,,,,,,,,,,,,,04,05,06,07,08,09,,,,,,,,,,,,,,,,,,7/12/2010,,Former Subpart 1,W,27785,55,029,g,Ozone_8-hr.1997.Door_Co,2/28/2026
WISCONSIN,WI,Door County,8-Hour Ozone (2015),,"Door County, WI",FALSE,,,,,,,,,,,,,,,,,,,,,,,,,,,18,19,,,,,,,,6/10/2020,,Marginal (Rural Transport),P,31,55,029,g,Ozone_8-hr.2015.Door_Co,2/28/2026
WISCONSIN,WI,Door County,8-Hour Ozone (2015),,"Door County-Revised, WI",FALSE,,,,,,,,,,,,,,,,,,,,,,,,,,,,,,21,,,,,,4/29/2022,,Marginal (Rural Transport),P,17004,55,029,g,Ozone_8-hr.2015.Door_Co_Revised,2/28/2026
WISCONSIN,WI,Kenosha County,1-Hour Ozone (1979),Revoked,"Milwaukee-Racine, WI",FALSE,92,93,94,95,96,97,98,99,00,01,02,03,04,,,,,,,,,,,,,,,,,,,,,,,  -   -,Yes,Severe-17,W,166426,55,059,B,Ozone_1-hr.1990.Milwaukee,2/28/2026
WISCONSIN,WI,Kenosha County,8-Hour Ozone (1997),Revoked,"Milwaukee-Racine, WI",FALSE,,,,,,,,,,,,,04,05,06,07,08,09,10,11,,,,,,,,,,,,,,,,7/31/2012,,Moderate,W,166426,55,059,e,Ozone_8-hr.1997.Milwaukee,2/28/2026
WISCONSIN,WI,Kenosha County,8-Hour Ozone (2008),,"Chicago-Naperville, IL-IN-WI",FALSE,,,,,,,,,,,,,,,,,,,,,12,13,14,15,16,17,18,19,20,21,,,,,,4/11/2022,,Serious,P,129844,55,059,d,Ozone_8-hr.2008.Chicago,2/28/2026
WISCONSIN,WI,Kenosha County,8-Hour Ozone (2015),,"Chicago, IL-IN-WI",FALSE,,,,,,,,,,,,,,,,,,,,,,,,,,,18,19,20,21,22,23,24,25,26,  -   -,Yes,Serious,P,127547,55,059,d,Ozone_8-hr.2015.Chicago,2/28/2026
WISCONSIN,WI,Kewaunee County,1-Hour Ozone (1979),Revoked,"Kewaunee County, WI",FALSE,92,93,94,95,,,,,,,,,,,,,,,,,,,,,,,,,,,,,,,,8/26/1996,,Moderate,W,20574,55,061,E,Ozone_1-hr.1990.Kewaunee_Co,2/28/2026
WISCONSIN,WI,Kewaunee County,8-Hour Ozone (1997),Revoked,"Kewaunee County, WI",FALSE,,,,,,,,,,,,,04,05,06,07,,,,,,,,,,,,,,,,,,,,5/21/2008,,Former Subpart 1,W,20574,55,061,g,Ozone_8-hr.1997.Kewaunee_Co,2/28/2026
WISCONSIN,WI,Manitowoc County,1-Hour Ozone (1979),Revoked,"Manitowoc County, WI",FALSE,92,93,94,95,96,97,98,99,00,01,02,,,,,,,,,,,,,,,,,,,,,,,,,6/16/2003,,Moderate,W,81442,55,071,E,Ozone_1-hr.1990.Manitowoc_Co,2/28/2026
WISCONSIN,WI,Manitowoc County,8-Hour Ozone (1997),Revoked,"Manitowoc County, WI",FALSE,,,,,,,,,,,,,04,05,06,07,08,09,,,,,,,,,,,,,,,,,,7/12/2010,,Former Subpart 1,W,81442,55,071,g,Ozone_8-hr.1997.Manitowoc_Co,2/28/2026
WISCONSIN,WI,Manitowoc County,8-Hour Ozone (2015),,"Manitowoc County, WI",FALSE,,,,,,,,,,,,,,,,,,,,,,,,,,,18,19,20,21,,,,,,3/31/2022,,Marginal,P,56623,55,071,f,Ozone_8-hr.2015.Manitowoc_Co,2/28/2026
WISCONSIN,WI,Marathon County,Sulfur Dioxide (1971),,"Marathon County: Rothschild Sub-city area, Rib Mountain, Weston, WI",FALSE,92,93,94,95,96,97,98,99,00,01,,,,,,,,,,,,,,,,,,,,,,,,,,7/29/2002,,"Primary, Secondary",P,134064,55,073,B,SO2.1978.Rothschild,2/28/2026
WISCONSIN,WI,Milwaukee County,1-Hour Ozone (1979),Revoked,"Milwaukee-Racine, WI",FALSE,92,93,94,95,96,97,98,99,00,01,02,03,04,,,,,,,,,,,,,,,,,,,,,,,  -   -,Yes,Severe-17,W,947735,55,079,B,Ozone_1-hr.1990.Milwaukee,2/28/2026
WISCONSIN,WI,Milwaukee County,8-Hour Ozone (1997),Revoked,"Milwaukee-Racine, WI",FALSE,,,,,,,,,,,,,04,05,06,07,08,09,10,11,,,,,,,,,,,,,,,,7/31/2012,,Moderate,W,947735,55,079,e,Ozone_8-hr.1997.Milwaukee,2/28/2026
WISCONSIN,WI,Milwaukee County,8-Hour Ozone (2015),,"Milwaukee, WI",FALSE,,,,,,,,,,,,,,,,,,,,,,,,,,,18,19,20,21,22,23,24,25,26,  -   -,Yes,Serious,W,947735,55,079,d,Ozone_8-hr.2015.Milwaukee,2/28/2026
WISCONSIN,WI,Milwaukee County,PM-2.5 (2006),,"Milwaukee-Racine, WI",FALSE,,,,,,,,,,,,,,,,,,09,10,11,12,13,,,,,,,,,,,,,,4/22/2014,,Former Subpart 1,W,947735,55,079,g,PM-2.5.2006.Milwaukee,2/28/2026
WISCONSIN,WI,Milwaukee County,Sulfur Dioxide (1971),,"Milwaukee, WI",FALSE,92,,,,,,,,,,,,,,,,,,,,,,,,,,,,,,,,,,,7/23/1993,,Primary,P,947779,55,079,A,SO2.1978.Milwaukee,2/28/2026
WISCONSIN,WI,Oneida County,Sulfur Dioxide (1971),,"Oneida County: Rhinelander Sub-city area, WI",FALSE,92,93,94,95,96,97,98,99,00,,,,,,,,,,,,,,,,,,,,,,,,,,,1/16/2001,,"Primary, Secondary",P,35996,55,085,B,SO2.1978.Rhinelander,2/28/2026
WISCONSIN,WI,Oneida County,Sulfur Dioxide (2010),,"Rhinelander, WI",FALSE,,,,,,,,,,,,,,,,,,,,,,13,14,15,16,17,18,19,20,21,,,,,,1/12/2022,,,P,18054,55,085,A,SO2.2010.Rhinelander,2/28/2026
WISCONSIN,WI,Ozaukee County,1-Hour Ozone (1979),Revoked,"Milwaukee-Racine, WI",FALSE,92,93,94,95,96,97,98,99,00,01,02,03,04,,,,,,,,,,,,,,,,,,,,,,,  -   -,Yes,Severe-17,W,86395,55,089,B,Ozone_1-hr.1990.Milwaukee,2/28/2026
WISCONSIN,WI,Ozaukee County,8-Hour Ozone (1997),Revoked,"Milwaukee-Racine, WI",FALSE,,,,,,,,,,,,,04,05,06,07,08,09,10,11,,,,,,,,,,,,,,,,7/31/2012,,Moderate,W,86395,55,089,e,Ozone_8-hr.1997.Milwaukee,2/28/2026
WISCONSIN,WI,Ozaukee County,8-Hour Ozone (2015),,"Milwaukee, WI",FALSE,,,,,,,,,,,,,,,,,,,,,,,,,,,18,19,20,21,22,23,24,25,26,  -   -,Yes,Serious,W,86395,55,089,d,Ozone_8-hr.2015.Milwaukee,2/28/2026
WISCONSIN,WI,Racine County,1-Hour Ozone (1979),Revoked,"Milwaukee-Racine, WI",FALSE,92,93,94,95,96,97,98,99,00,01,02,03,04,,,,,,,,,,,,,,,,,,,,,,,  -   -,Yes,Severe-17,W,195408,55,101,B,Ozone_1-hr.1990.Milwaukee,2/28/2026
WISCONSIN,WI,Racine County,8-Hour Ozone (1997),Revoked,"Milwaukee-Racine, WI",FALSE,,,,,,,,,,,,,04,05,06,07,08,09,10,11,,,,,,,,,,,,,,,,7/31/2012,,Moderate,W,195408,55,101,e,Ozone_8-hr.1997.Milwaukee,2/28/2026
WISCONSIN,WI,Racine County,8-Hour Ozone (2015),,"Milwaukee, WI",FALSE,,,,,,,,,,,,,,,,,,,,,,,,,,,18,19,20,21,22,23,24,25,26,  -   -,Yes,Serious,P,152786,55,101,d,Ozone_8-hr.2015.Milwaukee,2/28/2026
WISCONSIN,WI,Racine County,PM-2.5 (2006),,"Milwaukee-Racine, WI",FALSE,,,,,,,,,,,,,,,,,,09,10,11,12,13,,,,,,,,,,,,,,4/22/2014,,Former Subpart 1,W,195408,55,101,g,PM-2.5.2006.Milwaukee,2/28/2026
WISCONSIN,WI,Sheboygan County,1-Hour Ozone (1979),Revoked,"Sheboygan, WI",FALSE,92,93,94,95,,,,,,,,,,,,,,,,,,,,,,,,,,,,,,,,8/26/1996,,Moderate,W,115507,55,117,E,Ozone_1-hr.1990.Sheboygan,2/28/2026
WISCONSIN,WI,Sheboygan County,8-Hour Ozone (1997),Revoked,"Inland Sheboygan County, WI",FALSE,,,,,,,,,,,,,04,05,06,07,08,09,10,11,12,13,14,,,,,,,,,,,,,  -   -,Yes,Moderate,P,53851,55,117,e,Ozone_8-hr.1997.Sheboygan_Inland,2/28/2026
WISCONSIN,WI,Sheboygan County,8-Hour Ozone (1997),Revoked,"Shoreline Sheboygan County, WI",FALSE,,,,,,,,,,,,,04,05,06,07,08,09,10,11,12,13,14,,,,,,,,,,,,,  -   -,Yes,Moderate,P,61656,55,117,e,Ozone_8-hr.1997.Sheboygan_Shoreline,2/28/2026
WISCONSIN,WI,Sheboygan County,8-Hour Ozone (2008),,"Inland Sheboygan County, WI",FALSE,,,,,,,,,,,,,,,,,,,,,,,,,,,,19,,,,,,,,7/10/2020,,Moderate,P,53851,55,117,e,Ozone_8-hr.2008.Sheboygan_Inland,2/28/2026
WISCONSIN,WI,Sheboygan County,8-Hour Ozone (2008),,"Shoreline Sheboygan County, WI",FALSE,,,,,,,,,,,,,,,,,,,,,,,,,,,,19,,,,,,,,7/10/2020,,Moderate,P,61656,55,117,e,Ozone_8-hr.2008.Sheboygan_Shoreline,2/28/2026
WISCONSIN,WI,Sheboygan County,8-Hour Ozone (2015),,"Sheboygan County, WI",FALSE,,,,,,,,,,,,,,,,,,,,,,,,,,,18,19,20,21,22,23,24,25,26,  -   -,Yes,Serious,P,67710,55,117,d,Ozone_8-hr.2015.Sheboygan,2/28/2026
WISCONSIN,WI,Walworth County,1-Hour Ozone (1979),Revoked,"Walworth County, WI",FALSE,92,93,94,95,,,,,,,,,,,,,,,,,,,,,,,,,,,,,,,,8/26/1996,,Marginal,W,102228,55,127,G,Ozone_1-hr.1990.Walworth,2/28/2026
WISCONSIN,WI,Washington County,1-Hour Ozone (1979),Revoked,"Milwaukee-Racine, WI",FALSE,92,93,94,95,96,97,98,99,00,01,02,03,04,,,,,,,,,,,,,,,,,,,,,,,  -   -,Yes,Severe-17,W,131887,55,131,B,Ozone_1-hr.1990.Milwaukee,2/28/2026
WISCONSIN,WI,Washington County,8-Hour Ozone (1997),Revoked,"Milwaukee-Racine, WI",FALSE,,,,,,,,,,,,,04,05,06,07,08,09,10,11,,,,,,,,,,,,,,,,7/31/2012,,Moderate,W,131887,55,131,e,Ozone_8-hr.1997.Milwaukee,2/28/2026
WISCONSIN,WI,Washington County,8-Hour Ozone (2015),,"Milwaukee, WI",FALSE,,,,,,,,,,,,,,,,,,,,,,,,,,,18,19,20,21,22,23,24,25,26,  -   -,Yes,Serious,P,77434,55,131,d,Ozone_8-hr.2015.Milwaukee,2/28/2026
WISCONSIN,WI,Waukesha County,1-Hour Ozone (1979),Revoked,"Milwaukee-Racine, WI",FALSE,92,93,94,95,96,97,98,99,00,01,02,03,04,,,,,,,,,,,,,,,,,,,,,,,  -   -,Yes,Severe-17,W,389891,55,133,B,Ozone_1-hr.1990.Milwaukee,2/28/2026
WISCONSIN,WI,Waukesha County,8-Hour Ozone (1997),Revoked,"Milwaukee-Racine, WI",FALSE,,,,,,,,,,,,,04,05,06,07,08,09,10,11,,,,,,,,,,,,,,,,7/31/2012,,Moderate,W,389891,55,133,e,Ozone_8-hr.1997.Milwaukee,2/28/2026
WISCONSIN,WI,Waukesha County,8-Hour Ozone (2015),,"Milwaukee, WI",FALSE,,,,,,,,,,,,,,,,,,,,,,,,,,,18,19,20,21,22,23,24,25,26,  -   -,Yes,Serious,P,383334,55,133,d,Ozone_8-hr.2015.Milwaukee,2/28/2026
WISCONSIN,WI,Waukesha County,PM-2.5 (2006),,"Milwaukee-Racine, WI",FALSE,,,,,,,,,,,,,,,,,,09,10,11,12,13,,,,,,,,,,,,,,4/22/2014,,Former Subpart 1,W,389891,55,133,g,PM-2.5.2006.Milwaukee,2/28/2026
WYOMING,WY,Lincoln County,8-Hour Ozone (2008),,"Upper Green River Basin Area, WY",FALSE,,,,,,,,,,,,,,,,,,,,,12,13,14,15,16,17,18,19,20,21,22,23,24,25,26,  -   -,Yes,Marginal,P,799,56,023,f,Ozone_8-hr.2008.Green_River,2/28/2026
WYOMING,WY,Sheridan County,PM-10 (1987),,"Sheridan County; City of Sheridan, WY",FALSE,92,93,94,95,96,97,98,99,00,01,02,03,04,05,06,07,08,09,10,11,12,13,14,15,16,17,,,,,,,,,,5/4/2018,,Moderate,P,17300,56,033,B,PM-10.1990.Sheridan,2/28/2026
WYOMING,WY,Sublette County,8-Hour Ozone (2008),,"Upper Green River Basin Area, WY",FALSE,,,,,,,,,,,,,,,,,,,,,12,13,14,15,16,17,18,19,20,21,22,23,24,25,26,  -   -,Yes,Marginal,W,10247,56,035,f,Ozone_8-hr.2008.Green_River,2/28/2026
WYOMING,WY,Sweetwater County,8-Hour Ozone (2008),,"Upper Green River Basin Area, WY",FALSE,,,,,,,,,,,,,,,,,,,,,12,13,14,15,16,17,18,19,20,21,22,23,24,25,26,  -   -,Yes,Marginal,P,452,56,037,f,Ozone_8-hr.2008.Green_River,2/28/2026
